time,target_left,curr_left,target_right,curr_right
9.053529977798462,-0.1992959976196289,-1.6065310133249977e-93,0.1992959976196289,2.9533328605328194e-84
9.103797197341919,-0.40036487579345703,-9.639186079949986e-94,0.40036487579345703,1.7719997163196916e-84
9.153865098953247,-0.6006364822387695,-0.05543987154960633,0.6006364822387695,0.03167992532253266
9.203782558441162,-0.8003063201904297,-0.49133861743927,0.8003063201904297,0.4897769392681122
9.253698587417603,-0.9999704360961914,-0.6110346401340485,0.9999704360961914,0.6638462126667023
9.303727626800537,-0.9279511137460774,-0.6172387522914429,0.9279511137460774,0.7117124860435029
9.353813648223877,-0.8556970612080533,-0.5435034780785473,0.8556970612080533,0.7614931940418231
9.403567790985107,-0.6566804901631315,-0.3992072707087409,1.0547136322529753,0.7479138331192164
9.453543424606323,-0.4567779556782682,-0.1704973725462806,1.2546161667378386,0.6171067271451876
9.503669261932373,-0.25627460637406896,-0.061379054116661017,1.4551195160420378,0.662451783912923
9.553557634353638,-0.056721116689010365,-0.03682743246999661,1.6546730057270964,0.7360502601251281
9.603567838668823,0.14331970057173182,-0.007954725413519267,1.8547138229878386,1.0023822505122841
9.653749227523804,0.3440452559916537,0.03154570402858298,2.0554393784077605,1.1964372212162442
9.703640460968018,0.5436101897685092,0.280721926243869,2.255004312184616,1.333905213396698
9.753731727600098,0.7439752562968295,0.5620028031653527,2.4553693787129363,1.4020917487100182
9.803781986236572,0.9441762908427279,0.8028794426722419,2.6555704132588347,1.5425151087744982
9.853788137435913,1.144200895640091,0.905842679679578,2.855595018056198,1.6157354532422992
9.903814315795898,1.3443056090800325,0.905842679679578,3.0556997314961394,1.6157354532422992
9.95366644859314,1.5437141402689973,1.233632676360982,3.2551082626851042,2.2185694106322176
10.003813743591309,1.7443033202616731,1.233632676360982,3.45569744267778,2.2185694106322176
10.053602457046509,1.943458174082474,1.3727843250230092,3.654852296498581,2.621798624350235
10.103727102279663,2.143956755015091,1.6521054624761493,3.855350877431198,2.8431448237367265
10.153580904006958,2.3433719619242708,1.962691392394734,4.054766084340377,2.8747601162052554
10.203725814819336,2.5439516051737825,2.2241062376115917,4.255345727589889,3.0102947110172416
10.253535509109497,2.743190382334427,2.4916449768040843,4.4545845047505335,3.5058879985526246
10.303616762161255,2.9435153945414583,2.590198196745906,4.654909516957565,3.7363046789448875
10.353682041168213,3.1437765105692903,2.6986512462295273,4.855170632985397,3.7555280489068537
10.403789758682251,3.3442073806254426,2.6986512462295273,5.055601503041549,3.7555280489068537
10.453840732574463,3.5444112761942903,3.0404545866965647,5.255805398610397,3.93825872149723
10.503668785095215,3.743723486277298,3.2873996401588306,5.455117608693405,4.1681065508508475
10.553650617599487,3.943650816294388,3.4063386644635267,5.655044938710494,4.367551611022369
10.603740453720093,4.14401016077681,3.573764457430136,5.855404283192916,4.590263564404088
10.653595685958862,4.343431089731888,3.7109590684683615,6.054825212147994,4.7168583495890175
10.703701257705688,4.543853376719193,3.8226129644624534,6.255247499135299,4.824464479332271
10.753730297088623,4.743969534250931,4.033903747803407,6.455363656667037,5.067646827427781
10.803746700286865,4.9440351470439,4.2492477190517555,6.655429269460006,5.342012636468972
10.853864431381226,5.1445060714213415,4.220664792777489,6.8559001938374475,5.319842667940954
10.90367317199707,5.34374103388472,4.666091168618571,7.055135156300826,5.488606598626232
10.953821659088135,5.544334982248978,4.939946572075977,7.255729104665084,5.470490450853344
11.003469705581665,5.742927168223099,5.019930864353567,7.454321290639205,5.450931708258346
11.053602457046509,5.542396162363724,5.13083126961455,7.25379028477983,5.618919010248883
11.103895902633667,5.3412223800150915,5.13083126961455,7.0526165024311975,5.618919010248883
11.153815746307373,5.141543005320267,5.13083126961455,6.852937127736373,5.618919010248883
11.203864097595215,4.9413496001689,5.32776449953667,6.652743722585006,5.646499632876352
11.253533124923706,4.742673490854935,5.038177453402606,6.454067613271041,5.697096195023802
11.303746700286865,4.541819189402299,4.805912958237146,6.253213311818405,5.76859403832014
11.353747367858887,4.341816519114213,4.805912958237146,6.053210641530319,5.76859403832014
11.403663396835327,4.541480635019974,4.102134774969199,6.25287475743608,5.540347879407307
11.453831911087036,4.74215469202681,3.6728072705910844,6.453548814442916,5.324843096236289
11.503655195236206,0.0,3.8279940988717467,0.0,5.522964635550955
11.553550481796265,0.0,3.79463639877193,0.0,5.122651652953618
11.603803157806396,0.0,3.79463639877193,0.0,5.122651652953618
11.653820037841797,0.0,3.79463639877193,0.0,5.122651652953618
11.703860998153687,0.0,-1.0925678152211484,0.0,-1.25427365040013
11.753605842590332,0.19897937774658203,-1.674262671650695,0.19897937774658203,-1.9140423383780556
11.803845167160034,0.3999366760253906,-1.6781520539410395,0.3999366760253906,-1.9134956506769798
11.853818893432617,0.5998315811157227,-1.6781520539410395,0.5998315811157227,-1.9134956506769798
11.903528928756714,0.7986717224121094,0.9100788863441533,0.7986717224121094,0.9171752748758304
11.953733921051025,0.9994916915893555,1.3355252468088097,0.9994916915893555,1.304412844820167
12.003518342971802,1.198629379272461,1.677722685602878,1.198629379272461,1.5722085816237952
12.053614139556885,1.399012565612793,1.4132645248416331,1.399012565612793,1.4199757116761313
12.103773355484009,1.599649429321289,1.1945238203660224,1.599649429321289,1.3133635355613174
12.153811931610107,1.7998037338256836,1.1636943563528863,1.7998037338256836,1.2279639017670705
12.203607082366943,1.9989843368530273,1.2789756157454777,1.9989843368530273,1.3752573169441322
12.253846883773804,2.1999435424804688,1.4475020110055303,2.1999435424804688,1.5711082352580297
12.303691148757935,2.399320602416992,1.708366873482865,2.399320602416992,1.8053197717683913
12.353712320327759,2.599405288696289,2.002949229223729,2.599405288696289,2.0628002401358154
12.403856992721558,2.7999839782714844,2.203316733125401,2.7999839782714844,2.20567234216331
12.453810453414917,2.999797821044922,2.4192382114709208,2.999797821044922,2.4165222735102123
12.503537654876709,3.19870662689209,2.712272685428207,3.19870662689209,2.683033548398152
12.553664684295654,3.399214744567871,2.8112798649047894,3.399214744567871,2.7678858289492134
12.603655099868774,3.5991764068603516,2.928727974342409,3.5991764068603516,2.9746444076075083
12.6537344455719,3.7994937896728516,3.1140193855215683,3.7994937896728516,3.219184164396784
12.70355486869812,3.9987754821777344,3.3782133313156275,3.9987754821777344,3.5784047460014046
12.75366997718811,4.199235916137695,3.4446330089141286,4.199235916137695,3.6249645524783523
12.80353045463562,4.398677825927734,3.5051825816191204,4.398677825927734,3.6158398618780465
12.853626728057861,4.1982927322387695,3.673500174573313,4.1982927322387695,3.7858045898848616
12.903818368911743,4.399059295654297,3.9020049694626033,4.399059295654297,3.9968139268031306
12.953603506088257,4.598199844360352,4.0205039375091465,4.598199844360352,3.9466740461197736
13.003544092178345,4.797962188720703,4.097803399314817,4.797962188720703,3.9749967827322688
13.053814172744751,4.999042510986328,4.151798016554237,4.999042510986328,4.082639791032884
13.10371994972229,5.198665618896484,4.129327015117479,5.198665618896484,4.146044026292094
13.15383005142212,5.399106025695801,4.129327015117479,5.399106025695801,4.146044026292094
13.20374345779419,5.598759651184082,4.303249605765661,5.598759651184082,4.462927172528428
13.253697395324707,5.798575401306152,4.639822152234573,5.798575401306152,4.505160442571659
13.303529500961304,5.599246978759766,5.123448964185647,5.599246978759766,4.673654072862324
13.353641510009766,5.398798942565918,5.265081695161031,5.398798942565918,4.8639240622692546
13.403739929199219,5.1984052658081055,5.1469779103190065,5.1984052658081055,4.956823247438904
13.45369839668274,0.0,5.076245539993895,0.0,5.026748220121707
13.50371265411377,0.0,4.620693948368139,0.0,4.599178824423258
13.553799390792847,0.0,2.310800321042504,0.0,2.278430945968093
13.603559732437134,0.19904136657714844,-0.6503943556723668,-0.19904136657714844,-0.7303820179543697
13.653619766235352,0.0,-1.0241601450745228,0.0,-1.131957497357433
13.703534603118896,0.0,-0.2609249734939562,0.0,-0.7575678859326023
13.753702163696289,0.0,0.2033762329556432,0.0,-0.11880131962917242
13.803535223007202,0.0,0.27378298090372316,0.0,0.32361010131187484
13.853487253189087,0.0,0.10925384713938414,0.0,0.2507433305690786
13.953727722167969,0.0,-0.025770204261881067,0.0,-0.06370942480661654
15.403720617294312,0.1994609832763672,3.6315694099389225e-15,0.1994609832763672,-1.9742729339199787e-15
15.503745079040527,0.0,0.17571559101343204,0.0,0.14947165668010687
15.55357551574707,0.0,0.23124042111635226,0.0,0.15526476314365856
15.60370922088623,0.0,0.05892919063496593,0.0,0.016149228434872605
15.653746843338013,0.0,0.05892919063496593,0.0,0.016149228434872605
26.903825759887695,-0.1984233856201172,1.69494196654569e-54,0.1984233856201172,-4.856208784298568e-62
26.9538676738739,-0.3985910415649414,-0.04751989245414734,0.3985910415649414,0.03959990888834
27.003586292266846,-0.5974655151367188,-0.2788797688484192,0.5974655151367188,0.24565716391801834
27.053547143936157,-0.7973089218139648,-0.5516290452003478,0.7973089218139648,0.4051669709897041
27.10379958152771,-0.9983186721801758,-0.5516290452003478,0.9983186721801758,0.4051669709897041
27.15385127067566,-0.9814125714223019,-0.7419430516337586,0.9814125714223019,0.54771646927425
27.203577756881714,-0.9642475402531876,-0.8224493668546131,0.9642475402531876,0.5680825049008509
27.253714561462402,-0.9045130688915654,-0.8016142179752535,0.9045130688915654,0.5372281295415967
27.30379867553711,-0.9045130688915654,-0.7489042257136755,0.9045130688915654,0.5241818817504839
27.3538658618927,-0.8412234832831315,-0.7174804809641834,0.8412234832831315,0.5154047295587753
27.403542041778564,-0.8412234832831315,-0.6778846684135627,0.8412234832831315,0.504026524463266
27.453603267669678,-0.6409785797186783,-0.5411457921160804,1.0414683868475847,0.4437809368034493
27.503803730010986,-0.44017673035344396,-0.5411457921160804,1.242270236212819,0.4437809368034493
27.553616762161255,-0.24092460175236974,-0.3692068390548352,1.4415223648138933,0.49946481763082873
27.6036536693573,-0.04077697296819005,-0.19091671131253507,1.641669993598073,0.6432339838764245
27.653542041778564,0.15877651671686854,-0.06873001607251261,1.8412234832831316,0.8528867647035542
27.703714847564697,0.3594677398613998,-0.041238009643507566,2.041914706427663,0.9476041606058849
27.753705501556396,0.5594303558281967,0.18854117197018688,2.2418773223944597,1.315973010298995
27.803817987442017,0.7598802993706771,0.18854117197018688,2.44232726593694,1.315973010298995
27.85355234146118,0.9588177154473373,0.8379450250940318,2.6412646820136003,1.668521463008926
27.903542041778564,1.1587765167168684,1.1576249000632552,2.8412234832831316,1.9143754513785802
27.953732013702393,1.359536404412181,1.2354910825683043,3.041983370978444,2.133131814183911
28.00389528274536,1.560189480584056,1.2765814562437545,3.242636447150319,2.198895947521491
28.05354881286621,1.7588036010674544,1.3566383349823097,3.4412505676337175,2.2200043116994728
28.10361123085022,1.9590532730034895,1.6488713847430807,3.6415002395697527,2.58778844841693
28.153643369674683,2.159181828301341,1.8825707731306167,3.8416287948676042,2.9131832977594403
28.203843355178833,2.3599817703179427,2.0205033504125933,4.042428736884206,3.079869959132485
28.253725051879883,2.559508557122142,2.0854800154660618,4.2419555236884054,3.1618469556430653
28.303683757781982,2.7593433807305403,2.237078936704231,4.441790347296804,3.327655041888719
28.35378885269165,2.959763760369212,2.40866947357949,4.642210726935476,3.416659514191877
28.403784036636353,3.1597444961480208,2.5794211012784114,4.842191462714284,3.31612060549848
28.45369791984558,3.359400028984935,2.907346156225136,5.041846995551198,3.682521135031446
28.50382423400879,3.559905285637767,3.0364883757777923,5.2423522522040304,4.140744534880852
28.553953886032104,3.7604238937310286,3.1143503290586914,5.442870860297292,4.579839194208718
28.603655099868774,3.9592287490777083,3.167636432932756,5.641675715643972,4.753200721729113
28.653708457946777,4.1594421813897196,3.196772350795367,5.841889147955984,4.61342954825937
28.703840970993042,4.359972233574778,3.2272506477572795,6.042419200141042,4.634133501737997
28.753763437271118,4.559662098687083,3.4810447665025572,6.242109065253347,4.913830472429879
28.804217100143433,4.761476750176341,4.083952756280251,6.443923716742605,5.397672389521661
28.853593349456787,4.958981747429759,4.401606144268946,6.641428713996023,5.622983551469253
28.903857469558716,5.1600382278374735,4.401606144268946,6.8424851944037375,5.622983551469253
28.953821182250977,5.359893078606516,4.599542551744032,7.0423400451727804,5.67206090032608
29.003910064697266,5.560248608391673,4.654988322320478,7.242695574957937,5.543077807448688
29.05352473258972,5.758707279961497,5.004932017873909,7.441154246527761,5.600317211804424
29.10359501838684,5.9589884231499735,5.0034281105105345,7.6414353897162375,5.466161593863118
29.153814792633057,6.159867520134837,5.0034281105105345,7.842314486701101,5.466161593863118
29.203800201416016,6.359809155266673,5.279530907267673,8.042256121832937,5.8126714685290155
29.253894090652466,6.5601847122124735,5.686669745000579,8.242631678778737,6.006770897218136
29.30364489555359,6.759187931816966,5.768296365005629,8.44163489838323,5.910748870959955
29.35370659828186,0.0,5.8483830895648685,0.0,5.878709551736502
29.403648614883423,0.19976806640625,5.993970425365912,-0.19976806640625,5.7537453545492125
29.45381450653076,0.40043163299560547,4.570231334485489,-0.40043163299560547,3.886151207924887
29.50360417366028,0.5995903015136719,0.5043592320695136,-0.5995903015136719,-0.40402700964286253
29.55371356010437,0.8000278472900391,-0.5188210582680245,-0.8000278472900391,-1.6219983045947828
29.603817462921143,1.000443458557129,-0.12582615825939436,-0.5996122360229492,-1.3380393699893574
29.653611421585083,1.1996192932128906,0.9062441958616556,-0.4004364013671875,-0.7938519859041047
29.703742504119873,0.9990949630737305,1.1737450822371471,-0.5139850369211515,-0.6980706837013526
29.753981590270996,0.7981386184692383,1.369525484095706,-0.5139850369211515,-0.6101099661728837
29.803887605667114,0.9977626800537109,1.2657893511451779,-0.31436097533667884,-0.6033499977723834
29.85380506515503,1.197432518005371,0.8997575359152853,-0.11469113738501868,-0.6541148355628041
29.903594970703125,1.396592140197754,0.684288258908901,0.08446848480736413,-0.43371564794594025
29.95370864868164,1.5970468521118164,0.9085982545228172,0.28492319672142663,-0.2014975284898781
30.003924131393433,1.7979087829589844,1.1192695225719702,0.4857851275685946,0.1709651236999809
30.053540229797363,1.996373176574707,1.2907637780404015,0.6842495211843173,0.5964751819787479
30.10355830192566,2.1964454650878906,1.4186367592392894,0.8843218096975008,0.7160659210688374
30.153749227523804,2.3972091674804688,1.5466956329767179,1.085085512090079,0.7442378035833777
30.203866481781006,2.5976781845092773,1.6937237846526245,1.2855545291188877,0.8447378718251112
30.25369358062744,2.7969865798950195,1.9219004183031432,1.4848629245046299,1.1945938191188505
30.30355739593506,2.9964418411254883,2.030757036293172,1.6843181857350986,1.401360327769749
30.35380268096924,3.197422981262207,2.0916322269944088,1.8852993258718174,1.456198772650619
30.40359854698181,3.3966064453125,2.352535559354071,2.0844827899221103,1.6148138554728737
30.45374369621277,3.597187042236328,2.5465713096682467,2.2850633868459385,1.8005836860598343
30.503806591033936,3.797438621520996,2.5465713096682467,2.4853149661306064,1.8005836860598343
30.553757190704346,3.9972410202026367,3.0029797400148652,2.685117364812247,2.1400279227824464
30.60381245613098,4.19746208190918,3.3161707727353074,2.88533842651879,2.357099228761129
30.653698205947876,4.397005081176758,3.555882755456359,3.084881425786368,2.6772457743395277
30.703694343566895,4.596989631652832,3.6830401647822826,3.2848659762624424,2.8448314661279523
30.75383234024048,4.797541618347168,3.8631925664688387,3.4854179629567783,2.975622825425692
30.803738832473755,4.997167587280273,3.972127554977366,3.6850439318898838,3.10863949272698
30.853790760040283,5.197375297546387,4.037580293952619,3.885251642155997,3.213351388264891
30.903504848480225,5.396231651306152,4.21164901883251,4.084107995915763,3.348378661522931
30.953734636306763,5.597150802612305,4.4332951444298505,4.285027147221915,3.4767637359796755
31.00377058982849,5.797294616699219,4.6662889863697465,4.485170961308829,3.663589118994431
31.05379605293274,5.997396469116211,4.6662889863697465,4.685272813725821,3.663589118994431
31.103835582733154,6.197554588317871,5.051148256566119,4.885430932927481,3.8978018424914938
31.15382957458496,6.397530555725098,5.225476432994698,5.085406900334708,4.182731783290052
31.203529596328735,6.596330642700195,5.4035921726799305,5.284206987309806,4.566540675237038
31.253678560256958,0.0,5.616798614293682,0.0,4.7582894171026675
31.303863048553467,0.0,5.616798614293682,0.0,4.7582894171026675
31.353678464889526,0.0,2.720170997049424,0.0,2.2534892253294836
31.403646230697632,0.0,-0.9588403634501909,0.0,-0.5230189599277086
31.453668355941772,0.2000885009765625,-1.396020109615567,0.2000885009765625,-0.5987938787108007
31.50370216369629,0.4002237319946289,-0.6740520603043471,0.4002237319946289,-0.1122616895937446
31.55353617668152,0.5995597839355469,0.4711178769844921,0.5995597839355469,0.4910096346852023
31.60376763343811,0.8004856109619141,0.7558790861431891,0.8004856109619141,0.6757223040884794
31.653712272644043,1.0002641677856445,0.748046453673749,1.0002641677856445,0.77228436342571
31.704338788986206,1.2027702331542969,0.8370863160654696,1.2027702331542969,0.8813787584484595
31.75389075279236,1.4009780883789062,1.026504596275024,1.4009780883789062,1.040786657988345
31.80388832092285,1.600968360900879,1.2315064669377562,1.600968360900879,1.2098222712013658
31.853700876235962,1.8002185821533203,1.3704977903522075,1.8002185821533203,1.3834294205999418
31.903775930404663,2.000518798828125,1.3704977903522075,2.000518798828125,1.3834294205999418
31.95362114906311,2.199899673461914,1.5399356998402784,2.199899673461914,1.5310242062590569
32.00405168533325,2.4016218185424805,1.777187587645015,2.4016218185424805,1.7151167637985485
32.05377507209778,2.600515365600586,2.0587780460461915,2.600515365600586,2.173174856715044
32.10366201400757,2.800063133239746,2.213088683536468,2.800063133239746,2.476883906821957
32.1537299156189,3.0003347396850586,2.213088683536468,3.0003347396850586,2.476883906821957
32.203937292099,3.2011642456054688,2.4312277802027324,3.2011642456054688,2.5535422574277633
32.25351929664612,3.3994922637939453,2.7032924039692245,3.3994922637939453,2.7493124878338895
32.30367684364319,3.6001224517822266,2.8541809109519924,3.6001224517822266,2.980241844985435
32.3538761138916,3.800919532775879,2.8541809109519924,3.800919532775879,2.980241844985435
32.4038200378418,4.00069522857666,3.18808642819744,4.00069522857666,3.3907468508158005
32.45381236076355,4.200664520263672,3.4352576957123264,4.200664520263672,3.570638359342253
32.50351071357727,4.399457931518555,3.74811898085988,4.399457931518555,3.744584138663138
32.55356311798096,4.599667549133301,4.019940756846129,4.599667549133301,3.961644278337309
32.603965282440186,4.801276206970215,4.144955276163337,4.801276206970215,4.099526634110123
32.65353560447693,4.9995574951171875,4.228307970724279,4.9995574951171875,4.1561017912063125
32.703585386276245,5.199756622314453,4.298729832778612,5.199756622314453,4.218604252866498
32.75388288497925,5.400946617126465,4.298729832778612,5.400946617126465,4.218604252866498
32.803882360458374,5.600944519042969,4.509453599507622,5.600944519042969,4.557010995273217
32.85368323326111,5.401741027832031,4.843694653122308,5.401741027832031,4.842778272684093
32.90352654457092,5.202367782592773,5.183988525726274,5.202367782592773,4.933390082485702
32.953473806381226,5.0025787353515625,5.127184985014633,5.0025787353515625,4.749887426459989
33.00371503829956,4.801613807678223,5.127184985014633,4.801613807678223,4.749887426459989
33.05368447303772,4.601736068725586,4.807877847214635,4.601736068725586,4.605725712745826
33.10379886627197,4.401278495788574,4.730874436295089,4.401278495788574,4.5680032415207865
33.15387582778931,4.200970649719238,4.499280206154367,4.200970649719238,4.4160311928874245
33.20382475852966,4.400766372680664,4.220370327083328,4.400766372680664,4.163025180058538
33.253844022750854,4.60084342956543,3.9739780157049305,4.60084342956543,3.894340449238103
33.303736209869385,0.0,3.9456223486390045,0.0,3.636585354923349
33.35380983352661,0.0,3.9456223486390045,0.0,3.636585354923349
33.40372633934021,0.0,1.6417475276304296,0.0,1.3914104968462793
33.45354390144348,0.19927024841308594,-0.7424267129945349,0.19927024841308594,-0.581947192594076
33.5037362575531,0.4000396728515625,-0.6872306429212424,0.4000396728515625,-0.5587721742849343
33.55369472503662,0.5998735427856445,0.12425733818298107,0.5998735427856445,0.06495340263268495
33.6038293838501,0.8004121780395508,0.6936684270394523,0.8004121780395508,0.5256684574917119
33.653804302215576,1.0003118515014648,0.8070521485622334,1.0003118515014648,0.6646722885033585
33.70381474494934,1.2003536224365234,0.6954822018427951,1.2003536224365234,0.9370326887920616
33.75370812416077,1.3999271392822266,0.8142762616163481,1.3999271392822266,1.0744840440042656
33.80382442474365,1.6003923416137695,1.029856144245362,1.6003923416137695,1.187207589276594
33.8538122177124,1.8003435134887695,1.2121209927281962,1.8003435134887695,1.1868295418243273
33.90352439880371,1.999192237854004,1.4057132893822932,1.999192237854004,1.3586192238883639
33.953654289245605,2.199711799621582,1.5938662181146983,2.199711799621582,1.60898832232558
34.00353121757507,2.399219512939453,1.868504029149343,2.399219512939453,1.9694383946089862
34.05372595787048,2.5999984741210938,2.0404739743356215,2.5999984741210938,2.1749388888011785
34.103851556777954,2.8005008697509766,2.1673779523092858,2.8005008697509766,2.318541936201945
34.15375304222107,3.0001068115234375,2.2803973496813184,3.0001068115234375,2.4090441365682227
34.20373725891113,3.2000436782836914,2.5946794597333134,3.2000436782836914,2.5589331099910457
34.2537055015564,3.399916648864746,2.8467601769456437,3.399916648864746,2.627271322352514
34.30369710922241,3.5998830795288086,3.022828983066887,3.5998830795288086,2.7885093550477595
34.35372066497803,3.7999773025512695,3.2019743752950705,3.7999773025512695,3.0182710502360166
34.403573751449585,3.9993896484375,3.474201101523086,3.9993896484375,3.3012754595859652
34.45360279083252,4.199505805969238,3.6615908068876664,4.199505805969238,3.4753538874358108
34.50379014015198,4.40025520324707,3.720912606327338,4.40025520324707,3.492754196199304
34.55362248420715,4.599584579467773,3.9491536597556456,4.599584579467773,3.7654852985299287
34.603638887405396,4.399518966674805,4.181089085822579,4.399518966674805,4.058268513165354
34.65387415885925,4.198577880859375,4.276678105289439,4.198577880859375,4.135867964940943
34.70353555679321,3.999932289123535,4.218791702767666,3.999932289123535,4.062686591755369
34.7537624835968,3.7990245819091797,4.050603143947288,3.7990245819091797,3.9384614429751705
34.80381751060486,3.598804473876953,3.7392545196689237,3.598804473876953,3.6138435579018475
34.853806257247925,3.7987594604492188,3.6156894954012078,3.7987594604492188,3.4905471072600296
34.90380311012268,3.998746871948242,3.6156894954012078,3.998746871948242,3.4905471072600296
34.9538836479187,3.79842472076416,3.452115687552971,3.79842472076416,3.3929923954878625
35.003884077072144,3.5984230041503906,3.452115687552971,3.5984230041503906,3.3929923954878625
35.0537052154541,3.3991384506225586,3.5445371637146383,3.3991384506225586,3.2212286162745603
35.10377335548401,3.1988658905029297,3.5445371637146383,3.1988658905029297,3.2212286162745603
35.15376019477844,2.9989185333251953,2.8768842249745457,2.9989185333251953,3.090638872788446
35.20361375808716,3.1983327865600586,2.4097342501747963,3.1983327865600586,2.884445627977644
35.25356316566467,3.398130416870117,2.3103867800140745,3.398130416870117,2.642255412198347
35.303707122802734,3.5987062454223633,2.448063493887342,3.5987062454223633,2.643136043545214
35.35368466377258,0.0,2.6558052400778855,0.0,2.908982932280281
35.403525590896606,0.0,2.9233616912376093,0.0,3.142716367141287
35.45366930961609,0.0,1.1235304338123817,0.0,1.1235284178701146
35.50360584259033,0.0,-0.1548777402978032,0.0,-0.1798264109165513
35.5537531375885,0.0,-0.3933847921445688,0.0,-0.3863996318782941
35.60353755950928,0.0,-0.1514465037830372,0.0,-0.19913012838860422
35.653528451919556,0.0,0.04741665160148313,0.0,-0.019246882515192177
35.75376796722412,0.0,-0.04366869702300061,0.0,-0.07403564296035807
35.803521394729614,0.0,-0.07357210511428014,0.0,-0.054750870067314994
35.85378122329712,0.0,-0.05860583838499722,0.0,-0.032850522040389
35.903773069381714,0.0,-0.016788175781987724,0.0,-0.015411693940199808
35.95381283760071,0.0,-0.029867047159822926,0.0,-0.013468191149105094
36.003721952438354,0.0,-0.019068118157012037,0.0,-0.0170026749809752
41.65367937088013,0.0,-0.01663198127300909,0.0,6.705855606193848e-26
42.25361776351929,0.0,-0.036257732493078815,0.0,-1.3510041025293992e-08
42.30380034446716,0.0,-0.0754484648403154,0.0,-4.863614769105837e-09
42.353623151779175,0.0,-0.05991361879932735,0.0,-1.7509013168781012e-09
42.403717279434204,0.0,-0.02660513808552043,0.0,-3.781946844456698e-10
43.80367970466614,0.0,-0.04155431711673765,0.0,0.0009268659693717956
43.85352897644043,0.0,-0.01650547533416754,0.0,0.00020020304938430785
44.40371799468994,0.0,-0.017226117916896978,0.0,6.766051284529647e-07
45.003806829452515,-0.20009517669677734,-1.763076578453687e-08,0.20009517669677734,6.924988326400327e-13
45.053715229034424,-0.39972877502441406,-6.3470756824332735e-09,0.39972877502441406,2.4929957975041174e-13
45.103798151016235,-0.6000604629516602,-0.14469806452602468,0.6000604629516602,0.09480218127378856
45.15391969680786,-0.8005466461181641,-0.4393784073591601,0.8005466461181641,0.28836019886139286
45.20368242263794,-0.9995975494384766,-0.7917952566347202,0.9995975494384766,0.5315653887923788
45.25368881225586,-1.1996231079101562,-0.9323622451663618,1.1996231079101562,0.6091584089113319
45.30367851257324,-1.3995819091796875,-0.9996892142214991,1.3995819091796875,0.6411909957902329
45.35356664657593,-1.5991344451904297,-1.0353768438131035,1.5991344451904297,0.7927730319537885
45.403687953948975,-1.6391725799058874,-1.0421721328507814,1.6391725799058874,0.9922566784967721
45.45365762710571,-1.6391725799058874,-1.099596321196948,1.6391725799058874,1.151850551612964
45.503652811050415,-1.4391918441270788,-1.1623870442908744,1.4391918441270788,1.1634699619702544
45.55372357368469,-1.3258115676975495,-1.19972951569325,1.3258115676975495,1.1698794382891196
45.60360503196716,-1.1262857345676667,-1.102762165599703,1.5253374008274323,1.1675943993633515
45.65377116203308,-0.9256212143039948,-0.9518970857621333,1.7260019210911042,1.1196323727287838
45.7036247253418,-0.7262069610691315,-0.7620976237259305,1.9254161743259675,1.1270228348273514
45.75374150276184,-0.5257398513889557,-0.5820464277673482,2.125883284006143,1.2107151695048266
45.80358648300171,-0.3263599304294831,-0.3921623955003702,2.3252632049656157,1.4847495392122245
45.853694915771484,-0.12592619935038152,-0.2576021972536665,2.5256969360447172,1.5532175100502388
45.90366315841675,0.07394677123067317,-0.1077055575814112,2.725569906625772,1.6285933946367628
45.95357298851013,0.2735860916042083,0.02663148663926989,2.925209226999307,1.8320207625703067
46.00370907783508,0.474130448904013,0.25906676252778366,3.1257535842991118,2.0191903554228325
46.053715229034424,0.6741550537013763,0.25906676252778366,3.325778189096475,2.0191903554228325
46.10385084152222,0.8746975036525482,0.5291067297462082,3.526320639047647,2.2011826721248884
46.15373706817627,1.074242410268759,0.9946503784420457,3.725865545663858,2.4866585284043703
46.203802824020386,1.274505433645224,1.1532402567683113,3.9261285690403227,2.6972568636978633
46.253881216049194,1.4748190017604583,1.1532402567683113,4.126442137155557,2.6972568636978633
46.3038055896759,1.6745164962672943,1.3264398807433597,4.326139631662393,3.1668396274365493
46.353729009628296,1.8742101760768646,1.4559115445904975,4.525833311471963,3.4133620839160983
46.40354800224304,2.073486146535849,1.7626455433050094,4.725109281930948,3.5345445757569802
46.45373249053955,2.2742240997218843,1.9918650701122032,4.925847235116983,3.570828400330374
46.50369691848755,2.4740818115138765,2.2043221157005983,5.125704946908975,3.696340623716103
46.55379939079285,2.674491700735068,2.3385928688482602,5.3261148361301665,3.8713231598924116
46.60362911224365,2.8738105865382906,2.468191288162571,5.525433721933389,4.195607356390614
46.653544902801514,3.073473748769736,2.663921165472119,5.725096884164834,4.447005688415797
46.70354342460632,3.273467835988974,2.8728752021810466,5.925090971384073,4.498447348809302
46.753639221191406,3.473851022329306,3.0050707585151573,6.125474157724405,4.611747831154845
46.803743839263916,3.6742694946193453,3.165548817868313,6.325892630014444,4.87731778504216
46.85369253158569,3.8740642639064546,3.254998251159887,6.525687399301553,5.091466631466496
46.90353488922119,4.073433694448447,3.3574456481752186,6.725056829843545,5.208564062446812
46.95361685752869,4.273761567678427,3.437724765847351,6.925384703073526,5.207260358165666
47.00389051437378,4.474856195058798,3.65785526873239,7.126479330453897,5.125622277676212
47.05355405807495,4.673510369863486,3.982768012231377,7.325133505258584,5.160343377279576
47.10385584831238,4.874717530813193,4.089239283290975,7.5263406662082915,5.242768411926828
47.15355396270752,0.0,4.427546635508233,0.0,5.559865982194701
47.20375180244446,0.0,4.234834709849248,0.0,5.311312057087407
47.25372672080994,0.19989967346191406,2.1683317163299165,0.19989967346191406,2.90523805529222
47.30378699302673,0.40014076232910156,0.13361613292851354,0.40014076232910156,0.2675099002492848
47.3535430431366,0.5991649627685547,-0.2712270166148604,0.5991649627685547,-0.8695685237775999
47.4036648273468,0.799652099609375,0.2803573985456278,0.799652099609375,-0.2782687420891794
47.453760623931885,1.000035285949707,0.7991054837545937,1.000035285949707,0.5552321717054699
47.503536224365234,1.1991376876831055,1.2053090387863412,1.1991376876831055,1.0308389167885768
47.55372714996338,1.3999013900756836,1.2619453401904999,1.3999013900756836,0.9354007065618319
47.603835582733154,1.6003351211547852,1.2743282937362803,1.6003351211547852,0.9195860083219153
47.653841495513916,1.800358772277832,1.3065130027540333,1.800358772277832,1.1046747537368562
47.70365571975708,1.9996156692504883,1.5508928189555888,1.9996156692504883,1.5779815920525224
47.75380754470825,2.200222969055176,1.5508928189555888,2.200222969055176,1.5779815920525224
47.8038387298584,2.4003477096557617,1.9848481104978382,2.4003477096557617,2.001014124786855
47.853543281555176,2.599165916442871,2.292314735355082,2.599165916442871,2.134619179318524
47.903777837753296,2.8001041412353516,2.399725654352463,2.8001041412353516,2.2067315660536924
47.95376014709473,3.000033378601074,2.5388843459947434,3.000033378601074,2.3499456244452226
48.00353693962097,3.1991405487060547,2.704899211377077,3.1991405487060547,2.478143075894572
48.053624629974365,3.399491310119629,2.8389193843544147,3.399491310119629,2.5089957689492435
48.10385322570801,3.600405693054199,2.8842209238255396,3.600405693054199,2.5532110676317528
48.15373253822327,3.7999229431152344,2.9327910397672636,3.7999229431152344,2.7774677899035027
48.204023599624634,4.001087188720703,2.984519123287239,4.001087188720703,2.8165499020551916
48.253761768341064,4.200039863586426,3.244536318511214,4.200039863586426,3.057158295474122
48.30382204055786,4.400280952453613,3.244536318511214,4.400280952453613,3.057158295474122
48.353562116622925,4.599241256713867,3.7024713880039317,4.599241256713867,3.725392697393251
48.40385603904724,4.800416946411133,4.184005369033703,4.800416946411133,4.168665417271952
48.453736305236816,4.999938011169434,4.384165287954673,4.999938011169434,4.1739113264935375
48.503854274749756,5.200409889221191,4.384165287954673,5.200409889221191,4.1739113264935375
48.55362153053284,5.399478912353516,4.670247219970048,5.399478912353516,4.290424473862048
48.60354447364807,5.599170684814453,4.808677654426861,5.599170684814453,4.487468369246049
48.65370965003967,5.799831390380859,4.932776596890057,5.799831390380859,4.64250561503429
48.703678131103516,5.9997053146362305,4.99581967833501,5.9997053146362305,4.798544624714347
48.753509283065796,5.800380706787109,5.323675934645118,5.800380706787109,5.118711037955633
48.8037965297699,5.599231719970703,5.323675934645118,5.599231719970703,5.118711037955633
48.853530406951904,5.400296211242676,5.529833104193972,5.400296211242676,5.25589173076197
48.90378928184509,5.60133171081543,5.3352762029102205,5.60133171081543,5.188273404971282
48.9535596370697,5.800413131713867,5.138983868319896,5.800413131713867,5.066104631996937
49.00365233421326,6.000783920288086,5.124120765801238,6.000783920288086,4.9437699297044535
49.05394983291626,6.201973915100098,5.179055246040802,6.201973915100098,4.987684916196695
49.10385584831238,6.40159797668457,5.31891835415086,6.40159797668457,5.2084451022404785
49.15387940406799,0.0,5.61643610814893,0.0,5.499661211786092
49.20353960990906,0.1986408233642578,5.377793387836731,-0.1986408233642578,5.036895403899116
49.25354313850403,0.0,2.9719391714095535,0.0,2.579540570844661
49.30382227897644,0.0,0.607017842551212,0.0,0.022576518155139835
49.35364294052124,0.19928264617919922,-0.9464761498312649,-0.19928264617919922,-1.330481991632628
49.4037709236145,0.3997945785522461,-0.6359487220432936,-0.3997945785522461,-0.8822985692490987
49.45353126525879,0.5136871089473899,0.17972951907682738,-0.5136871089473899,-0.42573523430239624
49.50383472442627,0.5136871089473899,0.7864574424461186,-0.5136871089473899,-0.2949256106908731
49.55351662635803,0.7124147166744407,0.916317215653231,-0.3149595012203391,-0.45621822844090587
49.60366415977478,0.9130048503414329,0.7183493057818306,-0.11436936755334692,-0.5194497391109795
49.65375304222107,1.113360380126589,0.6419362978910599,0.08598616223180933,-0.36084205989331475
49.70380210876465,1.3135566463009054,0.743361488226957,0.28618242840612573,-0.20047018125995567
49.753822803497314,1.5136394252315695,0.9040598375477458,0.4862652073367898,0.11216830302949704
49.803651094436646,1.7129525889888937,1.04218494731403,0.685578371094114,0.6557311391370496
49.85372972488403,1.9132671107784445,1.1485728019650576,0.8858928928836648,0.7991739192797065
49.903786182403564,2.1134929408565695,1.2629455969634937,1.08611872296179,0.7932419233033652
49.95354390144348,1.9144620646969015,1.461796665699791,0.8870878468021219,0.870917533570734
50.003536224365234,1.7144927730098898,1.5336684934538047,0.6871185551151102,1.0358326726201321
50.05385112762451,1.5132331599727804,1.5604513794985333,0.48585894207800084,1.073973108281248
50.103713512420654,1.31378362078821,1.4614724067738147,0.28640940289343053,0.9030131324349235
50.15388083457947,1.1131143321529562,1.4007902710372502,0.08574011425817663,0.7413914337288374
50.20354342460632,1.311764692260378,0.9258642785338524,0.2843904743655985,0.11292418986908813
50.25386095046997,1.513034795714968,0.7990060398312079,0.48566057782018834,0.04896868953234751
50.30371618270874,1.712455724670046,0.8019657903670668,0.6850815067752665,0.07718699016258765
50.353618144989014,1.9120635737911398,0.9709304524989953,0.8846893558963602,0.22150424153632425
50.403709411621094,2.11242864031946,1.1806290216516984,1.0850544224246805,0.3775328482306951
50.45383882522583,2.3129462947384054,1.458480780146296,1.2855720768436258,0.6204080922049386
50.50364398956299,2.512166952087038,1.790764125428104,1.4847927341922587,0.9787382809729074
50.55364370346069,2.7121658076778585,1.987872292604984,1.684791589783079,1.1799521778253566
50.60387587547302,2.913094495727175,2.1461996781850843,1.8857202778323954,1.2936942553840107
50.65387511253357,3.1130914439693624,2.3424118333348627,2.085717226074583,1.4348188677902947
50.703657388687134,3.3122205485836202,2.592282093428614,2.2848463306888407,1.5791692170030673
50.75427055358887,3.514673208190554,2.815127929519311,2.4872989902957743,1.8117399871060895
50.803544759750366,3.71177003283655,2.914913845342812,2.6843958149417704,1.9679219162291077
50.85386824607849,3.91306397814905,3.318294551147026,2.8856897602542704,2.521816075616913
50.903502464294434,4.1116008510128195,3.646637977494169,3.08422663311804,2.923415383981813
50.953649044036865,4.312187169982546,3.854225705146802,3.2848129520877665,3.045372386439019
51.00364089012146,4.512154554320925,3.894019371299748,3.4847803364261454,3.112559006093755
51.05377984046936,4.7127103557125265,3.8570412561996474,3.685336137817747,3.165460483603054
51.10360503196716,4.912011121703737,3.757380867698987,3.884636903808958,2.9799955584371416
51.15385174751282,5.112997983886355,3.9478646664018626,4.085623765991575,3.065634387598296
51.20371460914612,5.312449430419558,4.295871502241509,4.285075212524778,3.444685799617594
51.2538480758667,5.512983297301882,4.295871502241509,4.485609079407102,3.444685799617594
51.30367922782898,5.712307905151003,4.779970914097726,4.6849336872562235,4.106921266050118
51.353851079940796,5.912995313598269,4.986645508994615,4.885621095703489,4.339189020585172
51.40350794792175,6.111622785522097,5.0168981486012845,5.084248567627317,4.258463545563707
51.453739643096924,6.31254956622278,5.0701057219547145,5.285175348328001,4.264846564742168
51.50379467010498,6.512769674255007,5.333934997464732,5.485395456360227,4.531533670930472
51.553505182266235,6.7116117229000265,5.614892860758535,5.684237505005247,4.901295163454429
51.603548765182495,6.511437391234987,5.83404054898318,5.484063173340208,5.068154651482755
51.65373182296753,6.310705160094851,6.108989186256991,5.283330942200071,5.182175921878763
51.703861236572266,6.110187505675905,6.09349094408865,5.082813287781126,5.071393726163464
51.75393509864807,5.909892057372683,6.051097026932926,4.882517839477903,5.013723705943439
51.8037896156311,5.710473989440554,5.736903554726371,4.683099771545774,4.855717454458242
51.85375642776489,5.91034123797571,5.464348866921785,4.8829670200809305,4.575076214031382
51.9037230014801,6.11020753283655,5.307400634663864,5.08283331494177,4.3228104990324985
51.954444885253906,6.313095067931765,5.172355705963113,5.285720850036985,4.153922753429509
52.00373554229736,6.510257696105593,5.3665458978204565,5.482883478210813,4.543261316853497
52.05374002456665,6.3102397670284445,5.447164000331679,5.282865549133665,4.721792094372352
52.103814125061035,6.109943365050905,5.6252698810418575,5.082569147156126,4.90599728327188
52.1537811756134,6.309811567260378,5.703756481821065,5.2824373493655985,4.881190970067476
52.20380187034607,6.509894346191042,5.688046776204606,5.482520128296263,4.78808579725896
52.25358724594116,6.709035848571413,5.762055168784707,5.681661630676634,4.792337078319996
52.30372905731201,6.909603094054812,5.869595064009565,5.882228876160032,4.997777721333627
52.35387825965881,7.110199903442019,5.934020581228259,6.082825685547239,5.278757474797294
52.40354323387146,7.308859800292605,5.943608015094864,6.281485582397825,5.500358938164614
52.45372009277344,7.509567235900515,5.916305998318673,6.482193018005735,5.573280825252688
52.50372576713562,7.709589933349245,6.039137089021187,6.682215715454466,5.744792371047266
52.553842067718506,7.509124731017702,6.108934284603779,6.481750513122923,5.834155641455434
52.60366678237915,7.309825872375124,6.012488416009084,6.282451654480345,5.752496843865653
52.65363550186157,7.109950994445437,6.091064395131922,6.082576776550657,5.8446118040077
52.70375347137451,6.909479116393679,6.18112766085467,5.882104898498899,5.899473972434716
52.7538366317749,6.709146474792116,6.2221687150182765,5.681772256897337,5.8545108177596035
52.80357789993286,6.51018140216028,5.843074025177101,5.482807184265501,5.18791387902499
52.85364747047424,6.309903119994753,5.634450405167272,5.2825289020999735,4.809706167316916
52.90386462211609,6.10903451342737,5.634450405167272,5.081660295532591,4.809706167316916
52.95387601852417,5.908988927795046,5.765286185320958,4.8816147099002665,4.791716850711275
53.00386095046997,5.709049200011843,5.909738313428191,4.681674982117063,4.779720500795854
53.05360126495361,5.510087942077273,5.790055479266034,4.482713724182493,4.593230985053353
53.10372829437256,5.309579824401491,5.636188343559375,4.282205606506712,4.474574626951201
53.1538188457489,5.509942029906862,5.344726426866799,4.482567812012083,4.468077441690717
53.20380973815918,5.709905599547976,5.107631411234825,4.682531381653196,4.328202689074489
53.25365734100342,5.909296010924929,5.095092703216615,4.881921793030149,4.329984649645021
53.30367040634155,6.109348272277468,5.212976792805198,5.081974054382688,4.436123823390029
53.35397911071777,6.310583089782351,5.243604190118123,5.283208871887571,4.503142672276123
53.403594732284546,6.112120603515261,5.41030780941732,5.349976874449205,4.699133735119357
53.453590869903564,5.912136053039187,5.6431741826670905,5.149992323973131,4.8834406928607414
53.503782749176025,5.711368535949343,5.887068981394918,4.949224806883287,5.115081248154231
53.55354022979736,5.512338613463991,5.7807164199397985,4.750194884397936,5.1229282550151325
53.60365581512451,5.311876272155398,5.527851104995466,4.549732543089342,5.012281229453153
53.65371227264404,5.111650442077273,5.527851104995466,4.349506713011217,5.012281229453153
53.703798055648804,0.0,4.92778838504335,0.0,4.582385328672578
53.75361180305481,0.0,4.845095451458623,0.0,4.346531181548446
53.803574323654175,0.0,1.88605864449284,0.0,1.5836428330213947
53.85381245613098,0.0,-0.2064728178837007,0.0,0.03630465003983219
53.9039044380188,0.0,-0.8964242877337255,0.0,-0.2266897711760901
53.953595876693726,0.0,-0.5112798280142695,0.0,-0.12097589983335477
54.00369048118591,0.0,-0.13741204663954795,0.0,-0.017732183863370447
54.05384182929993,0.0,-0.0343483714157675,0.0,-0.0013939974831278894
54.10376453399658,0.0,-0.012365413709676299,0.0,-0.0005018390939260401
56.753830432891846,0.20072174072265625,-2.9536477280079203e-29,-0.20072174072265625,-1.1987111263736314e-30
56.80351972579956,0.22130144398215576,0.03326392471790314,-0.22130144398215576,-0.03326392471790314
56.853607416152954,0.22130144398215576,0.21987453269958496,-0.22130144398215576,-0.19076860654354097
56.90398192405701,0.21851185621379118,0.3910965055274963,-0.21851185621379118,-0.28008740201473237
56.953728914260864,0.21851185621379118,0.4019165371673584,-0.21851185621379118,-0.2847809638555527
57.00380277633667,0.2090840658720239,0.3085509342485886,-0.2090840658720239,-0.2419403724423294
57.053656816482544,0.40850022645552,0.19937005793525692,-0.009667905288527817,-0.07106603182664205
57.10381197929382,0.6091208777006372,0.19937005793525692,0.19095274595658937,-0.07106603182664205
57.15365505218506,0.8084931692655786,0.278335903880491,0.3903250375215308,0.030389751163607193
57.203803300857544,1.00908616395552,0.4278505712023356,0.5909180322114722,0.3003364390733786
57.25365948677063,1.2085109076078637,0.5703842676617257,0.790342775863816,0.568225440499888
57.30364513397217,1.408453496414016,0.7563314713336546,0.9902853646699683,0.8022029866401097
57.35357332229614,1.6081662497099145,1.018102580298609,1.1899981179658667,1.0360681138673156
57.40372109413147,1.808757337051223,1.2147469332181071,1.3905892053071753,1.161490685543015
57.45381736755371,2.009142430740188,1.3315092591176982,1.5909742989961402,1.2621312213422995
57.50381875038147,2.2091479620512233,1.372708217366371,1.7909798303071753,1.314449457674154
57.55354404449463,2.40804913850386,1.514409015244119,1.989881006759812,1.540007470347505
57.60372304916382,0.0,1.7284325562712692,0.0,1.7269559711091595
57.65376400947571,0.0,1.9694969488190583,0.0,1.8667149547293023
57.70351719856262,0.0,0.6585061435629433,0.0,0.6626251623201087
57.753602743148804,0.0,-0.19356095249428135,0.0,0.018352350658215777
57.80372381210327,0.0,-0.3543443696080701,0.0,-0.004267897522674431
57.85381317138672,0.0,-0.18479445158406696,0.0,0.0032155456902171033
57.90351605415344,0.0,-0.04823158272163425,0.0,-0.03876157385741648
57.95370030403137,0.0,-0.0387473209371198,0.0,-0.040090106544381304
58.003785848617554,0.0,-0.013949035537363126,0.0,-0.023936415952737062
69.10361099243164,0.0,-0.01663196235895157,0.0,-3.694655439980536e-37
69.40399694442749,-0.2003917694091797,-0.00022792048933751804,0.2003917694091797,-0.0014109321193382259
69.45359778404236,-0.39879512786865234,-0.00013675229360251081,0.39879512786865234,-0.0008465592716029355
69.50381231307983,-0.5996532440185547,-0.16079439557770345,0.5996532440185547,0.13412169684217365
69.55364942550659,-0.7990016937255859,-0.5512362414680994,0.7990016937255859,0.3618105517919573
69.60372424125671,-0.9763074160307599,-0.7591797528535036,0.9763074160307599,0.5211028838311094
69.65382814407349,-0.77589180476367,-0.8414772779179778,1.1767230272978497,0.6671346968706057
69.70381593704224,-0.57594063288867,-0.8679433118259847,1.3766741991728497,0.7842712144718982
69.75359463691711,-0.3768258333891583,-0.6873850097265326,1.5757889986723614,0.9866496597909873
69.80368280410767,-0.17647316462695128,-0.5040487910511429,1.7761416674345685,1.1500328829950313
69.85402512550354,0.02489612095654481,-0.36606513509877925,1.9775109530180646,1.319913722910865
69.90365934371948,0.22343299382031434,-0.2658687410046878,2.176047825881834,1.454237105073351
69.95352721214294,0.422904467514162,0.22408018184754372,2.3755192995756818,1.5198849013947573
70.00376391410828,0.6238512753754901,0.5879436958064548,2.57646610743701,1.6074461068452521
70.05355787277222,0.8230271100312518,0.8257629380785196,2.7756419420927716,1.7569910785820886
70.10382318496704,1.0240883588105487,0.9344957341967619,2.9767031908720685,1.9114423215842298
70.15373492240906,1.2237353085786151,1.050545609124372,3.176350140640135,2.1398430354758284
70.2037308216095,1.423718905380373,1.1565722117881307,3.3763337374418927,2.2539144499551362
70.25358366966248,1.623130297592287,1.3686516509307456,3.5757451296538068,2.3755710890079977
70.30382537841797,1.8240971326142597,1.3686516509307456,3.7767119646757794,2.3755710890079977
70.35380530357361,2.0240168332368182,1.3686516509307456,3.976631665298338,2.3755710890079977
70.40386986732483,2.224275088241701,1.3686516509307456,4.176889920303221,2.3755710890079977
70.45381307601929,2.424047923019533,1.3686516509307456,4.376662755081053,2.3755710890079977
70.50352931022644,2.6229128598481464,2.300348967524314,4.575527691909667,3.667591997085749
70.55371499061584,2.8236555814057636,2.6053695095343388,4.776270413467284,3.9683791070337553
70.60373950004578,3.02375361912549,2.769039676645863,4.97636845118701,4.043594715684251
70.65351271629333,3.2228464841157245,2.9990258334764297,5.175461316177245,4.204491272430572
70.7037136554718,3.4236502408295917,3.1004326767452404,5.376265072891112,4.153940878460748
70.75369119644165,3.623560404708986,3.222657686235708,5.576175236770506,4.195553775602559
70.80380845069885,3.824029421737795,3.277271139298273,5.776644253799315,4.431013124933473
70.85358786582947,4.023147082260255,3.53639322683977,5.975761914321776,4.936889633172886
70.9036431312561,4.223368143966798,3.708495934602381,6.175982976028319,5.072784685361673
70.95381212234497,4.424044108322267,3.845038499759469,6.376658940383788,5.027782801366433
71.00386476516724,4.6242546796113295,3.9369553126852717,6.57686951167285,5.09566490863358
71.05365586280823,4.823419070175294,4.342898522446131,6.776033902236815,5.462787392587378
71.10387229919434,5.024284815719728,4.393674942630276,6.976899647781249,5.432897426397154
71.15384411811829,5.224172091415529,4.595434336463599,7.176786923477049,5.491798216477829
71.20363926887512,5.4233526944428725,4.79383906560993,7.375967526504393,5.529898524990781
71.2539393901825,5.624553179672365,4.955998318807564,7.577168011733885,5.571697192446388
71.30388712882996,5.824344134262208,4.955998318807564,7.776958966323729,5.571697192446388
71.353830575943,6.024117922714357,4.955998318807564,7.9767327547758775,5.571697192446388
71.40381789207458,5.82416865818799,5.312405151072234,7.77678349024951,5.783977194100891
71.45365166664124,5.624833559921388,5.48676721578819,7.577448391982909,5.703941248768317
71.50378966331482,5.424281573227052,5.551235057866469,7.376896405288573,5.764699401208012
71.55371332168579,5.2245869397431655,5.523561922772847,7.177201771804686,5.900213792949289
71.6036171913147,5.0249714612275405,5.221184162916591,6.977586293289061,5.881166901475533
71.65384244918823,4.8240704297334,4.966735254033273,6.7766852617949205,5.746024787289981
71.703537940979,5.022852396896486,4.787877532308931,6.975467228958006,5.963324833363718
71.75361967086792,5.22317931645215,4.688877153086294,7.1757941485136705,6.029171894234572
71.80388355255127,5.424234843185548,4.7067583636120425,7.376849675247069,5.938318730679329
71.85370755195618,5.623530840805177,4.775305699193792,7.576145672866698,5.867710094912234
71.90352582931519,5.822803950241212,5.074474118184062,7.775418782302733,5.7105983808367355
71.95374417304993,6.023677325180177,5.307642648946409,7.976292157241698,5.64713120155557
72.00380182266235,0.0,5.450864344953715,0.0,5.694216297959175
72.05352520942688,0.0,5.333713934685539,0.0,5.504697435904836
72.10373854637146,0.0,3.0487344190594254,0.0,3.1316724039826256
72.15374660491943,0.0,0.5187521198433648,0.0,0.4930012292044206
72.2035391330719,0.0,-1.0366295366969631,0.0,-1.200732726580163
72.2536051273346,0.0,-0.7557217522676083,0.0,-0.8611307932351567
72.30385971069336,0.0,-0.17082180360133498,0.0,-0.21600034898809928
72.35386085510254,0.0,0.04719457161918254,0.0,-0.054756378032519454
72.40364265441895,0.0,0.1301889029003317,0.0,-0.012194950835654068
72.4536669254303,0.0,0.06820030400838141,0.0,-0.021383708670168734
72.50380229949951,0.20054149627685547,0.024552109443017306,-0.20054149627685547,-0.0076981351212607445
72.55371975898743,0.4002113342285156,0.005142768136692688,-0.4002113342285156,-0.002771328643653868
72.603520154953,0.5994129180908203,0.27524578301211106,-0.5994129180908203,-0.28156544415476914
72.65373277664185,0.8002634048461914,0.5540914192012545,-0.8002634048461914,-0.5147865950405228
72.70380520820618,0.0,0.6927913518266058,0.0,-0.6442206885578499
72.75378155708313,0.1999053955078125,0.7930141505545203,-0.1999053955078125,-0.7136066384135104
72.80381464958191,0.4000377655029297,0.7101679454413548,-0.4000377655029297,-0.6322835103880415
72.85373783111572,0.5997304916381836,0.7101679454413548,-0.5997304916381836,-0.6322835103880415
72.90388131141663,0.8003044128417969,0.7101679454413548,-0.3991565704345703,-0.6322835103880415
72.95355653762817,0.9990053176879883,0.2676567403211283,-0.2004556655883789,-0.13893619406378338
73.00370240211487,1.1995887756347656,0.49433550600054577,0.0001277923583984375,-0.12010886750753903
73.053950548172,1.4005813598632812,0.7730234218734839,0.20112037658691406,-0.10434357264209812
73.1038589477539,1.600214958190918,0.986937938443363,0.4007539749145508,-0.023362549174674837
73.15360355377197,1.7991933822631836,1.246407214756104,0.5997323989868164,0.3793439238486377
73.203777551651,1.9998893737792969,1.3575245036918973,0.8004283905029297,0.6747265637833245
73.25382161140442,2.2000656127929688,1.4165863046970029,1.0006046295166016,0.8327680223316563
73.3035352230072,2.3989200592041016,1.5972881399377217,1.1994590759277344,1.0118085959867846
73.353586435318,2.5991249084472656,1.7652936965030683,1.3996639251708984,1.1155818898433285
73.40380930900574,2.800016403198242,1.7652936965030683,1.600555419921875,1.1155818898433285
73.4538311958313,3.0001039505004883,2.1960397243140513,1.800642967224121,1.3127206576212662
73.50362157821655,3.199265480041504,2.4956179855269083,1.9998044967651367,1.4977933571603292
73.55378270149231,3.3999099731445312,2.4956179855269083,2.200448989868164,1.4977933571603292
73.60382747650146,3.6000890731811523,2.6614103650332175,2.400628089904785,1.7076008989524745
73.65379047393799,3.799941062927246,2.9187420548689738,2.600480079650879,2.0891155442242724
73.70373463630676,3.9997177124023438,3.085451948941673,2.8002567291259766,2.2668836322061385
73.7536985874176,4.199573516845703,3.2823424821976155,3.000112533569336,2.4058164098250447
73.80374479293823,4.399758338928223,3.4848373586851356,3.2002973556518555,2.579851155461821
73.85369396209717,4.599555015563965,3.571842459426551,3.4000940322875977,2.8747454501351735
73.90386128425598,4.800224304199219,3.7064533046196324,3.6007633209228516,2.986605063098467
73.95376968383789,4.9998579025268555,3.941057761119977,3.8003969192504883,2.994072237617181
74.00381255149841,5.200029373168945,4.077726697687611,4.000568389892578,3.052156423930172
74.05366325378418,5.399432182312012,4.525389667251759,4.1999711990356445,3.4852661948008716
74.10375761985779,5.199054718017578,4.72961501928534,3.999593734741211,3.5748545024610774
74.15365982055664,4.999445915222168,4.87751810783994,3.799984931945801,3.7734258542233903
74.20381212234497,4.798836708068848,4.691375287895864,3.5993757247924805,3.8339923227944688
74.25378751754761,4.9987382888793945,4.425371150320273,3.7992773056030273,3.6213395272399627
74.3037359714508,5.1985321044921875,4.3249333978219635,3.9990711212158203,3.3826774194731346
74.35353326797485,5.397721290588379,4.381211081046717,4.198260307312012,3.421498841103102
74.40382313728333,5.598880767822266,4.502188438975402,4.399419784545898,3.6294278476439183
74.45374822616577,5.798581123352051,4.569080265094133,4.599120140075684,3.840750586049637
74.50352811813354,5.9977006912231445,5.044659443034259,4.798239707946777,4.240715198028372
74.55361270904541,6.1980390548706055,5.261269374132226,4.998578071594238,4.390918850532158
74.60362648963928,6.398094177246094,5.3293130171680705,5.198633193969727,4.492079968320483
74.65378522872925,6.598729133605957,5.336348496879968,5.39926815032959,4.539384468221839
74.70378255844116,6.398739814758301,5.492223497512042,5.199278831481934,4.618336123403612
74.75353646278381,6.199724197387695,5.695086693919633,5.000263214111328,4.887380419244535
74.80376720428467,5.998801231384277,5.943108178194857,4.79934024810791,5.01333386590606
74.8537323474884,5.798940658569336,5.909319282895265,4.599479675292969,4.907326303328965
74.9039831161499,5.59793758392334,5.538852055834138,4.398476600646973,4.551458879987074
74.95373439788818,5.398932456970215,5.325131092059518,4.199471473693848,4.332902962450864
75.00386571884155,5.198407173156738,5.161150834651436,3.998946189880371,4.108891239578014
75.0535135269165,0.0,4.798729860191937,0.0,3.7302395266850086
75.10385966300964,0.0,4.798729860191937,0.0,3.7302395266850086
75.15364623069763,0.0,1.5060902932021412,0.0,1.3234977171249869
75.20373964309692,0.20037364959716797,-0.5239162457442263,0.20037364959716797,-0.16753035859724236
75.25404024124146,0.40157604217529297,-1.0247532801314347,0.40157604217529297,-0.532204093014456
75.30355310440063,0.5996274948120117,-0.17677304408158626,0.5996274948120117,0.06333853186303817
75.35361123085022,0.7998600006103516,0.4852164318756851,0.7998600006103516,0.4457288934509794
75.40380096435547,1.0006189346313477,0.7141319774602626,1.0006189346313477,0.4792588765759769
75.4535322189331,1.1995439529418945,0.6320828601530384,1.1995439529418945,0.5929926435066593
75.50370860099792,1.4002494812011719,0.5976109712056348,1.4002494812011719,0.8704398322074414
75.55372524261475,1.600316047668457,0.7787075725340378,1.600316047668457,1.165426530169325
75.60381889343262,1.8006906509399414,0.7787075725340378,1.8006906509399414,1.165426530169325
75.65372943878174,2.000332832336426,1.1170421119465233,2.000332832336426,1.1839159360820086
75.70392155647278,2.201101303100586,1.1821741322016885,2.201101303100586,1.2295334541068326
75.75381731987,2.400684356689453,1.316580641007525,2.400684356689453,1.441737687704534
75.80364942550659,2.60001277923584,1.6742348792463522,2.60001277923584,1.860899481893972
75.85383152961731,2.800741195678711,1.879227571093201,2.800741195678711,2.0877985884146915
75.90383982658386,0.0,2.089877133036789,0.0,2.187162692406071
75.95382738113403,0.0,2.314096938776423,0.0,2.2529008013218497
76.00371503829956,0.0,0.8813979722468148,0.0,0.7560485138890474
76.05382418632507,0.0,-0.21340090999335923,0.0,-0.22735987897882481
76.10354447364807,0.0,-0.5773194560346551,0.0,-0.3731003491081063
76.1537537574768,0.0,-0.311190769217165,0.0,-0.12362414853563058
76.20391082763672,0.0,-0.08035563652816476,0.0,-0.03452551605745607
76.2538013458252,0.0,-0.056529363096374644,0.0,-0.04566325317290099
76.30361437797546,0.0,-0.06167677403493736,0.0,-0.10625072424841404
76.35368251800537,0.0,-0.056979559460892726,0.0,-0.07302618153774434
76.40373277664185,0.0,-0.042672795942939046,0.0,-0.018767408436764058
76.45362687110901,0.0,-0.02403975172931554,0.0,-0.00675626703723506
76.50375771522522,0.0,-0.04063885293279148,0.0,-0.002432256133404622
76.55379962921143,0.0,-0.06979437905028125,0.0,-0.005627601006405563
76.60377359390259,0.0,-0.07028427208950994,0.0,-0.0020259363623060024
76.65357494354248,0.0,-0.060087701349119636,0.0,-0.00043760225425809645
76.70365333557129,0.0,-0.064399474800346,0.0,-0.00015753681153291468
76.75375604629517,0.0,-0.05485685131813921,0.0,-5.6713252151849284e-05
76.80371904373169,0.0,-0.0412300919703593,0.0,-3.402795129110957e-05
76.85367941856384,0.0,-0.030624002436744055,0.0,-4.410022487327799e-06
76.90372061729431,0.0,-0.011024640877227859,0.0,-1.5876080954380076e-06
82.50382494926453,0.0,-0.01730955958366394,0.0,-0.0026032635569572444
82.5535318851471,0.0,-0.02612601207315922,0.0,-0.0005623049283027646
82.60360503196716,0.0,-0.014157353144717217,0.0,-0.00020242977418899528
82.9037675857544,0.0,0.011964785970844508,0.0,-0.0019368006974157135
87.95378828048706,-0.2010660171508789,1.12899631000629e-53,0.2010660171508789,-6.642388715003804e-51
88.00386500358582,-0.40137290954589844,1.12899631000629e-53,0.40137290954589844,-6.642388715003804e-51
88.05396175384521,-0.6017599105834961,-0.13582768708467485,0.6017599105834961,0.1070781546831131
88.1035988330841,-0.8003082275390625,-0.5266363206429481,0.8003082275390625,0.4021623456935882
88.15368700027466,-1.0006608963012695,-0.6980519217106056,1.0006608963012695,0.574833464305191
88.20354008674622,-1.2000732421875,-0.8027360196776039,1.2000732421875,0.6697424548914154
88.25388050079346,-1.4014348983764648,-0.9390497417516748,1.4014348983764648,0.7633221809445645
88.30371809005737,-1.2020845413208008,-1.0222968129372803,1.600785255432129,0.9061452316419658
88.35387396812439,-1.0014610290527344,-1.0222968129372803,1.8014087677001953,0.9061452316419658
88.40372633934021,-0.8020515441894531,-1.1017543182551943,2.0008182525634766,1.2207250060623942
88.45353817939758,-0.6028041839599609,-0.9074153674889106,2.2000656127929688,1.412945119757353
88.50369024276733,-0.40219593048095703,-0.6486167814701258,2.4006738662719727,1.4887579851933357
88.55373811721802,-0.20200443267822266,-0.3963093175781771,2.600865364074707,1.4875903000922692
88.60345458984375,-0.0031385421752929688,-0.10855491993698368,2.7997312545776367,1.6552028256283409
88.65364241600037,0.19761276245117188,-0.03907977117731413,3.0004825592041016,1.8890080498800113
88.70367550849915,0.39774513244628906,0.052459128831740955,3.2006149291992188,2.102971159713701
88.75368142127991,0.5977687835693359,0.34753286414203055,3.4006385803222656,2.358727484928573
88.80353856086731,0.7971973419189453,0.6251553734762323,3.600067138671875,2.5552919208956975
88.85380506515503,0.9982633590698242,0.7326804066075594,3.801133155822754,2.6558325469465984
88.90352582931519,1.1971464157104492,1.0319805494013263,4.000016212463379,2.9991710598274435
88.95364022254944,1.397603988647461,1.1656891376160203,4.200473785400391,3.18780271106974
89.00371193885803,1.597890853881836,1.2550843049424631,4.400760650634766,3.341748513796386
89.05379843711853,1.7982368469238281,1.3590282543660788,4.601106643676758,3.474048132187768
89.10361433029175,1.9975004196166992,1.5940955874859197,4.800370216369629,3.6781000773997254
89.15352129936218,2.1971282958984375,1.8093916176869478,4.999998092651367,3.836730182679575
89.20372533798218,2.397944450378418,1.97420050141027,5.200814247131348,3.9495592286033925
89.25366806983948,2.597715377807617,2.2587577354744184,5.400585174560547,4.2635523260321415
89.30369734764099,2.797832489013672,2.438927015727822,5.600702285766602,4.424682132507069
89.353670835495,2.9977264404296875,2.596649694824003,5.800596237182617,4.692766396559967
89.40372657775879,3.1979494094848633,2.75196077169792,6.000819206237793,4.807749479421744
89.45360922813416,3.397480010986328,2.962149568480574,6.200349807739258,5.035799517743085
89.50361466407776,3.597501754760742,3.1142744164761265,6.400371551513672,5.069136758272277
89.55373430252075,3.797980308532715,3.275617482939828,6.6008501052856445,5.119936554297599
89.60409450531006,3.9994211196899414,3.470007159808045,6.802290916442871,5.429645999860361
89.65387344360352,4.1985368728637695,3.635133039414441,7.001406669616699,5.567588228437279
89.70382714271545,4.398351669311523,3.7640797560666406,7.201221466064453,5.612635766906609
89.75380730628967,4.598272323608398,3.9146307086439514,7.401142120361328,5.618508547106887
89.80379176139832,4.798210144042969,4.2145814313397985,7.601079940795898,5.6664344626912015
89.85353899002075,0.0,4.309754718178879,0.0,5.700615320101293
89.90365147590637,0.0,4.212114119041189,0.0,5.100598530327182
89.9539475440979,0.20118427276611328,4.212114119041189,0.20118427276611328,5.100598530327182
90.00383758544922,0.4007444381713867,4.212114119041189,0.4007444381713867,5.100598530327182
90.05381917953491,0.6006708145141602,-1.0911802957568173,0.6006708145141602,-1.351235141382124
90.1037986278534,0.8005886077880859,-1.454626328355885,0.8005886077880859,-1.7294589460048115
90.15366220474243,1.0000429153442383,-0.4386088272494507,1.0000429153442383,-0.5725774697490368
90.20371580123901,1.2002573013305664,0.5540767018593873,1.2002573013305664,0.6568150449266016
90.25358891487122,1.399749755859375,1.119467370370335,1.399749755859375,1.4804914754777667
90.3036699295044,1.6000738143920898,1.2514543220970535,1.6000738143920898,1.5946144471937247
90.3537540435791,1.800410270690918,1.3679742128458083,1.800410270690918,1.5472685078516182
90.40353584289551,1.999537467956543,1.5774228711062865,1.999537467956543,1.5357284493866232
90.45372867584229,2.2003087997436523,1.6791896822142909,2.2003087997436523,1.5228079872473241
90.50371551513672,2.4002561569213867,1.7322999096663587,2.4002561569213867,1.5076581067017611
90.55379629135132,2.600579261779785,1.8939542567986634,2.600579261779785,1.8334310494316748
90.6035897731781,2.799753189086914,2.0908398984524625,2.799753189086914,2.049165569869988
90.65365839004517,3.000027656555176,2.3186654505247954,3.000027656555176,2.1720996963244605
90.70380210876465,3.2006025314331055,2.6348095699709084,3.2006025314331055,2.4534680462096428
90.75353932380676,3.3995513916015625,2.8646780001364265,3.3995513916015625,2.752753329856907
90.8035340309143,3.5995302200317383,3.156014491379688,3.5995302200317383,3.129689441996895
90.85367202758789,3.800082206726074,3.2270404610373125,3.800082206726074,3.1367795325081644
90.9037733078003,4.000487327575684,3.2270404610373125,4.000487327575684,3.1367795325081644
90.95379972457886,4.200592994689941,3.2270404610373125,4.200592994689941,3.1367795325081644
91.0037112236023,4.400238990783691,3.2822883749855922,4.400238990783691,3.084805234657207
91.0536994934082,4.600192070007324,3.6003862032241836,4.600192070007324,3.3071368543099684
91.10379767417908,4.80058479309082,3.6003862032241836,4.80058479309082,3.3071368543099684
91.15358924865723,4.999751091003418,4.265800681202386,4.999751091003418,4.152910604460821
91.20364880561829,5.199989318847656,4.546997220452585,5.199989318847656,4.4148811344088745
91.25373339653015,4.999650955200195,4.604212109256729,4.999650955200195,4.537750419751941
91.30380177497864,4.79937744140625,4.609183305743555,4.79937744140625,4.590246759692242
91.35352230072021,4.600495338439941,4.597920321182942,4.600495338439941,4.394758200301044
91.40373659133911,4.3996381759643555,4.4805154452645315,4.3996381759643555,4.242142077321999
91.45367646217346,4.599397659301758,4.379008662101872,4.599397659301758,4.24969535209007
91.50374794006348,4.799683570861816,4.233073577188461,4.799683570861816,4.286023329987288
91.5536048412323,4.999111175537109,3.975844451525857,4.999111175537109,4.210297766724764
91.60365581512451,5.199315071105957,4.027697883393425,5.199315071105957,4.002908619665934
91.6537070274353,5.399519920349121,4.278684006576321,5.399519920349121,4.102160870703638
91.7037513256073,5.599697113037109,4.4656765078704055,5.599697113037109,4.5043997358104875
91.75377535820007,5.799793243408203,4.733150630540866,5.799793243408203,4.988254494338797
91.80380892753601,5.999927520751953,4.839698596959311,5.999927520751953,5.191250419689261
91.85353636741638,6.1988372802734375,5.013338497101903,6.1988372802734375,5.282046048752245
91.90369915962219,6.39948844909668,5.05927835155704,6.39948844909668,5.291782789773808
91.95372796058655,6.599603652954102,5.05927835155704,6.599603652954102,5.291782789773808
92.00365781784058,6.799323081970215,5.828633757078013,6.799323081970215,5.575417376595604
92.05369687080383,6.999479293823242,6.125523728719958,6.999479293823242,5.7404394782917025
92.10382866859436,6.798952102661133,5.99588972184358,6.798952102661133,5.7319652213097685
92.15396642684937,6.598401069641113,5.909214310808105,6.598401069641113,5.846226970102714
92.2036645412445,6.399608612060547,6.0160281656848635,6.399608612060547,5.777137207894204
92.25373125076294,6.199341773986816,6.058726243925115,6.199341773986816,5.583569272008662
92.30380463600159,5.999048233032227,6.08704907873345,5.999048233032227,5.580532993190452
92.35352420806885,5.800169944763184,5.90070966735164,5.800169944763184,5.572235454745691
92.40370774269104,5.599435806274414,5.634679331259774,5.599435806274414,5.43262070761714
92.45381617546082,5.3990020751953125,5.45466858406431,5.3990020751953125,5.332679661559798
92.50353670120239,5.200119972229004,5.1677553654518364,5.200119972229004,5.193195072460881
92.55370306968689,4.999454498291016,4.917504835157631,4.999454498291016,4.942503183239237
92.60379767417908,4.799076080322266,4.785525148402108,4.799076080322266,4.691406458313538
92.65386629104614,4.598801612854004,4.6166222901190945,4.598801612854004,4.315221022258498
92.70399808883667,4.3982744216918945,4.400232906578567,4.3982744216918945,4.1909926194241685
92.75374126434326,4.199301719665527,4.268406689919919,4.199301719665527,4.245696410833277
92.80388236045837,3.998737335205078,4.268406689919919,3.998737335205078,4.245696410833277
92.85384678840637,4.19859504699707,4.176238672830882,4.19859504699707,4.132994780555053
92.9037926197052,4.398378372192383,4.1084449303978285,4.398378372192383,3.885628470044619
92.95371675491333,4.598074913024902,4.009870319825421,4.598074913024902,3.731656811807616
93.00361156463623,4.398495674133301,4.077551498969986,4.398495674133301,3.7996009588138238
93.05389046669006,4.197380065917969,4.212686809873935,4.197380065917969,3.919196820252894
93.10389494895935,4.397397994995117,4.4459601644703675,4.397397994995117,4.244794270132633
93.15370512008667,4.5966386795043945,4.1859891692072395,4.5966386795043945,4.109814788499161
93.20368075370789,4.796541213989258,4.057190237496027,4.796541213989258,4.104077457999713
93.25385665893555,4.997244834899902,4.059062511224888,4.997244834899902,4.1858855866010884
93.30382919311523,5.197134971618652,4.158016225278143,5.197134971618652,4.139520625446411
93.35371947288513,5.396696090698242,4.308485520231583,5.396696090698242,4.202348411187036
93.4036967754364,5.59660530090332,4.965754444186174,5.59660530090332,4.672629757989986
93.45374631881714,0.0,5.057587504905802,0.0,4.775980865098074
93.50352001190186,0.0,4.563277932279135,0.0,4.477492567926248
93.55362272262573,0.0,2.0845773000202743,0.0,2.1842020670877456
93.60364532470703,0.0,-0.15157714681569934,0.0,0.11561213685178362
93.65376448631287,0.0,-0.8766618604543598,0.0,-0.5430808827170005
93.70353484153748,0.0,-0.4673107122558239,0.0,-0.2911886642193661
93.75369572639465,0.0,-0.06973608005683002,0.0,-0.0878359585636568
93.80413365364075,0.0,-0.06973608005683002,0.0,-0.0878359585636568
93.85381865501404,0.0,-0.03543051656738711,0.0,-0.03927927193527709
93.90361547470093,0.0,-0.021338719353652513,0.0,-0.03294122592744055
106.10363483428955,-0.19890880584716797,2.0182493893789364e-52,0.19890880584716797,2.0078639102045592e-50
106.15361833572388,-0.39884281158447266,7.26569780176417e-53,0.39884281158447266,7.228310076736413e-51
106.20380163192749,-0.5995759963989258,-0.03326392471790314,0.5995759963989258,0.03326392471790314
106.25379657745361,-0.799555778503418,-0.32177161400318144,0.799555778503418,0.4016376319408417
106.30354332923889,-0.9985427856445312,-0.6555537636335373,0.9985427856445312,0.7194982715747833
106.35358262062073,-0.7983856201171875,-0.8006596060486679,1.198699951171875,0.8157596426595002
106.40356540679932,-0.598454475402832,-0.8722252115687863,1.3986310958862305,0.8656862391491681
106.45377731323242,-0.39760684967041016,-0.8008570420175005,1.5994787216186523,0.9292751412436944
106.50386381149292,-0.19726085662841797,-0.6116265498672441,1.7998247146606445,1.0327158830468266
106.55356955528259,0.0015621185302734375,-0.3675723900501028,1.998647689819336,1.1744412201813212
106.60367321968079,0.20197677612304688,-0.19806190911307675,2.1990623474121094,1.3332367593588121
106.65381097793579,0.4025278091430664,-0.19806190911307675,2.399613380432129,1.3332367593588121
106.70382332801819,0.6025772094726562,0.5217210528730813,2.5996627807617188,1.6089982208598257
106.7535810470581,0.8016080856323242,0.9294319422181015,2.7986936569213867,1.8550487569639622
106.80364918708801,1.0018806457519531,1.0831057669330442,2.9989662170410156,2.0505023555160595
106.85373377799988,1.202219009399414,1.159557510910349,3.1993045806884766,2.2091041334700954
106.90370035171509,1.402085304260254,1.231758817254752,3.3991708755493164,2.517657477673257
106.95378017425537,1.6024045944213867,1.2380141402597726,3.599490165710449,2.6035519832470206
107.00378942489624,1.8024415969848633,1.5107432170884698,3.799527168273926,2.8791555760577445
107.05362248420715,2.0017738342285156,1.6694949614111265,3.998859405517578,2.9650115465500995
107.10380530357361,2.202505111694336,1.6694949614111265,4.199590682983398,2.9650115465500995
107.15353846549988,2.401437759399414,2.0741508441844365,4.398523330688477,3.3981257124257755
107.2035300731659,2.6014041900634766,2.336417404568629,4.598489761352539,3.7193074075047736
107.25370335578918,2.8020973205566406,2.5185623244368207,4.799182891845703,3.8844327395319187
107.30382132530212,3.0025691986083984,2.6945102718802634,4.999654769897461,4.024301681464645
107.35376334190369,3.2023372650146484,2.7980773439645414,5.199422836303711,4.099079101161623
107.4040539264679,3.4034996032714844,2.8351637357854633,5.400585174560547,4.083043747470655
107.45430302619934,3.6044960021972656,2.974782327451126,5.601581573486328,4.218129372594074
107.50366830825806,3.801957130432129,3.333580267573457,5.799042701721191,4.625621748695028
107.55373525619507,4.002224922180176,3.4411306710762006,5.999310493469238,4.784275324128599
107.60356044769287,4.201525688171387,3.6061991381299494,6.198611259460449,4.844142140360899
107.65376329421997,4.402337074279785,3.811479456221533,6.399422645568848,5.080420959500871
107.70382523536682,4.6025848388671875,4.083747041343024,6.59967041015625,5.411778369608546
107.7535252571106,4.801384925842285,4.277163724638589,6.798470497131348,5.564280469693356
107.80383539199829,5.002625465393066,4.381943571759785,6.999711036682129,5.569429478458504
107.85382390022278,5.202579498291016,4.569589567730495,7.199665069580078,5.604151068238714
107.90381121635437,5.002630233764648,4.780781805235029,6.999715805053711,5.614987670698749
107.95387315750122,5.202877998352051,4.876767618555265,7.199963569641113,5.543533146137829
108.00366401672363,5.402041435241699,4.811447445103787,7.399127006530762,5.545831153340185
108.05389213562012,5.602953910827637,4.695603975134825,7.600039482116699,5.656196099357739
108.10378956794739,5.802543640136719,4.730740001849318,7.799629211425781,5.750147545994616
108.15360689163208,6.001812934875488,5.005709339605996,7.998898506164551,5.725058355377952
108.20375394821167,6.202401161193848,5.292787231002055,8.19948673248291,5.863206142823758
108.2535982131958,6.401778221130371,5.6084291447378884,8.398863792419434,5.9083597831633785
108.30371928215027,6.602262496948242,5.6084291447378884,8.599348068237305,5.9083597831633785
108.35381054878235,6.8026275634765625,5.969729763959789,8.799713134765625,5.986116018230005
108.40353965759277,7.001543998718262,5.988572636705744,8.998629570007324,6.013585570740903
108.45354390144348,7.201560974121094,6.197341551588336,9.198646545410156,6.14193204997356
108.50377869606018,7.402500152587891,6.195569802596459,9.399585723876953,6.107654433101565
108.55380344390869,7.602599143981934,6.348025196531161,9.599684715270996,6.2309477879942
108.60373401641846,7.402876853942871,6.192395274726122,9.399962425231934,5.992397798988973
108.65371012687683,7.202972412109375,6.140653213818396,9.200057983398438,5.9214144565679145
108.70365619659424,7.003188133239746,6.309134245261976,9.000273704528809,5.917399511981636
108.7537910938263,6.802648544311523,6.2846529675765375,8.799734115600586,5.774419460147129
108.80379819869995,6.6026201248168945,6.3127592632738425,8.599705696105957,5.860956437629284
108.85385823249817,6.402379989624023,6.227009882305126,8.399465560913086,5.860888437772882
108.90379810333252,6.202620506286621,6.019645347995279,8.199706077575684,5.976638425928676
108.95381593704224,6.002549171447754,6.019645347995279,7.999634742736816,5.976638425928676
109.0038411617279,5.802448272705078,5.350839303396574,7.799533843994141,5.691159251011098
109.05390858650208,5.602178573608398,4.972327034400379,7.599264144897461,5.57289232349754
109.10360789299011,5.40338134765625,5.085970015681703,7.4004669189453125,5.877407995659649
109.15386843681335,5.202339172363281,5.085970015681703,7.199424743652344,5.877407995659649
109.20371270179749,5.002962112426758,5.274061725171265,7.00004768371582,5.885780152561954
109.25373387336731,4.802877426147461,5.285012177009497,6.799962997436523,5.91815470271271
109.30379557609558,4.602630615234375,5.212096437709015,6.5997161865234375,5.837585367964369
109.35365748405457,4.8020782470703125,4.785335540734314,6.799163818359375,5.745880452115917
109.40378022193909,5.002569198608398,4.597085285173386,6.999654769897461,5.772888643975109
109.45381593704224,0.0,4.516706436152409,0.0,5.7256290948754724
109.50353217124939,0.0,4.609421089628393,0.0,5.802527686465961
109.55361032485962,0.0,2.298012603713309,0.0,2.901810925592962
109.60404324531555,0.0,0.1931006155228263,0.0,0.27307354261516914
109.65386271476746,0.0,-0.4579422925820562,0.0,-0.5679622003433742
109.70358490943909,0.19888877868652344,-0.6031888669884617,0.19888877868652344,-0.7460508961882287
109.75383257865906,0.39987945556640625,-0.6031888669884617,0.39987945556640625,-0.7460508961882287
109.80379390716553,0.5997247695922852,0.2907388177174458,0.5997247695922852,0.23891437683154845
109.853524684906,0.7986478805541992,0.8252087066171722,0.7986478805541992,0.7670649728066558
109.90370392799377,0.9993648529052734,0.9862719498729047,0.9993648529052734,0.9037227406818926
109.95381903648376,1.1998252868652344,1.0217103143687964,1.1998252868652344,0.9919925990600321
110.00364804267883,1.3991413116455078,1.0736275554213601,1.3991413116455078,1.030746207633234
110.05365777015686,1.5991802215576172,1.100888263243926,1.5991802215576172,1.0585230371947112
110.10389804840088,1.8001413345336914,1.1715539781064366,1.8001413345336914,1.1775544446085102
110.15380954742432,1.9997873306274414,1.312364800732514,1.9997873306274414,1.312283280898602
110.20367765426636,2.1992597579956055,1.4711808360970169,2.1992597579956055,1.5584593713446913
110.2537910938263,2.3997135162353516,1.5147230146739572,2.3997135162353516,1.6402707636454377
110.30373859405518,2.599503517150879,1.8444638759272651,2.599503517150879,1.94315239062521
110.35373663902283,2.7994956970214844,2.1595529643432148,2.7994956970214844,2.20339681722145
110.40382528305054,0.0,2.348169419565291,0.0,2.368705194058731
110.45378255844116,0.0,2.453651661896166,0.0,2.509277201007383
110.5035240650177,0.0,0.599473381090429,0.0,0.747894690139179
110.55369758605957,-0.12943882404976123,-0.3888802060908318,0.12943882404976123,-0.304560568677276
110.60371518135071,0.07063155711478955,-0.5098772285971489,0.32950920521431204,-0.5206681824017368
110.65358996391296,0.27013068736381296,-0.26788124211988695,0.5290083354633355,0.0554417237601299
110.70474362373352,0.4747453266460395,0.16230511807789144,0.733622974745562,0.4331754469261748
110.75384879112244,0.6711659962017036,0.4486473446251979,0.9300436443012261,0.6027885421533411
110.80381870269775,0.8710456425029731,0.45589876455648054,1.1299232906024956,0.6527612642438063
110.85371851921082,1.0706449085552192,0.405208949938913,1.3295225566547417,0.6688561043733865
110.90372252464294,1.2706609302837348,0.405208949938913,1.5295385783832574,0.6688561043733865
110.95380735397339,1.4710002476055122,0.6693239224150995,1.7298778957050347,0.7952154975251347
111.00370907783508,1.6706071430522895,1.0052119219535756,1.929484791151812,1.0371565084696863
111.05377388000488,1.8708663517314887,1.3710512636139571,2.1297439998310113,1.431506183026718
111.10370564460754,2.0705934101421333,1.4513022250426262,2.329471058241656,1.546523828367646
111.15368795394897,2.270522647507856,1.4795625834402721,2.5294002956073784,1.6461420651889762
111.20375347137451,2.4707847172100044,1.5721400914932708,2.729662365309527,1.78908273446382
111.2537887096405,2.670925670273969,1.7032350136642012,2.9298033183734917,2.0035518248122486
111.30373287200928,2.870702319749067,1.8285911699416848,3.1295799678485894,2.1252049827123614
111.3535704612732,3.070052676804731,2.4682121337640908,3.3289303249042534,2.7399883157900398
111.4037401676178,3.270731502183149,2.690477468771528,3.5296091502826714,3.0239990384659086
111.45366168022156,3.470417552598188,2.892761828256652,3.7292952006977105,3.1446059262018533
111.50411033630371,3.6722121769268012,3.1754191450065865,3.9310898250263238,3.2733457084592583
111.55367493629456,3.4739537769634223,3.363517751638406,3.732831425062945,3.3447174547706746
111.60386371612549,3.273198657639692,3.363517751638406,3.5320763057392144,3.3447174547706746
111.65369987487793,3.4725432926494575,3.286053086754305,3.73142094074898,3.415017848492649
111.70352244377136,3.671833568223188,3.0928624465210346,3.9307112163227105,3.3092777606851786
111.75370693206787,3.872571521409223,3.1575777147105852,4.131449169508746,3.3358729795339204
111.80354237556458,4.0719132953960395,3.3833221488198584,4.330790943495562,3.4788532775302827
111.8537163734436,4.272609286912153,3.5099009189486843,4.531486935011675,3.5637133594152965
111.90394282341003,4.4735150867778755,3.6137439928563193,4.732392734877398,3.8294801375441043
111.95374631881714,4.672729068406293,3.8515780635635286,4.931606716505816,4.141894480985604
112.00373697280884,4.87269168437309,4.0885903501973235,5.131569332472613,4.423265793824983
112.05349493026733,0.0,4.290242307107413,0.0,4.595084483231828
112.1037118434906,0.0,4.420293112230757,0.0,4.669726356748178
112.15355491638184,0.0,1.9563548875693149,0.0,2.121845874723686
112.2039589881897,0.2016162872314453,-0.06909844710193885,0.2016162872314453,0.12428999192841994
112.25379133224487,0.40094566345214844,-0.4757864073530298,0.40094566345214844,-0.35349865884544324
112.30379939079285,0.600977897644043,-0.009715486012058044,0.600977897644043,-0.029051746449334143
112.35390901565552,0.8014163970947266,0.6665495220189235,0.8014163970947266,0.5403115553929052
112.40379428863525,1.0009574890136719,0.7542628159144485,1.0009574890136719,0.6279010059400583
112.4538586139679,1.2012147903442383,0.7276756541494624,1.2012147903442383,0.7813459084932272
112.50394749641418,1.4015703201293945,0.8216649023257767,1.4015703201293945,0.9335466830672359
112.55374479293823,1.600759506225586,1.1639084676458065,1.600759506225586,1.2007151877371642
112.60379409790039,1.8009567260742188,1.2479229366513267,1.8009567260742188,1.2121566555194958
112.65374636650085,2.000765800476074,1.3784938115157832,2.000765800476074,1.2706950526038079
112.70414447784424,2.2023582458496094,1.6050743320572456,2.2023582458496094,1.6215639633784138
112.75359797477722,2.400172233581543,1.8398672124977618,2.400172233581543,1.9003996940678158
112.80370426177979,2.600597381591797,2.0676449268306154,2.600597381591797,2.1358765158257174
112.85379767417908,2.800971031188965,2.1902239845721074,2.800971031188965,2.236686179394768
112.90354657173157,2.999966621398926,2.2550367430180387,2.999966621398926,2.3778372369813257
112.95370364189148,0.0,2.357139360260847,0.0,2.511263094995284
113.0038332939148,0.0,2.2725219194955404,0.0,2.4009312496139517
113.05382442474365,0.0,2.2725219194955404,0.0,2.4009312496139517
113.1036286354065,0.0,-0.573262469000415,0.0,-0.4050250359106191
113.15352535247803,0.0,-0.9097322235203251,0.0,-0.7339785375974701
113.20386075973511,0.2013416290283203,-0.4784205687533545,0.2013416290283203,-0.40741177214797
113.25377035140991,0.40097999572753906,0.0958170198382937,0.40097999572753906,0.0510422547882698
113.3037211894989,0.6007833480834961,0.26833949695761217,0.6007833480834961,0.29745953477236875
113.35373306274414,0.8008308410644531,0.3816720564749308,0.8008308410644531,0.45190162609868023
113.40366077423096,1.0005416870117188,0.5132842741460729,1.0005416870117188,0.5435564964444141
113.45389914512634,1.2014951705932617,0.7748553877610371,1.2014951705932617,0.7386842864548219
113.50354933738708,1.4000959396362305,1.1021032632108825,1.4000959396362305,1.025953093719853
113.55370545387268,1.6007204055786133,1.2412072122353184,1.6007204055786133,1.1752372453996085
113.6037290096283,1.8008146286010742,1.3257252776714994,1.8008146286010742,1.2580821753879263
113.65352439880371,1.9999961853027344,1.5407392016335382,1.9999961853027344,1.4017212147046538
113.70374369621277,2.200873374938965,1.735535377190735,2.200873374938965,1.5732231719921619
113.75372791290283,2.4008102416992188,1.9461097075675342,2.4008102416992188,1.7315216273175689
113.80371379852295,2.6007537841796875,2.1555923898506553,2.6007537841796875,1.8434105900564317
113.8535783290863,2.8002119064331055,2.454125278748024,2.8002119064331055,2.07025904581248
113.90375256538391,3.000908851623535,2.6179611135328824,3.000908851623535,2.256425763816712
113.95380187034607,3.201106071472168,2.717457818346203,3.201106071472168,2.4695797868911304
114.00353598594666,0.0,2.7489978434136586,0.0,2.890357218206155
114.05362462997437,0.0,2.568590887599864,0.0,2.8812528665138104
114.10364747047424,0.0,0.9962605505753798,0.0,1.2507785185673053
114.15372586250305,0.0,-0.1675670026694808,0.0,-0.0826656165898485
114.20354199409485,0.0,-0.583578840996255,0.0,-0.6183301923003811
114.25362610816956,0.20033645629882812,-0.3015641690273629,0.20033645629882812,-0.3639705391464359
114.30372381210327,0.4007272720336914,0.010419401670233766,0.4007272720336914,-0.05746494469300721
114.35384631156921,0.6012172698974609,0.18920322248025917,0.6012172698974609,0.06531280435767285
114.40373992919922,0.8007917404174805,0.5147640998120684,0.8007917404174805,0.302299308638291
114.45381951332092,1.0011100769042969,0.6890076385124533,1.0011100769042969,0.5947368936039865
114.50351476669312,1.1998910903930664,0.9938770982638742,1.1998910903930664,0.9199227761427897
114.55395269393921,1.4016427993774414,1.0774651082167472,1.4016427993774414,0.9677526874065601
114.60373115539551,1.6007566452026367,1.2515230889470221,1.6007566452026367,1.048376327286915
114.65371823310852,1.8007049560546875,1.2515230889470221,1.8007049560546875,1.048376327286915
114.70371007919312,2.0006723403930664,1.4139505079815258,2.0006723403930664,1.1968936547724267
114.75382876396179,2.2011470794677734,1.5316502184186984,2.2011470794677734,1.377002726498408
114.80361676216125,2.400299072265625,1.8197666077008996,2.400299072265625,1.7548544124252428
114.85374855995178,2.6008262634277344,2.006282069737595,2.6008262634277344,2.0122004884059486
114.9036111831665,2.800276756286621,2.146852986260014,2.800276756286621,2.177130022200653
114.95360374450684,3.000247001647949,2.2892483626283733,3.000247001647949,2.3151168293545394
115.00364112854004,0.0,2.522603819347138,0.0,2.5752938919093795
115.05382871627808,0.0,2.522603819347138,0.0,2.5752938919093795
115.10381364822388,0.0,1.0539037612608493,0.0,1.0278498278791035
115.15358018875122,0.0,-0.5520631216817313,0.0,-0.6472657858834054
115.20371580123901,0.0,-0.614541751486774,0.0,-0.7830584218325157
115.25381469726562,0.2003955841064453,-0.23670998746492233,0.2003955841064453,-0.3589865551670291
115.30358481407166,0.3994760513305664,0.16028318612360004,0.3994760513305664,0.1698901506030105
115.35380697250366,0.6003646850585938,0.2986459601437035,0.6003646850585938,0.3116414279796805
115.4036214351654,0.7996225357055664,0.5905613422790403,0.7996225357055664,0.3632079474437788
115.45380902290344,1.0003728866577148,0.7131518263959611,1.0003728866577148,0.4841478900542935
115.50370860099792,1.1999711990356445,0.7956102039579294,1.1999711990356445,0.6483916700994163
115.55366587638855,1.3998003005981445,0.961985672272381,1.3998003005981445,0.860259933352558
115.60364818572998,1.5997295379638672,1.0947530906523955,1.5997295379638672,1.0373418771314937
115.65374374389648,1.8001117706298828,1.182941273729528,1.8001117706298828,1.1814877835424538
115.70384478569031,2.000515937805176,1.3195069369842498,2.000515937805176,1.2997929566208768
115.75386714935303,2.2006053924560547,1.4320346914035016,2.2006053924560547,1.353678435868278
115.80353903770447,2.3992929458618164,1.827217477065159,2.3992929458618164,1.7333397905885168
115.85353589057922,2.59928035736084,2.124888524949944,2.59928035736084,2.132771645469024
115.9036066532135,2.6907961886791854,2.347096757486008,2.6907961886791854,2.3356098155316904
115.95369029045105,2.662538079471548,2.347096757486008,2.662538079471548,2.3356098155316904
116.00387454032898,2.5079970398937177,2.711622380364669,2.5079970398937177,2.487574514362194
116.05382871627808,0.0,2.790603107147956,0.0,2.586101776342265
116.10366487503052,0.0,2.402476424059913,0.0,2.4307171452957643
116.15370464324951,0.20015907287597656,0.9249111923271341,0.20015907287597656,1.104289989134726
116.20364236831665,0.39990997314453125,-0.007987174533822916,0.39990997314453125,0.15574125366010322
116.2538390159607,0.6006965637207031,-0.024156030646450083,0.6006965637207031,0.029827605783693978
116.30381798744202,0.8006124496459961,0.21532354892558334,0.8006124496459961,0.1764178604840349
116.35363936424255,0.9998979568481445,0.7374966309717652,0.9998979568481445,0.5085531742063332
116.40362024307251,1.1998214721679688,0.9210444629043826,1.1998214721679688,0.7327962638385475
116.45374202728271,1.400308609008789,1.0538783671802459,1.400308609008789,1.0027409525435225
116.50355577468872,1.5995635986328125,1.273312914421834,1.5995635986328125,1.3152043838155019
116.5536060333252,1.799764633178711,1.4240105776968042,1.799764633178711,1.4355102641171844
116.60374212265015,1.8018949847520243,1.5752413402431884,1.8018949847520243,1.5350293015046108
116.65381336212158,1.7157744778552524,1.7083906697189932,1.7157744778552524,1.588337539241428
116.70384311676025,1.7157744778552524,1.8341434180840062,1.7157744778552524,1.6229414553424293
116.75354814529419,1.622712903726979,1.84863140301928,1.622712903726979,1.6545011188955907
116.80372428894043,1.6116039348728415,1.7856461266888084,1.6116039348728415,1.6640576214684892
116.8537368774414,1.7912471009325657,1.6855842516498412,1.7912471009325657,1.6470645984802432
116.9039421081543,1.7912471009325657,1.6056784097794288,1.7912471009325657,1.6117697258279486
116.95369076728821,1.638560632557203,1.5716042169093902,1.638560632557203,1.6312980816253946
117.00365710258484,1.638560632557203,1.525151302152627,1.638560632557203,1.550865064817271
117.05447220802307,1.8418210543101328,1.4716217814289054,1.8418210543101328,1.5126376692996033
117.10384202003479,2.0393003023570078,1.3928194453373497,2.0393003023570078,1.556567346813465
117.1536054611206,2.2383540667002695,1.5830465061437953,2.2383540667002695,1.7608410902466693
117.20384955406189,2.439330438465406,1.7204421462399881,2.439330438465406,1.8271188728598546
117.25370717048645,2.6387609041636484,2.1239892466450883,2.6387609041636484,2.0813502128917936
117.3038227558136,2.839223245472242,2.1239892466450883,2.839223245472242,2.0813502128917936
117.35382342338562,3.039225915760328,2.1239892466450883,3.039225915760328,2.0813502128917936
117.40368294715881,3.2386640108531015,2.463149610678314,3.2386640108531015,2.5252340568315077
117.45352625846863,3.4380372560923593,2.70227370862197,3.4380372560923593,2.6736288342449663
117.50372791290283,3.6388438738291757,2.9437059385920685,3.6388438738291757,2.933393907794008
117.55358386039734,3.838267663807203,3.215492270827715,3.838267663807203,3.2117799397404134
117.60381364822388,4.039186815113355,3.448986271300468,4.039186815113355,3.3383540633712463
117.653817653656,4.239202836841871,3.6366374990744186,4.239202836841871,3.2126116009972425
117.70377612113953,4.439036706775953,3.8281345646682383,4.439036706775953,3.194857041530126
117.75370717048645,4.638760904163648,3.902226696530688,4.638760904163648,3.301928310570352
117.8037657737732,4.838995317310621,4.000496419711008,4.838995317310621,3.364832268587553
117.85386085510254,5.039375642628004,4.138337822224554,5.039375642628004,3.482511917610051
117.90361714363098,5.238400796741773,4.3668752480963615,5.238400796741773,3.8490848151979216
117.95371794700623,5.43880401024275,4.432772387364617,5.43880401024275,4.0135204556514275
118.00379157066345,5.639098504871656,4.533002439486663,5.639098504871656,4.105981303319792
118.05385732650757,5.839361528248121,4.624161185829449,5.839361528248121,4.19331285540191
118.10371160507202,6.0387786425059335,4.910274096079981,6.0387786425059335,4.412972075460722
118.1538233757019,6.239225725025465,4.950332990079516,6.239225725025465,4.65806221820773
118.203693151474,6.438704828113844,4.9510247531376095,6.438704828113844,4.8293474383039285
118.25370812416077,6.638764718860914,5.203307593685691,6.638764718860914,4.904906697280992
118.30366683006287,6.8385995424693125,5.8331830559587665,6.8385995424693125,5.2868293153016594
118.35382175445557,7.039219240040113,6.069416591826064,7.039219240040113,5.5938908014334014
118.40376591682434,7.238995889515211,6.274933877934092,7.238995889515211,5.900979281197909
118.45374798774719,7.438924173206617,6.378456691509154,7.438924173206617,6.037215070985886
118.5037488937378,7.6389277971690195,6.292132978831553,7.6389277971690195,6.086725283946233
118.55373883247375,0.0,6.2065207929115855,0.0,6.07279546592914
118.60377955436707,-0.2001628875732422,5.781655739690114,-0.2001628875732422,5.640230873349724
118.65381574630737,-0.40030765533447266,3.285405463318318,-0.40030765533447266,3.2145341703141037
118.7042965888977,-0.6022310256958008,-0.8310950339540816,-0.6022310256958008,-0.6399610390195878
118.75369334220886,-0.7998180389404297,-2.0202406504406323,-0.7998180389404297,-1.5920374804710018
118.80360150337219,-0.99945068359375,-1.6495684573168918,-0.99945068359375,-1.1417881684532643
118.85376620292664,-1.2001094818115234,-1.3822553628155805,-1.2001094818115234,-0.9112675718683528
118.90377902984619,-1.400160789489746,-0.9640047127276014,-1.400160789489746,-0.7388043482064408
118.95374894142151,-1.6000404357910156,-1.0908615445337873,-1.6000404357910156,-1.0152165930524655
119.00369834899902,-1.7998380661010742,-1.3321990104404275,-1.7998380661010742,-1.4189319339175888
119.05376029014587,-2.0000858306884766,-1.539467918821115,-2.0000858306884766,-1.7922075936834765
119.10384321212769,-2.2004175186157227,-1.7693316130451937,-2.2004175186157227,-1.9775336247554096
119.15367221832275,-2.399733543395996,-2.1183675954282597,-2.399733543395996,-2.066319509880152
119.20367431640625,-2.5997419357299805,-2.1905849944188707,-2.5997419357299805,-2.1056244914065863
119.25375366210938,-2.8000593185424805,-2.2866446556079807,-2.8000593185424805,-2.2368681339382315
119.30383944511414,-3.0004024505615234,-2.4615125983272224,-3.0004024505615234,-2.392467800663442
119.35360765457153,-3.1994752883911133,-2.6168013395400718,-3.1994752883911133,-2.545207056402654
119.4036591053009,-3.3996810913085938,-2.7549322979998068,-3.3996810913085938,-2.699220831274804
119.4538083076477,-3.600277900695801,-2.7549322979998068,-3.600277900695801,-2.699220831274804
119.50391745567322,-3.8007144927978516,-2.7549322979998068,-3.8007144927978516,-2.699220831274804
119.55384731292725,-4.000433921813965,-3.0486028271212846,-4.000433921813965,-2.979608765866164
119.60373950004578,-4.200002670288086,-3.1596535519586086,-4.200002670288086,-3.031718270167996
119.65366721153259,-4.399713516235352,-3.358583559709632,-4.399713516235352,-3.2529694706360726
119.70373225212097,-4.599973678588867,-3.4613427651349937,-4.599973678588867,-3.4589933563528144
119.75368785858154,-4.799796104431152,-3.7190672325762835,-4.799796104431152,-3.7059759047958023
119.80367541313171,-4.999746322631836,-4.107783385551192,-4.999746322631836,-3.9825644593477048
119.85352563858032,-5.1991472244262695,-4.4803393014890185,-5.1991472244262695,-4.308277059815784
119.90376329421997,-5.400097846984863,-4.463179564307531,-5.400097846984863,-4.432917073687003
119.9539201259613,-5.600725173950195,-4.540147467552567,-5.600725173950195,-4.6841677505922625
120.00364279747009,-5.799615859985352,-4.60575702813826,-5.799615859985352,-4.895203893631183
120.05385494232178,-6.00046443939209,-4.802938710549695,-6.00046443939209,-5.171350283115917
120.10375952720642,0.0,-5.136373794987035,0.0,-5.39849042473336
120.15389943122864,0.0,-5.4773740042141315,0.0,-5.461287668626666
120.20372271537781,0.0,-4.012096493323728,0.0,-3.776407565336642
120.25361776351929,0.0,0.1655411111135301,0.0,0.35198758662459984
120.30361843109131,0.0,1.0491489858681804,0.0,1.3424010227467456
120.35374069213867,0.0,1.0491489858681804,0.0,1.3424010227467456
120.40379333496094,0.0,1.0491489858681804,0.0,1.3424010227467456
120.4537422657013,0.0,-0.4143650661425604,0.0,-0.271256192952699
120.50382232666016,0.0,-0.5208596037811094,0.0,-0.4019861332524919
120.55355715751648,0.0,-0.17578633117169015,0.0,-0.07312743558297617
131.40354418754578,0.20016860961914062,7.828209955420502e-110,0.20016860961914062,1.5709553443545687e-108
131.45378756523132,0.4011421203613281,2.8181555839513804e-110,0.4011421203613281,5.655439239676447e-109
131.50357294082642,0.6002836227416992,0.2573202015161514,0.6002836227416992,0.2601713955998421
131.55374455451965,0.8009700775146484,0.50487030605793,0.8009700775146484,0.5403486521458626
131.60359263420105,1.0003623962402344,0.652871688820076,1.0003623962402344,0.7023065196782112
131.65358066558838,1.2003145217895508,0.8472872711552231,1.2003145217895508,0.8459532231468865
131.70361042022705,1.4004335403442383,0.9725413133144276,1.4004335403442383,0.9582966889278498
131.75366926193237,1.6006689071655273,1.0860791805782282,1.6006689071655273,1.1225309988976624
131.8036026954651,1.8004026412963867,1.225754530551375,1.8004026412963867,1.281117099086801
131.85385990142822,2.001431465148926,1.225754530551375,2.001431465148926,1.281117099086801
131.903578042984,2.2003040313720703,1.665428854806051,2.2003040313720703,1.7044519138931171
131.95369029045105,2.4000000000000004,1.850515505474624,2.4000000000000004,1.8764438278412436
132.00353050231934,2.4000000000000004,1.9356381156927884,2.4000000000000004,1.9694140403366904
132.05379939079285,2.4000000000000004,1.9929809605411613,2.4000000000000004,2.029878476196338
132.10354661941528,2.4000000000000004,2.1761218083162124,2.4000000000000004,2.119199173503937
132.15376043319702,2.4000000000000004,2.1761218083162124,2.4000000000000004,2.119199173503937
132.20360279083252,2.4000000000000004,2.0824085179572074,2.4000000000000004,2.134210836100832
132.25373578071594,2.4000000000000004,2.114307075953768,2.4000000000000004,2.1453884906818006
132.3036072254181,2.4000000000000004,2.2276044382850633,2.4000000000000004,2.1642018282965365
132.35373401641846,2.4000000000000004,2.191357143909942,2.4000000000000004,2.205194887801011
132.4035325050354,2.4000000000000004,2.140895026275353,2.4000000000000004,2.205981074792385
132.45354342460632,2.4000000000000004,2.047561652091492,2.4000000000000004,2.160209314613346
132.50352692604065,2.4000000000000004,2.1864788555958325,2.4000000000000004,2.129616233082582
132.5538022518158,2.4000000000000004,2.329927607435886,2.4000000000000004,1.9832536312479863
132.60355472564697,2.4000000000000004,2.539491627610448,2.4000000000000004,1.9350483927556321
132.65361309051514,2.4000000000000004,2.5709451105582914,2.4000000000000004,2.1657740633521714
132.7035367488861,2.4000000000000004,2.5246448079578996,2.4000000000000004,2.2736222005387687
132.7536382675171,2.4000000000000004,2.2654130059206397,2.4000000000000004,2.320794471045744
132.80360317230225,2.4000000000000004,2.2654130059206397,2.4000000000000004,2.320794471045744
132.8535439968109,2.4000000000000004,2.219716781140865,2.4000000000000004,2.035015155184911
132.9036419391632,2.4000000000000004,2.3494344402890803,2.4000000000000004,2.038214391222708
132.95372366905212,2.4000000000000004,2.4252541965082193,2.4000000000000004,2.1371331354681655
133.0035297870636,2.4000000000000004,2.469702154745752,2.4000000000000004,2.221985729974747
133.05380272865295,2.4000000000000004,2.4685006445205415,2.4000000000000004,2.2971358998293914
133.10353803634644,2.4000000000000004,2.3381441906690736,2.4000000000000004,2.274803335983937
133.1538188457489,2.4000000000000004,2.265066259226804,2.4000000000000004,2.252242685146112
133.20353269577026,2.4000000000000004,2.2539738773542424,2.4000000000000004,2.2264166739417237
133.25360012054443,2.4000000000000004,2.305175273020601,2.4000000000000004,2.262780428413148
133.30369400978088,2.4000000000000004,2.329115608358217,2.4000000000000004,2.3696893407643778
133.35382652282715,2.4000000000000004,2.3826713963832256,2.4000000000000004,2.4524423058178764
133.40358114242554,2.4000000000000004,2.390990948837487,2.4000000000000004,2.4370171943430927
133.45365071296692,2.4000000000000004,2.303613745342574,2.4000000000000004,2.3322571031382644
133.5036027431488,2.4000000000000004,2.2548976480379874,2.4000000000000004,2.2865932433175193
133.55379390716553,2.4000000000000004,2.259539232471532,2.4000000000000004,2.263718334974068
133.6035726070404,2.4000000000000004,2.201564328965438,2.4000000000000004,2.1151571443860764
133.6536636352539,2.4000000000000004,2.23183978692182,2.4000000000000004,2.104469453257979
133.7035574913025,2.4000000000000004,2.2517446223336033,2.4000000000000004,2.1375555926427823
133.75372743606567,2.4000000000000004,2.124180300597104,2.4000000000000004,2.121786944885215
133.80361151695251,2.4000000000000004,1.9990736568798133,2.4000000000000004,2.1947464011260847
133.85378909111023,2.4000000000000004,2.0167746993838374,2.4000000000000004,2.238321370916926
133.90352964401245,2.4000000000000004,2.1635785438452904,2.4000000000000004,2.302697203715712
133.953688621521,2.4000000000000004,2.2384688784301785,2.4000000000000004,2.196895821867014
134.00358486175537,2.4000000000000004,2.380823190079469,2.4000000000000004,2.0708203735271544
134.05358171463013,2.4000000000000004,2.4588667224787963,2.4000000000000004,2.1334454522153736
134.10354471206665,2.4000000000000004,2.3329646565059408,2.4000000000000004,2.1968050350768924
134.15378332138062,2.4000000000000004,2.3337198154046384,2.4000000000000004,2.22694410145367
134.203547000885,2.4000000000000004,2.360300352188858,2.4000000000000004,2.2166046139958553
134.2537808418274,2.4000000000000004,2.4126372706936285,2.4000000000000004,2.333107646847834
134.30353379249573,2.4000000000000004,2.4526822856626946,2.4000000000000004,2.449856286738053
134.3537106513977,2.4000000000000004,2.4401607522331012,2.4000000000000004,2.490718242702628
134.40354895591736,2.4000000000000004,2.4294967559204936,2.4000000000000004,2.523264383260397
134.45355319976807,2.4000000000000004,2.2418038062215757,2.4000000000000004,2.4015869392122244
134.5035367012024,2.4000000000000004,2.0821664385304777,2.4000000000000004,2.1913266596734076
134.55383324623108,2.4000000000000004,2.027451755486939,2.4000000000000004,2.114889159829839
134.60353708267212,2.4000000000000004,2.08743454046834,2.4000000000000004,2.235591512333664
134.65354132652283,2.4000000000000004,2.266962007820629,2.4000000000000004,2.3478752620864345
134.70352697372437,2.4000000000000004,2.38315389018298,2.4000000000000004,2.316926073355023
134.75376868247986,2.4000000000000004,2.436126026278977,2.4000000000000004,2.3132295079961684
134.80354499816895,2.4000000000000004,2.4522793554042863,2.4000000000000004,2.2776617508206782
134.85357975959778,2.4000000000000004,2.279403477585258,2.4000000000000004,2.248886053823629
134.9036111831665,2.4000000000000004,2.1930147515568525,2.4000000000000004,2.2029647964465138
134.95379638671875,2.4000000000000004,2.1930147515568525,2.4000000000000004,2.2029647964465138
135.00361394882202,2.4000000000000004,2.4101887447760113,2.4000000000000004,2.2659357966099467
135.0535032749176,2.4000000000000004,2.2923870437815914,2.4000000000000004,2.3058827181578363
135.10353708267212,2.4000000000000004,2.272111913768955,2.4000000000000004,2.35975343346123
135.15383219718933,2.4000000000000004,2.2027851946404624,2.4000000000000004,2.3266499421568163
135.20354962348938,2.4000000000000004,2.307137612913026,2.4000000000000004,2.3085588088524003
135.25357460975647,2.4000000000000004,2.2856597757274093,2.4000000000000004,2.0920222922278047
135.3036048412323,2.4000000000000004,2.326532148931057,2.4000000000000004,1.995049988893721
135.3538191318512,2.4000000000000004,2.326532148931057,2.4000000000000004,1.995049988893721
135.40355467796326,2.4000000000000004,2.460091307056275,2.4000000000000004,2.229573900618732
135.45355439186096,2.4000000000000004,2.5062679021032084,2.4000000000000004,2.4095226930634315
135.50354385375977,2.4000000000000004,2.5306046808411393,2.4000000000000004,2.38648061777554
135.55361080169678,2.4000000000000004,2.4755186177962916,2.4000000000000004,2.3218926697685793
135.60361289978027,2.4000000000000004,2.4256659008624757,2.4000000000000004,2.334410747637074
135.65381002426147,2.4000000000000004,2.3186775480248096,2.4000000000000004,2.263924456089569
135.7035412788391,0.0,2.1307303673422404,0.0,2.088813267727592
135.75361037254333,0.0,2.1835516512297177,0.0,2.016925831763708
135.8036835193634,0.0,1.0683467395270796,0.0,0.9800871174497952
135.85374784469604,0.0,-0.06279493306285391,0.0,0.06543107846844964
135.90392088890076,0.0,-0.49802106714560834,0.0,-0.20475628264736379
135.9536452293396,0.0,-0.3068392865936347,0.0,-0.10860096954510716
136.00368666648865,0.0,-0.050587082257761505,0.0,0.0074731451217909806
136.05365538597107,0.0,0.022576556139864708,0.0,0.015164303342506175
136.10372710227966,0.0,0.013117148918036765,0.0,-0.002100833483932657
210.50350332260132,0.19922447204589844,5e-324,0.19922447204589844,-5e-324
210.55353593826294,0.3993549346923828,0.03326392471790314,0.3993549346923828,0.0332639254629612
210.60354614257812,0.599395751953125,0.24007047998905182,0.599395751953125,0.1889866115152836
210.65369820594788,0.8000040054321289,0.4893113891649246,0.8000040054321289,0.3558404286444187
210.70353627204895,0.9993562698364258,0.7393690001566696,0.9993562698364258,0.540893271106863
210.75375533103943,1.2002325057983398,0.836411539969426,1.2002325057983398,0.6651684836882534
210.80355954170227,1.399449348449707,0.9305917254415446,1.399449348449707,0.7544729565264529
210.85355043411255,1.5994129180908203,1.1471361281441346,1.5994129180908203,0.9369408886245149
210.90355730056763,1.7994403839111328,1.1471361281441346,1.7994403839111328,0.9369408886245149
210.9538242816925,2.0005083084106445,1.5234192761292937,2.0005083084106445,1.367256501491787
211.00358486175537,2.1995506286621094,1.612593969852381,2.1995506286621094,1.4856323356484902
211.053795337677,2.4000000000000004,1.81577686350965,2.4000000000000004,1.6971458705087494
211.1035430431366,2.4000000000000004,2.117064799728319,2.4000000000000004,2.0053912058921526
211.15370965003967,2.4000000000000004,2.2615146181091044,2.4000000000000004,2.1805638333124593
211.20353507995605,2.4000000000000004,2.399663918296255,2.4000000000000004,2.3001129767881396
211.25358867645264,2.4000000000000004,2.4818597874097303,2.4000000000000004,2.2317597305161456
211.30354380607605,2.4000000000000004,2.467565859832249,2.4000000000000004,2.2147742546337614
211.35365438461304,2.4000000000000004,2.4034881992857033,2.4000000000000004,2.2358753742005026
211.40354323387146,2.4000000000000004,2.4034881992857033,2.4000000000000004,2.2358753742005026
211.4538025856018,2.4000000000000004,2.4034881992857033,2.4000000000000004,2.2358753742005026
211.50355863571167,2.4000000000000004,2.3739329159450993,2.4000000000000004,2.065017914611181
211.55387115478516,2.4000000000000004,2.372876357323854,2.4000000000000004,2.0513914021866606
211.60354161262512,2.4000000000000004,2.2875490205121976,2.4000000000000004,2.122424740541592
211.65380668640137,2.4000000000000004,2.2046101003873204,2.4000000000000004,2.287432558160525
211.70352482795715,2.4000000000000004,2.283282155966498,2.4000000000000004,2.4380765633915304
211.75377321243286,2.4000000000000004,2.3931079227360743,2.4000000000000004,2.309442229645292
211.80350017547607,2.4000000000000004,2.510917140168414,2.4000000000000004,2.1811624242828263
211.85380029678345,2.4000000000000004,2.5044679362311753,2.4000000000000004,2.140295545695184
211.90353178977966,2.4000000000000004,2.447367988273175,2.4000000000000004,2.080451164339581
211.9538414478302,2.4000000000000004,2.418818570521278,2.4000000000000004,2.056108828601002
212.00350618362427,2.4000000000000004,2.3004353312891186,2.4000000000000004,2.101309667481673
212.0538899898529,2.4000000000000004,2.3004353312891186,2.4000000000000004,2.101309667481673
212.10353636741638,2.4000000000000004,2.250926668187389,2.4000000000000004,2.1109534555542457
212.15386652946472,2.4000000000000004,2.28194590493465,2.4000000000000004,2.1148021014850134
212.2035300731659,2.4000000000000004,2.28194590493465,2.4000000000000004,2.1148021014850134
212.25379943847656,2.4000000000000004,2.206869022767096,2.4000000000000004,2.152178217001609
212.30353903770447,2.4000000000000004,2.1345207088108813,2.4000000000000004,2.1488011522591277
212.35382413864136,2.4000000000000004,2.127430450494048,2.4000000000000004,2.1511186744868853
212.40362334251404,2.4000000000000004,2.055881991009107,2.4000000000000004,2.224262256324055
212.45383310317993,2.4000000000000004,2.005334558732578,2.4000000000000004,2.2631589718698604
212.50350332260132,2.4000000000000004,2.0302773461272485,2.4000000000000004,2.2213672738566093
212.55374336242676,2.4000000000000004,2.173842017435483,2.4000000000000004,2.227936803511731
212.60364651679993,2.4000000000000004,2.265203747004313,2.4000000000000004,2.292993766979677
212.65371870994568,2.4000000000000004,2.3288372443378127,2.4000000000000004,2.2832330451904426
212.70353412628174,2.4000000000000004,2.30792931551061,2.4000000000000004,2.242670594879361
212.75368738174438,2.4000000000000004,2.1965944713389467,2.4000000000000004,2.2223574945551294
212.80354809761047,2.4000000000000004,2.0970482520831437,2.4000000000000004,2.1918112073858547
212.85375118255615,2.4000000000000004,2.083252566787224,2.4000000000000004,2.1684924281067834
212.90353775024414,2.4000000000000004,2.138867656373723,2.4000000000000004,2.234290692201633
212.9538173675537,2.4000000000000004,2.2438328714335842,2.4000000000000004,2.3290396069746593
213.00354504585266,2.4000000000000004,2.321649863165553,2.4000000000000004,2.3600617719386117
213.0538079738617,2.4000000000000004,2.2910905625254876,2.4000000000000004,2.301592443204907
213.10354161262512,2.4000000000000004,2.0831371572315183,2.4000000000000004,2.21607231627352
213.15372943878174,2.4000000000000004,2.022274452210646,2.4000000000000004,2.253082636107613
213.20353174209595,2.4000000000000004,2.164159283157602,2.4000000000000004,2.3509186074253674
213.2538423538208,2.4000000000000004,2.231622013491302,2.4000000000000004,2.338455265704993
213.303528547287,2.4000000000000004,2.229972321882931,2.4000000000000004,2.2878844783106578
213.3538646697998,2.4000000000000004,2.1778974766105934,2.4000000000000004,2.245908644521185
213.40361213684082,2.4000000000000004,1.9880923006800049,2.4000000000000004,2.190921819699181
213.45353531837463,2.4000000000000004,2.046975779926312,2.4000000000000004,2.187021990023407
213.5035924911499,2.4000000000000004,2.183891919277501,2.4000000000000004,2.2438125584372353
213.55378675460815,2.4000000000000004,2.2894824649175614,2.4000000000000004,2.282335347194021
213.60354781150818,0.0,2.444506840580763,0.0,2.3109765881616333
213.65369176864624,0.0,2.222459381821416,0.0,2.119740601813261
213.7038025856018,0.0,0.8604149738559705,0.0,0.8643446331389418
213.75361037254333,0.0,-0.2490845017572791,0.0,-0.0846766043245433
213.80376863479614,0.0,-0.5770437646781563,0.0,-0.2714286065741938
213.85387468338013,0.0,-0.5770437646781563,0.0,-0.2714286065741938
213.9038302898407,0.0,0.03194893352764642,0.0,0.013322543883608262
213.95387268066406,0.0,0.14455731136528657,0.0,0.051749423188311994
214.00371956825256,0.0,0.05866711647661973,0.0,0.017165381857897954
214.05374884605408,0.0,0.013443871955939943,0.0,0.006179537468843263
290.2036099433899,-0.19915485382080078,5e-324,-0.19915485382080078,5e-324
290.25373220443726,-0.3996438980102539,-0.03326392471790314,-0.3996438980102539,-0.024947943538427355
290.30354046821594,-0.598876953125,-0.2467664693593979,-0.598876953125,-0.1945248290002346
290.35371232032776,-0.7995643615722656,-0.5655659669237136,-0.7995643615722656,-0.4304010784552097
290.40353751182556,-0.9988651275634766,-0.666612745532875,-0.9988651275634766,-0.5602408426735019
290.45386004447937,-1.200155258178711,-0.666612745532875,-1.200155258178711,-0.5602408426735019
290.50353264808655,-1.3988456726074219,-0.8892695770867161,-1.3988456726074219,-0.8110449767583832
290.5538718700409,-1.6002025604248047,-0.987078692896634,-1.6002025604248047,-0.9838657828500589
290.6035430431366,-1.7988872528076172,-1.2061212329256827,-1.7988872528076172,-1.2552439162039197
290.65382409095764,-1.7999999999999998,-1.3022336197443591,-1.7999999999999998,-1.38327764471424
290.70354986190796,-1.7999999999999998,-1.4062419044690533,-1.7999999999999998,-1.4742977035047498
290.7538185119629,-1.7999999999999998,-1.5165983990894674,-1.7999999999999998,-1.5991093528461862
290.8036096096039,-1.7999999999999998,-1.5131084760212987,-1.7999999999999998,-1.6452212600299982
290.85389018058777,-1.7999999999999998,-1.5091744566073473,-1.7999999999999998,-1.6460143010848323
290.90364599227905,-1.7999999999999998,-1.626590741007314,-1.7999999999999998,-1.5977503755791236
290.95372343063354,-1.7999999999999998,-1.6836953207238148,-1.7999999999999998,-1.5652567112125126
291.0035033226013,-1.7999999999999998,-1.720846257208473,-1.7999999999999998,-1.5785071660830845
291.05374217033386,-1.7999999999999998,-1.7380815130229066,-1.7999999999999998,-1.6370468596132137
291.1035852432251,-1.7999999999999998,-1.7380815130229066,-1.7999999999999998,-1.6370468596132137
291.153892993927,-1.7999999999999998,-1.8199163801705323,-1.7999999999999998,-1.7390468353303965
291.20349502563477,-1.7999999999999998,-1.8999576700809464,-1.7999999999999998,-1.7730515120231014
291.25358271598816,-1.7999999999999998,-1.8545580148607326,-1.7999999999999998,-1.7328399652649007
291.3035206794739,-1.7999999999999998,-1.6693385496107278,-1.7999999999999998,-1.7600877893355742
291.35380005836487,-1.7999999999999998,-1.5920821590793446,-1.7999999999999998,-1.7930962781567783
291.40350341796875,-1.7999999999999998,-1.6733846198405855,-1.7999999999999998,-1.8387654926941184
291.4536874294281,-1.7999999999999998,-1.7470014776658398,-1.7999999999999998,-1.7439302300431456
291.50354385375977,-1.7999999999999998,-1.7645139176561133,-1.7999999999999998,-1.7412322888976859
291.5537576675415,-1.7999999999999998,-1.7955367855637203,-1.7999999999999998,-1.7896346806361625
291.6035542488098,-1.7999999999999998,-1.8174443657641965,-1.7999999999999998,-1.8388510321899862
291.6537837982178,-1.7999999999999998,-1.8174443657641965,-1.7999999999999998,-1.8388510321899862
291.703542470932,-1.7999999999999998,-1.6970233772917407,-1.7999999999999998,-1.8557959440422795
291.7538011074066,-1.7999999999999998,-1.6952043576737816,-1.7999999999999998,-1.8374413791801718
291.803551197052,-1.7999999999999998,-1.741484821875823,-1.7999999999999998,-1.8120771963395015
291.85374307632446,-1.7999999999999998,-1.7703818873309847,-1.7999999999999998,-1.8290590686439514
291.9035334587097,-1.7999999999999998,-1.7960308073429023,-1.7999999999999998,-1.8670504990639345
291.9537863731384,-1.7999999999999998,-1.8274403790879639,-1.7999999999999998,-1.8779553784163734
292.00350284576416,-1.7999999999999998,-1.8415197842209956,-1.7999999999999998,-1.8597051982843378
292.05372977256775,-1.7999999999999998,-1.770160581334451,-1.7999999999999998,-1.7996752220903693
292.1035361289978,-1.7999999999999998,-1.6929276807540934,-1.7999999999999998,-1.7206428747812121
292.1538372039795,-1.7999999999999998,-1.7056750073095728,-1.7999999999999998,-1.7099841535949234
292.20354175567627,-1.7999999999999998,-1.7825356572307234,-1.7999999999999998,-1.6868498480505267
292.2539486885071,-1.7999999999999998,-1.8329723399676234,-1.7999999999999998,-1.718372283799166
292.3036150932312,0.0,-1.8880307385830313,0.0,-1.8875597936106785
292.3536608219147,0.0,-1.6823607579293811,0.0,-1.7613910325357818
292.40381717681885,0.0,-0.604203613832818,0.0,-0.7693258513685287
292.45365476608276,0.0,0.19440494099787725,0.0,0.02845478810037777
292.5035455226898,0.19956302642822266,0.2624362412275759,0.19956302642822266,0.2829971161638476
292.5536389350891,0.3999366760253906,0.10279302846843794,0.3999366760253906,0.18088077773409286
292.60358238220215,0.5997104644775391,0.22827304798884918,0.5997104644775391,0.25638463772448494
292.6540472507477,0.801569938659668,0.4455504991955414,0.801569938659668,0.4484393763915751
292.70354747772217,0.9995708465576172,0.4970097648112091,0.9995708465576172,0.5066630821452173
292.7536084651947,1.199814796447754,0.7519777521558852,1.199814796447754,0.7222933948458157
292.80355739593506,1.3996105194091797,0.9152005185509295,1.3996105194091797,0.929462074533257
292.853773355484,1.6004743576049805,1.0848318172630516,1.6004743576049805,1.1306678316456629
292.9036102294922,1.7998218536376953,1.2371062934328383,1.7998218536376953,1.2538448236511668
292.95352244377136,1.9994707107543945,1.4954615347370228,1.9994707107543945,1.3831761087397068
293.00354862213135,2.199575424194336,1.6232236592573424,2.199575424194336,1.5215650250465629
293.0537576675415,2.4000000000000004,1.7393417394853532,2.4000000000000004,1.7144593566638575
293.1036124229431,2.4000000000000004,1.860752891374283,2.4000000000000004,1.9628974617239026
293.15361046791077,2.4000000000000004,2.0416462770245025,2.4000000000000004,2.12108296468435
293.20359539985657,2.4000000000000004,2.212038787048157,2.4000000000000004,2.179865363769215
293.2537467479706,2.4000000000000004,2.2851527709392654,2.4000000000000004,2.2328684771773153
293.30354857444763,2.4000000000000004,2.3522701244536677,2.4000000000000004,2.280953788763171
293.35395216941833,2.4000000000000004,2.308053893362891,2.4000000000000004,2.221792086603362
293.4035475254059,2.4000000000000004,2.256981602614669,2.4000000000000004,2.1693063824089
293.4535801410675,2.4000000000000004,2.1946125545918926,2.4000000000000004,2.2212462440452687
293.5039236545563,2.4000000000000004,2.171701354461431,2.4000000000000004,2.2561333089585913
293.55413722991943,2.4000000000000004,2.1051381502190303,2.4000000000000004,2.208858858687251
293.6035313606262,2.4000000000000004,2.1857167870110312,2.4000000000000004,2.2307874894209654
293.65353894233704,2.4000000000000004,2.206118764530636,2.4000000000000004,2.302731952765034
293.70357942581177,2.4000000000000004,2.181783560055858,2.4000000000000004,2.362687917363088
293.7536334991455,2.4000000000000004,2.108767696549308,2.4000000000000004,2.3060812515538123
293.8035295009613,2.4000000000000004,2.174795166372497,2.4000000000000004,2.2460218288008944
293.8537290096283,2.4000000000000004,2.216838918585505,2.4000000000000004,2.285248461395666
293.9035563468933,2.4000000000000004,2.168535662576768,2.4000000000000004,2.338919581066429
293.95368242263794,2.4000000000000004,2.0982937548942138,2.4000000000000004,2.330571515950272
294.0036005973816,2.4000000000000004,2.0908143549191496,2.4000000000000004,2.157490422542915
294.0537233352661,2.4000000000000004,2.090378061378987,2.4000000000000004,2.040725621062288
294.10354924201965,2.4000000000000004,2.1047868974608153,2.4000000000000004,2.0697015210906633
294.153528213501,2.4000000000000004,2.194413859911961,2.4000000000000004,2.2096340521914475
294.2035622596741,2.4000000000000004,2.309041437841011,2.4000000000000004,2.338280692031719
294.2536988258362,2.4000000000000004,2.415702311040122,2.4000000000000004,2.365124078153636
294.3035385608673,2.4000000000000004,2.484616239490924,2.4000000000000004,2.3283628218981263
294.3536801338196,2.4000000000000004,2.5157854813720073,2.4000000000000004,2.387422669273647
294.40360498428345,2.4000000000000004,2.4706780049223407,2.4000000000000004,2.3855630975992796
294.4535503387451,2.4000000000000004,2.428788891308709,2.4000000000000004,2.2495858168561025
294.50359416007996,2.4000000000000004,2.390248457505657,2.4000000000000004,2.1546638022408042
294.55385065078735,2.4000000000000004,2.390248457505657,2.4000000000000004,2.1546638022408042
294.60359501838684,2.4000000000000004,2.041897558548987,2.4000000000000004,2.33768502262632
294.653520822525,2.4000000000000004,2.1107840335532213,2.4000000000000004,2.4025949646975993
294.70357513427734,2.4000000000000004,2.261025240284116,2.4000000000000004,2.405487690327635
294.75360107421875,2.4000000000000004,2.4489826539124775,2.4000000000000004,2.351787821426931
294.8036208152771,2.4000000000000004,2.4402861277687213,2.4000000000000004,2.34827213858662
294.8537006378174,2.4000000000000004,2.2951122169647573,2.4000000000000004,2.344279270321481
294.90357851982117,2.4000000000000004,2.1749070081820143,2.4000000000000004,2.290973830903844
294.9538390636444,2.4000000000000004,2.1749070081820143,2.4000000000000004,2.290973830903844
295.0035367012024,2.4000000000000004,2.1939112422601004,2.4000000000000004,2.211143363244036
295.05387449264526,2.4000000000000004,2.393362258386069,2.4000000000000004,2.1980188513546985
295.1035361289978,2.4000000000000004,2.510093641702457,2.4000000000000004,2.295839618137472
295.15382146835327,2.4000000000000004,2.4329477426138366,2.4000000000000004,2.3250316490498757
295.20352959632874,2.4000000000000004,2.3828425095514563,2.4000000000000004,2.3596727675060976
295.2537190914154,2.4000000000000004,2.129683504830825,2.4000000000000004,2.387802490281217
295.3035261631012,2.4000000000000004,2.095001295923362,2.4000000000000004,2.387941520936663
295.35348439216614,2.4000000000000004,2.19727351764375,2.4000000000000004,2.4037951968609423
295.40359115600586,2.4000000000000004,2.349670857785466,2.4000000000000004,2.3788747909962824
295.45399928092957,2.4000000000000004,2.408361939405795,2.4000000000000004,2.1897238775479684
295.5038845539093,0.0,2.3991426184258122,0.0,2.095309479140022
295.55366492271423,0.0,2.1360363943987344,0.0,2.001708520568411
295.6035408973694,0.0,0.7421771580080958,0.0,0.7899148850859404
295.65375232696533,0.0,-0.23177507063982117,0.0,-0.10673999944134241
295.7035915851593,0.0,-0.4518915958097303,0.0,-0.41383300529223277
295.7536897659302,0.0,-0.21673484880533422,0.0,-0.23629768212903118
295.80358028411865,0.0,-0.04604000325968243,0.0,-0.08506716556645122
297.40353178977966,0.1991443634033203,-5.059057337563211e-17,0.1991443634033203,-9.971513717961243e-19
297.45360708236694,0.3994455337524414,0.04989588707685469,0.3994455337524414,0.024947943538427355
297.50353384017944,0.5991525650024414,0.2346842102408409,0.5991525650024414,0.1745777448117733
297.5536253452301,0.7995185852050781,0.553834436439991,0.7995185852050781,0.4053977300665379
297.6035876274109,0.9993677139282227,0.7308471696747018,0.9993677139282227,0.5405742872932531
297.6538517475128,1.2004241943359375,0.8147799025954964,1.2004241943359375,0.6340520745222202
297.70355010032654,1.3992176055908203,1.0150194975348459,1.3992176055908203,0.816906791904783
297.75359177589417,1.5993843078613281,1.1922531227807576,1.5993843078613281,0.9676809079572735
297.8035628795624,1.7992687225341797,1.378679202814354,1.7992687225341797,1.1584139597579899
297.85350370407104,1.9990320205688477,1.6716885276168605,1.9990320205688477,1.516793041681017
297.903559923172,2.1992568969726562,1.8727066984485394,2.1992568969726562,1.774641300173318
297.95386934280396,2.4000000000000004,1.8727066984485394,2.4000000000000004,1.774641300173318
298.0036211013794,2.4000000000000004,1.8727066984485394,2.4000000000000004,1.774641300173318
298.05374097824097,2.4000000000000004,2.02768572064939,2.4000000000000004,2.2631335166279616
298.10357546806335,2.4000000000000004,2.151151321180898,2.4000000000000004,2.3991628169170793
298.15382075309753,2.4000000000000004,2.151151321180898,2.4000000000000004,2.3991628169170793
298.2035143375397,2.4000000000000004,2.1925706897254105,2.4000000000000004,1.9774151280103198
298.25357389450073,2.4000000000000004,1.902114443079657,2.4000000000000004,1.7869508302478851
298.3036274909973,2.4000000000000004,1.78644787505723,2.4000000000000004,1.8295950473404716
298.35375332832336,2.4000000000000004,1.8452424475030553,2.4000000000000004,1.943935217179899
298.40356826782227,2.4000000000000004,2.011548433368556,2.4000000000000004,2.0787509471361796
298.4535994529724,2.4000000000000004,2.281998394560489,2.4000000000000004,2.3374798872748963
298.50353956222534,2.4000000000000004,2.428771752821805,2.4000000000000004,2.4064091126446705
298.5537087917328,2.4000000000000004,2.46878446294334,2.4000000000000004,2.3312938528177063
298.6035671234131,2.4000000000000004,2.5300907188370703,2.4000000000000004,2.25956190598548
298.65417981147766,2.4000000000000004,2.5360128841536596,2.4000000000000004,2.2901228891821166
298.70361375808716,2.4000000000000004,2.487939089360381,2.4000000000000004,2.316114228737764
298.75372791290283,2.4000000000000004,2.484153151712487,2.4000000000000004,2.329489413641732
298.8035430908203,2.4000000000000004,2.4637474871402993,2.4000000000000004,2.322640732673231
298.8537447452545,2.4000000000000004,2.398577465655542,2.4000000000000004,2.2766955360462986
298.9036138057709,2.4000000000000004,2.247484099540215,2.4000000000000004,2.2141721539073385
298.95400977134705,2.4000000000000004,2.0624313586973315,2.4000000000000004,2.2226986894264176
299.0035319328308,2.4000000000000004,2.001948632026547,2.4000000000000004,2.206801548335112
299.0536286830902,2.4000000000000004,2.1715403260796666,2.4000000000000004,2.265256205105718
299.10353803634644,2.4000000000000004,2.1715403260796666,2.4000000000000004,2.265256205105718
299.1536042690277,2.4000000000000004,2.5365393830893286,2.4000000000000004,2.3660586114799678
299.20358085632324,2.4000000000000004,2.497726493128223,2.4000000000000004,2.2949817741897953
299.25372433662415,2.4000000000000004,2.242971720593482,2.4000000000000004,2.24952780836775
299.30349922180176,2.4000000000000004,1.9889835243386216,2.4000000000000004,2.2338148366703003
299.3536231517792,2.4000000000000004,2.0762909123287985,2.4000000000000004,2.2642219595179585
299.40357303619385,2.4000000000000004,2.2775328970785043,2.4000000000000004,2.260654268219434
299.45387053489685,2.4000000000000004,2.440340052253071,2.4000000000000004,2.1428084626988273
299.5035455226898,2.4000000000000004,2.5430151594422092,2.4000000000000004,2.1574078174303426
299.5536239147186,2.4000000000000004,2.5887168420664706,2.4000000000000004,2.387584563128552
299.603556394577,2.4000000000000004,2.5887168420664706,2.4000000000000004,2.387584563128552
299.65367555618286,2.4000000000000004,2.384080087985721,2.4000000000000004,2.4114330296176663
299.70355677604675,2.4000000000000004,2.2803015121863344,2.4000000000000004,2.4032459146186587
299.75371623039246,2.4000000000000004,2.2912039315257418,2.4000000000000004,2.4326030840340707
299.803569316864,2.4000000000000004,2.374164536793969,2.4000000000000004,2.4442589722822947
299.8537030220032,2.4000000000000004,2.383538048934916,2.4000000000000004,2.375363537409932
299.9035675525665,2.4000000000000004,2.2734565985977127,2.4000000000000004,2.138993460146219
299.95368361473083,2.4000000000000004,2.2427450890343,2.4000000000000004,2.112690595939504
300.0035367012024,2.4000000000000004,2.2746164444089154,2.4000000000000004,2.1811550574856087
300.0538046360016,2.4000000000000004,2.315167691886438,2.4000000000000004,2.2353308747623615
300.10350275039673,2.4000000000000004,2.315167691886438,2.4000000000000004,2.2353308747623615
300.153621673584,2.4000000000000004,2.509314187844258,2.4000000000000004,2.3475410433753545
300.20350766181946,2.4000000000000004,2.510737448024548,2.4000000000000004,2.34859201265241
300.25386929512024,2.4000000000000004,2.510737448024548,2.4000000000000004,2.34859201265241
300.30357789993286,2.4000000000000004,2.3250405111443206,2.4000000000000004,2.1603270662680556
300.35378074645996,2.4000000000000004,2.3137421678621295,2.4000000000000004,2.048594468406158
300.4036979675293,2.4000000000000004,2.416930110321143,2.4000000000000004,2.058671455318573
300.4537944793701,2.4000000000000004,2.3836033121582383,2.4000000000000004,2.169094460273329
300.50356793403625,0.0,2.3208420291842167,0.0,2.219177085303501
300.55354261398315,0.0,2.1091690066759834,0.0,2.166894954282978
300.6035304069519,0.0,0.8484006391157526,0.0,1.0390655831118605
300.6538550853729,0.0,-0.05552892448223287,0.0,0.15289812811446835
300.7035210132599,0.0,-0.38666171957384343,0.0,-0.2603618102659956
300.7537307739258,0.0,-0.22235802726506276,0.0,-0.1614460948666397
300.80355620384216,0.0,-0.03890286281666426,0.0,-0.02420585481144654
300.8537175655365,0.0,0.043872518735015055,0.0,0.0698712418316939
300.9036068916321,0.0,0.024471651934462903,0.0,0.04608994617482919
302.4035756587982,0.1990652084350586,2.0088537174444147e-17,0.1990652084350586,1.0169750450670131e-16
302.45377802848816,0.3998746871948242,7.231873382799893e-18,0.3998746871948242,3.661110162241247e-17
302.50351428985596,0.5988197326660156,0.1516981086134911,0.5988197326660156,0.1628470063209534
302.55380749702454,0.799992561340332,0.281098434984684,0.799992561340332,0.29570775270462035
302.60360312461853,0.9991750717163086,0.8701351613083839,0.9991750717163086,0.8469380348243714
302.6537616252899,1.1998090744018555,1.0981908367972144,1.1998090744018555,1.0293600157255556
302.7035081386566,1.3987951278686523,1.1341312783768298,1.3987951278686523,0.9488891991572179
302.7538688182831,1.6002378463745117,1.1242535993269869,1.6002378463745117,0.9625266825889324
302.8035454750061,1.7989444732666016,1.1242535993269869,1.7989444732666016,0.9625266825889324
302.85378193855286,1.9998903274536133,1.3041949758004752,1.9998903274536133,1.250187271959705
302.90349769592285,2.1987533569335938,1.658137996677505,2.1987533569335938,1.611551275900462
302.9538023471832,2.3999719619750977,1.9399425839247513,2.3999719619750977,1.8903394428675622
303.0035309791565,2.4000000000000004,1.9399425839247513,2.4000000000000004,1.8903394428675622
303.0537085533142,2.4000000000000004,2.448252411308898,2.4000000000000004,2.2675036648608216
303.1035122871399,2.4000000000000004,2.5645254129015256,2.4000000000000004,2.3046242353807793
303.1539218425751,2.4000000000000004,2.424257848519427,2.4000000000000004,2.32663457718459
303.20352029800415,2.4000000000000004,2.2913515597516314,2.4000000000000004,2.3722231316906703
303.2537670135498,2.4000000000000004,2.3048212062096844,2.4000000000000004,2.427666194260448
303.3035571575165,2.4000000000000004,2.3899415802041144,2.4000000000000004,2.47062812102568
303.3542835712433,2.4000000000000004,2.4626632668165964,2.4000000000000004,2.3800386685826727
303.40353870391846,2.4000000000000004,2.353942849250549,2.4000000000000004,2.1137028772551654
303.45354866981506,2.4000000000000004,2.2619281308693577,2.4000000000000004,2.0487220611185615
303.5035951137543,2.4000000000000004,2.311170643455132,2.4000000000000004,2.1648646852735562
303.5539538860321,2.4000000000000004,2.4001777503083983,2.4000000000000004,2.3030117271434265
303.6035268306732,2.4000000000000004,2.298216657158655,2.4000000000000004,2.319363084942863
303.6538236141205,2.4000000000000004,2.298216657158655,2.4000000000000004,2.319363084942863
303.7035505771637,2.4000000000000004,2.2688961718585823,2.4000000000000004,2.3215844646586925
303.7535285949707,2.4000000000000004,2.244199103944208,2.4000000000000004,2.301198854778875
303.8035535812378,2.4000000000000004,2.215508399069085,2.4000000000000004,2.3028441720252046
303.85374903678894,2.4000000000000004,2.2689068380569606,2.4000000000000004,2.340415646542721
303.90362906455994,2.4000000000000004,2.2776470397797297,2.4000000000000004,2.2869562661324547
303.95361375808716,2.4000000000000004,2.3600313461637104,2.4000000000000004,2.3120934963251862
304.00358724594116,2.4000000000000004,2.2926319335752345,2.4000000000000004,2.34031813621613
304.05370712280273,2.4000000000000004,2.1579704819269283,2.4000000000000004,2.314184870529506
304.1036367416382,2.4000000000000004,2.074764944179835,2.4000000000000004,2.240897709271312
304.15372800827026,2.4000000000000004,2.053958135985368,2.4000000000000004,2.2278956320790053
304.20360350608826,2.4000000000000004,2.087009782127035,2.4000000000000004,2.216234369763408
304.253769159317,2.4000000000000004,2.2080664138310526,2.4000000000000004,2.2062099374611406
304.30351877212524,2.4000000000000004,2.328443929440547,2.4000000000000004,2.179844275416167
304.35389947891235,2.4000000000000004,2.4068093794179326,2.4000000000000004,2.198288508165323
304.4035530090332,2.4000000000000004,2.423458870563234,2.4000000000000004,2.203181539025942
304.4536373615265,2.4000000000000004,2.340179673306939,2.4000000000000004,2.184806664245262
304.50359177589417,2.4000000000000004,2.21548814018381,2.4000000000000004,2.1699525584009267
304.5537464618683,2.4000000000000004,2.2067780772679293,2.4000000000000004,2.1804060769996756
304.6035575866699,2.4000000000000004,2.30084227609038,2.4000000000000004,2.241150068029942
304.654114484787,2.4000000000000004,2.2814268989054196,2.4000000000000004,2.195096868063608
304.7036006450653,2.4000000000000004,2.216454474545282,2.4000000000000004,2.2306635204978944
304.7537066936493,2.4000000000000004,2.270491893917356,2.4000000000000004,2.2743277772913513
304.8035943508148,2.4000000000000004,2.355182705818427,2.4000000000000004,2.2031879791492273
304.85399293899536,2.4000000000000004,2.411027275621183,2.4000000000000004,2.203406737379673
304.90357303619385,2.4000000000000004,2.4288710506614724,2.4000000000000004,2.325275032451515
304.9536130428314,2.4000000000000004,2.283490334219575,2.4000000000000004,2.306255601190602
305.00360107421875,2.4000000000000004,2.1685974052906656,2.4000000000000004,2.210056827906278
305.0535137653351,2.4000000000000004,2.1736500393444196,2.4000000000000004,1.970684813928403
305.10354375839233,2.4000000000000004,2.1736500393444196,2.4000000000000004,1.970684813928403
305.1537256240845,2.4000000000000004,2.230011181751271,2.4000000000000004,1.9672084692019691
305.2035856246948,2.4000000000000004,2.267435247952572,2.4000000000000004,2.3451773891249936
305.25366401672363,2.4000000000000004,2.3371291501241322,2.4000000000000004,2.545907918312537
305.3034920692444,0.0,2.2834123543352147,0.0,2.5305581940525963
305.3536331653595,0.0,2.095714465005523,0.0,2.0941966611858076
305.40355157852173,0.0,0.7609251792037461,0.0,0.6883069409864855
305.4538383483887,0.0,-0.20126583141789534,0.0,-0.23443308351262648
305.50353813171387,0.0,-0.4930907870922926,0.0,-0.4034938552738233
305.55351519584656,0.0,-0.19546464108566436,0.0,-0.12836182762721787
305.6035702228546,0.0,0.017544526673054735,0.0,0.03694955206082007
305.6537928581238,0.0,0.06375311302543737,0.0,0.06598693336665298
305.7035622596741,0.0,0.0329302981045284,0.0,0.044884048020075555
307.20351910591125,0.1994791030883789,-5.715459021489868e-20,0.1994791030883789,2.3300215951076012e-17
307.2537651062012,0.4004631042480469,-1.2345391486418113e-20,0.4004631042480469,5.032846645432418e-18
307.30354356765747,0.5995769500732422,-1.2345391486418113e-20,0.5995769500732422,5.032846645432418e-18
307.3536922931671,0.8001718521118164,0.47342238402366643,0.8001718521118164,0.44609477872848513
307.4035105705261,0.9994449615478516,0.7855258217296601,0.9994449615478516,0.784126449774933
307.4537441730499,1.2003793716430664,0.8957958756986237,1.2003793716430664,0.8826201209370728
307.50352931022644,1.399519920349121,0.9578067876971833,1.399519920349121,0.9530634945253528
307.5535888671875,1.5997581481933594,1.1394403642718642,1.5997581481933594,1.1681869959606648
307.6035678386688,1.7996740341186523,1.3570323228706593,1.7996740341186523,1.3222372151293964
307.65395045280457,2.001204490661621,1.5357666721297387,2.001204490661621,1.4671256929711798
307.70354890823364,2.1995983123779297,1.6283183759661366,2.1995983123779297,1.570501827602166
307.75361728668213,2.399871826171875,1.9570533559740637,2.399871826171875,1.9122096511455708
307.80358028411865,2.4000000000000004,2.0719240805871864,2.4000000000000004,2.159136059739554
307.8538439273834,2.4000000000000004,2.1388452637684674,2.4000000000000004,2.3309827337950577
307.9035358428955,2.4000000000000004,2.2182489368830467,2.4000000000000004,2.4675477781596444
307.9537558555603,2.4000000000000004,2.2636285352771646,2.4000000000000004,2.4256889500154015
308.00359320640564,2.4000000000000004,2.2636285352771646,2.4000000000000004,2.4256889500154015
308.05392694473267,2.4000000000000004,2.2238617800988,2.4000000000000004,2.314616682102294
308.1035599708557,2.4000000000000004,2.1440255064245584,2.4000000000000004,2.23300758785558
308.15400862693787,2.4000000000000004,2.192693908875341,2.4000000000000004,2.1510716001506527
308.20358896255493,2.4000000000000004,2.263829379033502,2.4000000000000004,2.1438470168226678
308.2539074420929,2.4000000000000004,2.299975114614292,2.4000000000000004,2.2353975683443683
308.303587436676,2.4000000000000004,2.2276345244230713,2.4000000000000004,2.2641337648627617
308.3537986278534,2.4000000000000004,2.0094562458053513,2.4000000000000004,2.2117439313420704
308.4036476612091,2.4000000000000004,2.0094562458053513,2.4000000000000004,2.2117439313420704
308.45373487472534,2.4000000000000004,2.0992675492335775,2.4000000000000004,2.103820826730615
308.50356554985046,2.4000000000000004,2.212461962789395,2.4000000000000004,2.0475749252276967
308.5539758205414,2.4000000000000004,2.271613364633357,2.4000000000000004,2.1290941790832525
308.60360860824585,2.4000000000000004,2.277036215947817,2.4000000000000004,2.2028188405152345
308.65369057655334,2.4000000000000004,2.2465177820039095,2.4000000000000004,2.210295532860143
308.703590631485,2.4000000000000004,2.181160456392013,2.4000000000000004,2.1392916350547493
308.7535936832428,2.4000000000000004,2.3156152281302353,2.4000000000000004,2.2466965112229733
308.8036165237427,2.4000000000000004,2.407717818491631,2.4000000000000004,2.286679281943102
308.85382771492004,2.4000000000000004,2.424542363097539,2.4000000000000004,2.2565181019853564
308.9035892486572,2.4000000000000004,2.315807801735221,2.4000000000000004,2.314441670099638
308.9537093639374,2.4000000000000004,2.2070156272358243,2.4000000000000004,2.3027516421507865
309.00354194641113,2.4000000000000004,2.1422929979362446,2.4000000000000004,2.2044538384734773
309.05390644073486,2.4000000000000004,2.17291596235031,2.4000000000000004,2.0935830304405396
309.1036238670349,2.4000000000000004,2.2105261364724034,2.4000000000000004,2.162929990445213
309.15370512008667,2.4000000000000004,2.2222125200919796,2.4000000000000004,2.265200912435521
309.203768491745,2.4000000000000004,2.254665096798974,2.4000000000000004,2.3276695016698126
309.2538776397705,2.4000000000000004,2.254665096798974,2.4000000000000004,2.3276695016698126
309.3036205768585,2.4000000000000004,2.1601995401810394,2.4000000000000004,2.2579898310496445
309.35356736183167,2.4000000000000004,2.080853763482754,2.4000000000000004,2.23123054422175
309.40359330177307,2.4000000000000004,2.0420155560714424,2.4000000000000004,2.2794052292724913
309.45387411117554,2.4000000000000004,2.0873763955500992,2.4000000000000004,2.3656227897341418
309.5036053657532,2.4000000000000004,2.177369007952235,2.4000000000000004,2.4198332993055116
309.5536108016968,2.4000000000000004,2.1687201510759593,2.4000000000000004,2.434076511647183
309.60358572006226,2.4000000000000004,2.1536320346913005,2.4000000000000004,2.3912880386540456
309.6538827419281,2.4000000000000004,2.1827227413053967,2.4000000000000004,2.3232366644965112
309.70353746414185,2.4000000000000004,2.31794847787514,2.4000000000000004,2.339983506280514
309.75363302230835,2.4000000000000004,2.3646019091883708,2.4000000000000004,2.3713464891713856
309.8035571575165,2.4000000000000004,2.2723493215088633,2.4000000000000004,2.3408713491845847
309.8536946773529,2.4000000000000004,2.2502586515660314,2.4000000000000004,2.339314793989178
309.9036383628845,2.4000000000000004,2.2867737175911147,2.4000000000000004,2.387737737457198
309.9536828994751,2.4000000000000004,2.2903634963711315,2.4000000000000004,2.38208151329526
310.0035626888275,2.4000000000000004,2.2881434437613564,2.4000000000000004,2.3294779031359027
310.05386185646057,2.4000000000000004,2.3162941100426386,2.4000000000000004,2.277037254619469
310.10366463661194,2.4000000000000004,2.3060837636790708,2.4000000000000004,2.2358364504508508
310.153520822525,2.4000000000000004,2.2545772124615153,2.4000000000000004,2.212946145480611
310.20355343818665,2.4000000000000004,2.2214045332415164,2.4000000000000004,2.168401435165073
310.25371408462524,2.4000000000000004,2.228535740609524,2.4000000000000004,2.2333901626402612
310.3035821914673,2.4000000000000004,2.2657304700740184,2.4000000000000004,2.303427921624224
310.3535192012787,2.4000000000000004,2.1396210328787615,2.4000000000000004,2.2019838514809886
310.40355157852173,2.4000000000000004,2.143588414289357,2.4000000000000004,2.032983322961989
310.4536392688751,2.4000000000000004,2.175574017941166,2.4000000000000004,1.8868552565659984
310.5035526752472,2.4000000000000004,2.0623788666823595,2.4000000000000004,1.9825940320033386
310.5537326335907,2.4000000000000004,1.96779806967136,2.4000000000000004,2.124558040707298
310.60354804992676,2.4000000000000004,1.9551647551854496,2.4000000000000004,2.2214168986829477
310.6536774635315,2.4000000000000004,2.0728143899917617,2.4000000000000004,2.3130739312584048
310.7035608291626,2.4000000000000004,2.3637668353164676,2.4000000000000004,2.5615436831258145
310.7537314891815,2.4000000000000004,2.490392248458069,2.4000000000000004,2.528327991931763
310.80359387397766,2.4000000000000004,2.488726105914021,2.4000000000000004,2.3218177403339597
310.85366582870483,2.4000000000000004,2.338550371638049,2.4000000000000004,2.189949140090846
310.90350127220154,2.4000000000000004,2.1338791332403813,2.4000000000000004,2.1862224954864153
310.9536509513855,2.4000000000000004,2.1079933601055143,2.4000000000000004,2.2617406255662713
311.00351071357727,2.4000000000000004,2.3736094427511745,2.4000000000000004,2.3967446886538086
311.05376958847046,2.4000000000000004,2.5350506612922787,2.4000000000000004,2.425509314645718
311.1036479473114,2.4000000000000004,2.544535703019264,2.4000000000000004,2.4020479803737347
311.15369176864624,2.4000000000000004,2.4931097898245733,2.4000000000000004,2.2925050148227384
311.20358538627625,2.4000000000000004,2.421838810683282,2.4000000000000004,2.296953187782475
311.25394201278687,2.4000000000000004,2.3796022829000694,2.4000000000000004,2.3027311295888464
311.30358147621155,2.4000000000000004,2.3591512260785423,2.4000000000000004,2.2631326276434445
311.35368061065674,2.4000000000000004,2.351280642417804,2.4000000000000004,2.2101320500978394
311.403591632843,2.4000000000000004,2.3547027133230216,2.4000000000000004,2.2304313686779222
311.4536962509155,2.4000000000000004,2.424617760183608,2.4000000000000004,2.3668396753445142
311.50372886657715,2.4000000000000004,2.41131879549105,2.4000000000000004,2.3863607507601334
311.55370712280273,2.4000000000000004,2.4230908357890097,2.4000000000000004,2.3412868879433257
311.6035740375519,2.4000000000000004,2.4005446945050357,2.4000000000000004,2.3083268297189763
311.65367674827576,2.4000000000000004,2.294544791498864,2.4000000000000004,2.3124302491834507
311.7035782337189,2.4000000000000004,2.2127078874060215,2.4000000000000004,2.306934404323962
311.75385785102844,2.4000000000000004,2.2402290333443418,2.4000000000000004,2.3588456325353864
311.80357098579407,2.4000000000000004,2.3074652616076516,2.4000000000000004,2.3929614699211004
311.8537425994873,2.4000000000000004,2.3366359709701365,2.4000000000000004,2.402190597402797
311.90360832214355,2.4000000000000004,2.3573006953835995,2.4000000000000004,2.334764735060124
311.95379066467285,2.4000000000000004,2.3891316663994973,2.4000000000000004,2.2963236485089737
312.00362038612366,2.4000000000000004,2.315583205475739,2.4000000000000004,2.2608946333587
312.053804397583,2.4000000000000004,2.2058190785363907,2.4000000000000004,2.3467380966041027
312.10351490974426,2.4000000000000004,2.187743213039971,2.4000000000000004,2.3692474300566717
312.15417289733887,2.4000000000000004,2.320104036186577,2.4000000000000004,2.301097791251066
312.2035427093506,2.4000000000000004,2.393001430077949,2.4000000000000004,2.2639504531108816
312.2535750865936,2.4000000000000004,2.4043600782297228,2.4000000000000004,2.342504686192873
312.3035714626312,2.4000000000000004,2.3534139290179117,2.4000000000000004,2.355900589273097
312.3538091182709,2.4000000000000004,2.3683860477641403,2.4000000000000004,2.3995780370507966
312.40355587005615,2.4000000000000004,2.3683860477641403,2.4000000000000004,2.3995780370507966
312.4536716938019,2.4000000000000004,2.1016514164156144,2.4000000000000004,2.089693042120275
312.50357699394226,2.4000000000000004,2.135023302863112,2.4000000000000004,2.208510093384124
312.55360078811646,2.4000000000000004,2.369439457017675,2.4000000000000004,2.48602554207893
312.6036100387573,2.4000000000000004,2.5256983616918904,2.4000000000000004,2.5605413234443133
312.6537425518036,2.4000000000000004,2.5014362780679673,2.4000000000000004,2.413971113546276
312.70352268218994,2.4000000000000004,2.347972866836646,2.4000000000000004,2.286072685974926
312.7537307739258,2.4000000000000004,2.1793395293352873,2.4000000000000004,2.2641279352169708
312.8035309314728,2.4000000000000004,2.1906861548160745,2.4000000000000004,2.3117456407235197
312.8535010814667,2.4000000000000004,2.244824762250941,2.4000000000000004,2.360453555436075
312.9035019874573,2.4000000000000004,2.270561540760742,2.4000000000000004,2.327631817859819
312.9539096355438,2.4000000000000004,2.2796408002274555,2.4000000000000004,2.2567983722456972
313.0035231113434,2.4000000000000004,2.4405168690258883,2.4000000000000004,2.2560491139934498
313.0536198616028,2.4000000000000004,2.4875475787392123,2.4000000000000004,2.2855524960248244
313.1035969257355,2.4000000000000004,2.5132951720930645,2.4000000000000004,2.32287383829672
313.15397906303406,2.4000000000000004,2.4992128175870483,2.4000000000000004,2.327904599029251
313.2035336494446,2.4000000000000004,2.522393319748396,2.4000000000000004,2.328132568072336
313.2538754940033,2.4000000000000004,2.522393319748396,2.4000000000000004,2.328132568072336
313.3035352230072,2.4000000000000004,2.1851968384512785,2.4000000000000004,2.149257995384191
313.3536720275879,2.4000000000000004,2.1851968384512785,2.4000000000000004,2.149257995384191
313.40354180336,2.4000000000000004,2.258248458505473,2.4000000000000004,2.2214188251391693
313.4535479545593,2.4000000000000004,2.564947371764355,2.4000000000000004,2.4826473070656316
313.5036189556122,2.4000000000000004,2.649541122347131,2.4000000000000004,2.554573190455737
313.5538647174835,2.4000000000000004,2.6071241125929405,2.4000000000000004,2.509589528648294
313.60355710983276,2.4000000000000004,2.5871400967519316,2.4000000000000004,2.428827581172131
313.6536593437195,2.4000000000000004,2.4116227903783978,2.4000000000000004,2.144302535922157
313.70357847213745,2.4000000000000004,2.2232403319105765,2.4000000000000004,2.0266832714042056
313.7540166378021,2.4000000000000004,2.2012312636742086,2.4000000000000004,2.0551732899461146
313.80354952812195,2.4000000000000004,2.2962855521052403,2.4000000000000004,2.2017256734262123
313.853728055954,2.4000000000000004,2.318332816000318,2.4000000000000004,2.2670807856615856
313.90351247787476,2.4000000000000004,2.371520981133772,2.4000000000000004,2.3302972609387567
313.953813791275,2.4000000000000004,2.454094210231777,2.4000000000000004,2.4044120010487275
314.00358033180237,2.4000000000000004,2.53941540914555,2.4000000000000004,2.349739796358254
314.0536403656006,2.4000000000000004,2.5594743525902492,2.4000000000000004,2.2442705177442694
314.1035740375519,2.4000000000000004,2.518079010340693,2.4000000000000004,2.1823882225695774
314.153795003891,2.4000000000000004,2.5004491136629117,2.4000000000000004,2.215874860497923
314.2035994529724,2.4000000000000004,2.243514540198462,2.4000000000000004,2.0819706775900864
314.2538192272186,2.4000000000000004,2.279593869115001,2.4000000000000004,2.117488283806699
314.30376648902893,2.4000000000000004,2.36972886935677,2.4000000000000004,2.283947030306886
314.3538658618927,2.4000000000000004,2.36972886935677,2.4000000000000004,2.283947030306886
314.4036145210266,2.4000000000000004,2.4088184155763033,2.4000000000000004,2.489477227159633
314.4537675380707,2.4000000000000004,2.4088184155763033,2.4000000000000004,2.489477227159633
314.5035605430603,2.4000000000000004,2.2944802600760474,2.4000000000000004,2.3867742548502155
314.55352878570557,2.4000000000000004,2.333351081437046,2.4000000000000004,2.2084760259891745
314.60355043411255,2.4000000000000004,2.340446929631057,2.4000000000000004,2.275295977281518
314.65403485298157,2.4000000000000004,2.311730215727361,2.4000000000000004,2.422321063692684
314.7035629749298,2.4000000000000004,2.314213361454288,2.4000000000000004,2.4328775597032983
314.75354623794556,2.4000000000000004,2.3121733782692955,2.4000000000000004,2.3346965477138903
314.8036243915558,0.0,2.3173273700954033,0.0,2.328183590123778
314.8535244464874,0.0,2.1183731686743106,0.0,2.0650881960093384
