time,target_left,curr_left,target_right,curr_right
7.103596925735474,-0.1955432891845703,0.0,0.1955432891845703,0.0
7.15360426902771,-0.3955726623535156,0.0,0.3955726623535156,0.0
7.203359127044678,-0.4535499482118832,-0.1816210134923458,0.4535499482118832,0.19426131746172906
7.253560543060303,-0.4535499482118832,-0.30697744312644004,0.4535499482118832,0.3684829503333569
7.3042895793914795,-0.44528295992457423,-0.30697744312644004,0.44528295992457423,0.3684829503333569
7.3534862995147705,-0.4305779056798384,-0.34311702351639367,0.4305779056798384,0.5029106051974163
7.403491258621216,-0.4267063547114576,-0.2661584386844223,0.4267063547114576,0.4605566759139872
7.453646659851074,-0.4267063547114576,-0.24281190405912823,0.4267063547114576,0.3723535346709696
7.5037150382995605,-0.4190670991324971,-0.23369090045914992,0.4190670991324971,0.3377629688163879
7.553483247756958,-0.40758123639624194,-0.13330440439434849,0.40758123639624194,0.34073138370996126
7.603578090667725,-0.41064885467520773,-0.05232835817689419,0.41064885467520773,0.3440784387644008
7.653746843338013,-0.41064885467520773,-0.04286215382822056,0.41064885467520773,0.32622377611479314
7.703737258911133,-0.4013631110337398,-0.015430375378159401,0.4013631110337398,0.3236355559371036
7.753420352935791,-0.4116465443773745,-0.00333296108168243,0.4116465443773745,0.31772150894899154
7.803753614425659,-0.21031349841790187,-0.0011998659894056748,0.6129795903368471,0.34247521746480103
7.853682041168213,-0.010599791447687024,-0.00043195175618604295,0.812693297307062,0.3527398256241928
7.903937101364136,0.19042044933600438,-0.00025917105371162574,1.0137135380907534,0.3700435249674112
7.9537434577941895,0.3896458750562192,-5.598094760171115e-05,1.2129389638109682,0.5260004315924885
8.004006624221802,0.5906985407666685,0.1739757541655345,1.4139916295214174,0.7219027476603594
8.053552627563477,0.7888825541333677,0.595984984289526,1.6121756428881167,0.9636740719648678
8.10342025756836,0.988353074152899,0.8283876021567294,1.811646162907648,1.1190175593628577
8.15371060371399,1.1895144587354185,0.9744275274227848,2.0128075474901674,1.3252073638701711
8.203449726104736,1.3884709482984068,1.1837275542286805,2.2117640370531557,1.6166226096572363
8.253617763519287,1.58914309795661,1.2523152421395642,2.412436186711359,1.6968518750442196
8.303471326828003,1.7885573511914732,1.507081286226096,2.611850439946222,1.9089088866929012
8.353728771209717,1.9895871287183287,1.507081286226096,2.8128802174730776,1.9089088866929012
8.403578519821167,2.1889861231641294,1.8199734046701828,3.0122792119188784,2.131198305704658
8.453475713729858,2.388574898798895,2.019025519828315,3.211867987553644,2.460268265947489
8.503422260284424,2.588361085017157,2.1334379322553807,3.4116541737719057,2.667692415813728
8.553752899169922,2.789683640559149,2.303601563235228,3.612976729313898,2.8937262986541237
8.603615999221802,2.9891360407666685,2.499950249288119,3.8124291295214174,3.035269862214581
8.653798818588257,3.189867318232489,2.6481656834937226,4.013160406987238,3.188324305701204
8.70344352722168,3.38844615276618,2.906798528311524,4.211739241520929,3.4303856553933985
8.753705501556396,3.187398255427313,3.0279189229051613,4.010691344182062,3.5301495693553195
8.803668975830078,2.9875443583325865,3.0804301457419516,3.8108374470873354,3.584720431653096
8.853696823120117,2.78743296917243,3.051061766987366,3.610726057927179,3.7493540974452855
8.90355896949768,2.5879843836621763,2.8476333633584936,3.4112774724169252,3.6585301017282523
8.953747034072876,2.387232125361395,2.6423616033383546,3.210525214116144,3.341788749296121
9.003963470458984,2.1863663798169615,2.4853566797347666,3.0096594685717104,3.092178890847678
9.053499460220337,1.9882224207715513,2.3358450002812057,2.8115155095263002,2.8559639794276146
9.103917121887207,1.7865517741040708,2.277037947202064,2.60984486285882,2.7220761040203327
9.153568744659424,1.5879452830152037,2.1368570407000793,2.4112383717699526,2.5721378443009577
9.203595161437988,1.3878396159009458,1.8597466878807882,2.211132704655695,2.340202812577495
9.253958940505981,1.1863844996289732,1.7561785419414246,2.009677588383722,2.268983748093372
9.3036367893219,0.9876731043653013,1.7561785419414246,1.8109661931200502,2.268983748093372
9.353433609008789,1.18686038311286,1.250653192101098,2.010153471867609,1.6603944599929878
9.40343451499939,1.3868640070752623,1.1417920940035022,2.210157095830011,1.6332479012120995
9.453778505325317,1.5882399683789732,1.137307472929243,2.411533057133722,1.6477948269406282
9.503470420837402,1.787007630427313,1.422155862120246,2.610300719182062,1.8500916332493635
9.553612470626831,1.9875758295850279,1.630277501964851,2.810868918339777,2.0536137832578567
9.603483200073242,2.1870587473706724,1.814153290065867,3.0103518361254213,2.3081192259803966
9.653681516647339,2.387852013667059,1.9387458191893372,3.211145102421808,2.4112918788724738
9.7039315700531,0.0,2.050199290272541,0.0,2.4934518962335686
9.753607273101807,0.0,2.2294042468632274,0.0,2.668576930614665
9.803800106048584,0.0,2.094396803412736,0.0,2.4992720929696293
9.853601932525635,0.0,-0.1380483507246241,0.0,-0.22381889901462482
9.903783321380615,0.0,-0.1380483507246241,0.0,-0.22381889901462482
9.95366644859314,0.0,-0.3713632840759862,0.0,-0.5004457699995702
10.003699779510498,0.2001333236694336,-0.13010957353165062,0.2001333236694336,-0.23429183159142014
10.053576469421387,0.3996400833129883,0.08022584620340997,0.3996400833129883,-0.003704901771503316
10.103636026382446,0.5998783111572266,0.3282566288824952,0.5998783111572266,0.21903971866246785
10.153657913208008,0.7999658584594727,0.5877054388421563,0.7999658584594727,0.43900023115447784
10.203972339630127,1.0012235641479492,0.7911006255780859,1.0012235641479492,0.5850710971812187
10.253579139709473,1.199650764465332,1.0132865714896127,1.199650764465332,0.7301155455897761
10.305719137191772,1.4082107543945312,1.112498333735528,1.4082107543945312,0.8662925670620387
10.353630542755127,1.5998563766479492,1.1671605100691065,1.5998563766479492,0.9807594386366577
10.403546810150146,1.7995214462280273,1.2686521346906132,1.7995214462280273,1.1468929279056743
10.453418254852295,1.999007225036621,1.4314923287226906,1.999007225036621,1.261473067815574
10.503780603408813,2.2004566192626953,1.4314923287226906,2.2004566192626953,1.261473067815574
10.553587436676025,2.399683952331543,1.8360943502528393,2.399683952331543,1.6453520039645086
10.603827238082886,2.6006431579589844,1.933254653593476,2.6006431579589844,1.7712893712477238
10.65338397026062,2.798870086669922,2.2334016652501845,2.798870086669922,2.2789916212820156
10.703449487686157,2.9743919143255533,2.406632946429153,2.9743919143255533,2.4586851411627464
10.753605127334595,2.9632673075199216,2.5775274824491143,2.9632673075199216,2.550130665787461
10.803767442703247,0.0,2.800193581273234,0.0,2.691194422419692
10.85349154472351,0.0,2.683402041902797,0.0,2.5938933130832296
10.90423321723938,0.0,2.683402041902797,0.0,2.5938933130832296
10.95379114151001,0.0,0.9691432167210541,0.0,0.9369200803064744
11.003681182861328,0.0,-0.5241243871639604,0.0,-0.6822099975704885
11.053401231765747,0.19888019561767578,-0.600638237460408,0.19888019561767578,-0.8693323059740964
11.103809595108032,0.4005136489868164,-0.12990196592710734,0.4005136489868164,-0.3598855192552794
11.15347671508789,0.59918212890625,0.40357761843048695,0.59918212890625,0.07706136148843329
11.203924417495728,0.8009729385375977,0.40357761843048695,0.8009729385375977,0.07706136148843329
11.25378942489624,1.0004329681396484,0.40357761843048695,1.0004329681396484,0.07706136148843329
11.303988933563232,1.2012310028076172,0.40357761843048695,1.2012310028076172,0.07706136148843329
11.353794813156128,1.4004545211791992,0.40357761843048695,1.4004545211791992,0.07706136148843329
11.403484582901001,1.5992136001586914,1.266009128172026,1.5992136001586914,1.2721694641976495
11.453609228134155,1.7997121810913086,1.3855691228194806,1.7997121810913086,1.4812426352620938
11.50369930267334,2.000072479248047,1.5343252518373887,2.000072479248047,1.5765052146001155
11.553393602371216,2.198849678039551,1.7497641269859872,2.198849678039551,1.7108799780763422
11.603638172149658,2.3998279571533203,1.945352068823476,2.3998279571533203,1.8663379156121218
11.653639793395996,2.5518625548897784,2.1461710135752794,2.5518625548897784,2.0505782820056178
11.70374083518982,2.3514583877144855,2.4188263149393405,2.3514583877144855,2.3379705822835746
11.753728151321411,2.3149985453790025,2.5214996527910043,2.3149985453790025,2.496549628127946
11.803770542144775,0.0,2.5214996527910043,0.0,2.496549628127946
11.853543281555176,0.19909095764160156,2.3418131757567187,0.19909095764160156,2.413372669375572
11.903707027435303,0.3997459411621094,1.4474437828823277,0.3997459411621094,1.5682242800319075
11.953814506530762,0.6001758575439453,0.7936224428394048,0.6001758575439453,0.9409345680191444
12.00373911857605,0.7998743057250977,0.20901225775761392,0.7998743057250977,0.21954072527459834
12.053780794143677,1.0000410079956055,0.20901225775761392,1.0000410079956055,0.21954072527459834
12.103693962097168,1.1996936798095703,0.40744603797333645,1.1996936798095703,0.30718675212266067
12.15343952178955,1.3986759185791016,0.7526082573225105,1.3986759185791016,0.5034106463446184
12.203675508499146,1.5996198654174805,0.7526082573225105,1.5996198654174805,0.5034106463446184
12.253726482391357,1.7998237609863281,0.7526082573225105,1.7998237609863281,0.5034106463446184
12.303789854049683,1.8706159423173447,1.6487848418698743,1.8706159423173447,1.481082918993601
12.35340142250061,1.7495578731798482,1.8277421124451503,1.7495578731798482,1.6619403759185722
12.403584241867065,1.6092738813719754,1.8972662876012256,1.6092738813719754,1.744715852721128
12.453506469726562,1.497090971055038,1.7990927907214997,1.497090971055038,1.6880598508776163
12.503719806671143,1.4885635560523613,1.6843989734311022,1.4885635560523613,1.6086684147165156
12.553732872009277,1.4885635560523613,1.553740121524064,1.4885635560523613,1.5517577009074426
12.603596925735474,1.4634450697799912,1.4696906737900914,1.4634450697799912,1.5332015397311518
12.65343427658081,1.661935293936073,1.4835784125000409,1.661935293936073,1.4925823751268839
12.703444004058838,1.6693327535574878,1.4522551329494777,1.6693327535574878,1.3499197629634638
12.753406524658203,1.6693327535574878,1.4424599406338963,1.6693327535574878,1.3104566240498947
12.80353307723999,1.4688265432303393,1.516015243430754,1.4688265432303393,1.4720580829688141
12.853548765182495,1.4259560795646684,1.5575259132026984,1.4259560795646684,1.584882430559691
12.903419494628906,1.4055611470977527,1.4647853832854132,1.4055611470977527,1.5565865590795678
12.95378589630127,1.4055611470977527,1.3319928572683324,1.4055611470977527,1.4442411096557901
13.003805875778198,1.554560482125903,1.323102517492103,1.554560482125903,1.4403473515310838
13.053729772567749,1.570769841113421,1.3258205154442488,1.570769841113421,1.423404457595326
13.103482484817505,1.4073896347257426,1.4047103354695638,1.4073896347257426,1.4710273929080344
13.153558492660522,1.4073896347257426,1.4228295861254883,1.4073896347257426,1.4585837145200125
13.203649759292603,1.2302305288497999,1.37232864780083,1.2302305288497999,1.4393728120166331
13.253435611724854,1.2800204065091472,1.3488301696647864,1.2800204065091472,1.4535994708236322
13.303467273712158,1.3723735882532455,1.2981689594603656,1.3723735882532455,1.4142937533746816
13.353700637817383,1.3723735882532455,1.1856246407896427,1.3723735882532455,1.2740713646182056
13.403779745101929,1.3295188960049904,1.1564135843302064,1.3295188960049904,1.0906802495778312
13.453404426574707,1.269035926471226,1.2610086027242358,1.269035926471226,1.0861454527953776
13.50349473953247,1.2848067753591574,1.3212011035725217,1.2848067753591574,1.1798425336377445
13.553652048110962,1.2848067753591574,1.3059836546103265,1.2848067753591574,1.2127541620622857
13.6035897731781,1.4028484629126303,1.294300190908436,1.4028484629126303,1.2794215221079868
13.653602838516235,1.516076019423049,1.3206460925231185,1.516076019423049,1.3679576422765023
13.70351791381836,1.4914102646982075,1.3504183787926367,1.4914102646982075,1.4707545985935033
13.753488302230835,1.4914102646982075,1.3748404686198687,1.4914102646982075,1.5678691428933647
13.803613185882568,1.331468490876996,1.3574285878376742,1.331468490876996,1.4768147550356665
13.853627443313599,1.3047636427078528,1.3134542503465383,1.3047636427078528,1.3779205542444806
13.903741121292114,1.3047636427078528,1.2894783663216531,1.3047636427078528,1.290992371856199
13.953721523284912,1.3737590080503097,1.228332018165468,1.3737590080503097,1.192761947853217
14.00421667098999,1.3991896693209052,1.1859139131969956,1.3991896693209052,1.171457022936002
14.05414891242981,1.3991896693209052,1.1859139131969956,1.3991896693209052,1.171457022936002
14.103465795516968,1.4564117823151228,1.3189536647995004,1.4564117823151228,1.185816863841024
14.153627634048462,1.4564117823151228,1.39374686158418,1.4564117823151228,1.2174638036965337
14.203811883926392,1.4983059380012171,1.3956868223948438,1.4983059380012171,1.221877141241968
14.253811836242676,1.4983059380012171,1.3997307761074995,1.4983059380012171,1.2320851346521022
14.30391812324524,1.5813039496138817,1.199803859842382,1.5813039496138817,1.2228169648351899
14.35368037223816,1.5320226871297002,1.1491507354447468,1.5320226871297002,1.2918984583080755
14.40372085571289,1.5371644265039857,1.2242252038622818,1.5371644265039857,1.3537845930240495
14.453478336334229,1.596231555766797,1.4154593669422728,1.596231555766797,1.4571775219131409
14.503507614135742,1.596231555766797,1.478971109022436,1.596231555766797,1.478545714186033
14.553603649139404,1.6514862136353252,1.4375007099734798,1.6514862136353252,1.4437444718240737
14.603716611862183,1.6514862136353252,1.4073101835308215,1.6514862136353252,1.4444850484690321
14.65375804901123,1.6551555568753318,1.4071263861935608,1.6551555568753318,1.511375671867016
14.703478574752808,1.67543383167946,1.4504292962174872,1.67543383167946,1.5045910094655097
14.7538480758667,1.7205267954621348,1.397791659867743,1.7205267954621348,1.4939334295518132
14.8046555519104,1.7205267954621348,1.3953909573683663,1.7205267954621348,1.534545723283062
14.853659629821777,1.5299599720251669,1.5232670580528804,1.5299599720251669,1.6059692896665703
14.903431415557861,1.7290471149695028,1.806088504020318,1.7290471149695028,1.6738595890411236
14.953587293624878,1.9296706272375692,1.826309162434558,1.9296706272375692,1.4733914659288585
15.00371766090393,2.13019209635378,1.8359645788872077,2.13019209635378,1.3534654137802264
15.053796529769897,2.3305075718176473,1.9127795857788503,2.3305075718176473,1.5173203715316825
15.103634595870972,2.529859836221944,2.0193087588286893,2.529859836221944,1.842016331027712
15.153609275817871,2.729758556009542,2.211103391110488,2.729758556009542,2.194611271978304
15.203697681427002,2.9301121784460653,2.2196930759404614,2.9301121784460653,2.1823927882054637
15.253615617752075,3.1297839237463583,2.282811707732243,3.1297839237463583,2.211474120238037
15.303670644760132,3.330004031778585,2.5678057660649887,3.330004031778585,2.3542863678113815
15.353677988052368,3.53003340494753,2.7600000854727265,3.53003340494753,2.5925974423113898
15.403481483459473,3.729247386575948,3.193122025984692,3.729247386575948,3.1122943863148946
15.453675508499146,3.9300234867346395,3.4744344937770966,3.9300234867346395,3.467908517296629
15.503652095794678,4.129929835916768,3.6091362996567273,4.129929835916768,3.5850930508764445
15.553420066833496,4.329001720072042,3.769334776098778,4.329001720072042,3.6094642454889456
15.606851816177368,4.54272871744753,3.8612587009293735,4.54272871744753,3.8191493406715527
15.653599977493286,4.729721362711202,3.985747988978251,4.729721362711202,4.035136510902257
15.703743934631348,4.930297191263448,4.062960920309559,4.930297191263448,4.109226018174655
15.753689527511597,5.130079562784444,4.238766010067652,5.130079562784444,4.172848606918205
15.803738594055176,5.330275828958761,4.30515650825326,5.330275828958761,4.314690117173415
15.85341739654541,5.528991038919698,4.573933253109365,5.528991038919698,4.623964749269419
15.903661489486694,5.729967410684835,4.77523253300902,5.729967410684835,4.747325159010672
15.953710079193115,5.930161769510518,5.020528051635445,5.930161769510518,4.835206109367865
16.003568172454834,6.129594142557393,5.252788677232559,6.129594142557393,4.855086430817744
16.053446292877197,6.329106624246847,5.380626955419932,6.329106624246847,5.009833964673246
16.10349726676941,6.529310519815694,5.345153788306984,6.529310519815694,5.358676546495153
16.154041528701782,6.731487567545186,5.403227779714586,6.731487567545186,5.5599531389526105
16.203680992126465,6.930045421243917,5.403227779714586,6.930045421243917,5.5599531389526105
16.253434419631958,7.1290591312658895,5.910190391173862,7.1290591312658895,5.902610002491852
16.30339288711548,7.328893001199972,6.263861000744774,7.328893001199972,6.063479004068514
16.353424787521362,7.529020602823507,6.316631958559134,7.529020602823507,5.938025685940984
16.403697729110718,7.730112369180929,6.316631958559134,7.730112369180929,5.938025685940984
16.453609943389893,7.929761226297628,6.316631958559134,7.929761226297628,5.938025685940984
16.503727674484253,7.729290301920186,6.285252768604092,7.729290301920186,5.875086808965518
16.553618907928467,7.529725368143331,6.4005855791617225,7.529725368143331,5.869366660574624
16.603627920150757,7.329689319254171,6.21209381998392,7.329689319254171,5.768506020742453
16.65361785888672,7.129729564310323,6.010796676805539,7.129729564310323,5.802221516527342
16.70341968536377,6.93052225840212,6.1185596632141666,6.93052225840212,5.979037743993246
16.75360083580017,6.7297976566565145,6.151467504929233,6.7297976566565145,5.980978859774853
16.803734064102173,6.529264743448507,6.43871640123073,6.529264743448507,6.05433903121503
16.85346031188965,6.330359752298604,6.46313432320527,6.330359752298604,5.938385255277939
16.904088497161865,6.127847011209737,6.135908447070395,6.127847011209737,5.906614253622701
16.953575611114502,5.92989855539919,5.996675415884306,5.92989855539919,5.880142537248997
17.003560066223145,5.72996073496462,5.958059436339445,5.72996073496462,5.844131281671357
17.053479194641113,5.530284221292745,5.740390307757249,5.530284221292745,5.566442364703691
17.103681564331055,5.329474742532979,5.726108667988655,5.329474742532979,5.53204118046203
17.15356945991516,5.129923160196554,5.375208973076013,5.129923160196554,5.214809036849876
17.203829526901245,4.928882892252218,5.1225597998569254,4.928882892252218,5.002907901978114
17.25355291366577,4.729989345194112,4.853395001577445,4.729989345194112,4.821562772507205
17.303569078445435,4.52992468607546,4.554063707525888,4.52992468607546,4.5663640423469785
17.353580713272095,4.329878146768819,4.49386910078598,4.329878146768819,4.369869496483316
17.403725385665894,4.129299457193624,4.401868613282464,4.129299457193624,4.187640094539658
17.453415870666504,3.9305375171911825,4.2014200221413756,3.9305375171911825,4.068769977904087
17.503541231155396,3.730036075235616,3.9754877590268034,3.730036075235616,4.066213004499695
17.55373215675354,3.529272372843038,3.9754877590268034,3.529272372843038,4.066213004499695
17.603704690933228,3.329382236124288,3.5073970546648443,3.329382236124288,3.6899050865324523
17.653387546539307,3.1306508136999716,3.248631712705922,3.1306508136999716,3.4394972361177674
17.703540563583374,2.930038745523702,3.1584730614105574,2.930038745523702,3.286842748059647
17.75364589691162,2.7296174122107137,3.0908719039754766,2.7296174122107137,3.1198745171548663
17.803991556167603,2.528234775186788,3.0187604508874832,2.528234775186788,3.069425940532788
17.85338807106018,2.3306487156164755,2.520336236866048,2.3306487156164755,2.735324771692854
17.903698921203613,2.129405315042745,2.462409431807422,2.129405315042745,2.558813282784403
17.954134464263916,1.927663142801534,2.528666213408709,1.927663142801534,2.482961628447276
18.00364661216736,1.7296145511877645,2.4891682083328726,1.7296145511877645,2.4418266106642372
18.053625106811523,1.5297005726111044,2.282097321090227,1.5297005726111044,2.1995825298665914
18.103612661361694,1.3297503544104208,2.0605289201750008,1.3297503544104208,1.9686951277746778
18.153736352920532,1.1292555881750692,1.636892335205566,1.1292555881750692,1.6854799618039378
18.203694343566895,0.92942362558962,1.4145663956339902,0.92942362558962,1.5518267172404436
18.2535343170166,0.7300637317907919,1.0258747409093214,0.7300637317907919,1.1664612762839148
18.30360722541809,0.5297720981848348,1.0076654507031857,0.5297720981848348,1.127972426630636
18.353694915771484,0.3294213367712606,1.0447841460696752,0.3294213367712606,1.1702268967452931
18.403761625289917,0.12915449869753015,0.9610911898058105,0.12915449869753015,1.085697629081749
18.453572750091553,-0.07009000050901282,0.7951776275244278,-0.07009000050901282,0.9026647274592674
18.503668785095215,-0.27047414052366126,0.5700919850781055,-0.27047414052366126,0.6454499744736847
18.55364990234375,-0.4703986095178019,0.15866361942700716,-0.4703986095178019,0.21335403800119268
18.60364866256714,-0.6703936504113566,-0.4339579582258918,-0.6703936504113566,-0.37969373771644027
18.653578758239746,-0.8701140331017863,-0.6291696109787771,-0.8701140331017863,-0.5275713078108897
18.703585863113403,-1.0701424525964152,-0.6744840077787453,-1.0701424525964152,-0.5100369228813936
18.753490447998047,-1.2697607921349894,-0.7154995369674404,-1.2697607921349894,-0.5272975620390058
18.803999423980713,-1.4717966960656534,-0.7154995369674404,-1.4717966960656534,-0.5272975620390058
18.85370898246765,-1.6706349300134073,-0.8762415535590955,-1.6706349300134073,-0.7693670146620508
18.903899431228638,-1.8713967250573527,-1.1371315779354028,-1.8713967250573527,-1.020590884629741
18.95341992378235,-2.0694786952721964,-1.3468865655207343,-2.0694786952721964,-1.1910219513692337
19.003653049468994,-2.2704111980187784,-1.526092718923463,-2.2704111980187784,-1.2925738831752973
19.05368423461914,-2.4705359386193644,-1.6959710899177933,-2.4705359386193644,-1.4693338086746133
19.103671073913574,-2.6704832957970988,-1.8892702096647171,-2.6704832957970988,-1.6984642270997286
19.153743267059326,-2.8707720683801066,-2.122520889065724,-2.8707720683801066,-1.967675072805707
19.20359992980957,-3.070198719381083,-2.271823491263355,-3.070198719381083,-2.3109238273074535
19.25343132019043,-3.2695242809045206,-2.2796210928945415,-3.2695242809045206,-2.569972567302119
19.303691864013672,-3.4705664561974894,-2.3376280862398864,-3.4705664561974894,-2.7830017849953643
19.353530406951904,-3.669920627950419,-2.5860539960256075,-3.669920627950419,-2.901092240040958
19.403934240341187,-3.871535961507548,-2.9549364714301056,-3.871535961507548,-2.9513089642388617
19.45361852645874,-4.070273105977763,-3.0233182693174987,-4.070273105977763,-2.980897397475111
19.503862857818604,-4.271250431417216,-3.0233182693174987,-4.271250431417216,-2.980897397475111
19.553713083267212,-4.4706513332116495,-3.26907244939117,-4.4706513332116495,-3.312158415643072
19.60416841506958,-4.672472660421122,-3.4768286214536728,-4.672472660421122,-3.480019680235754
19.653851747512817,-4.871205990194071,-3.7491939616060126,-4.871205990194071,-3.6275221556093586
19.70342993736267,-5.0695187495934855,-4.1830252823035785,-5.0695187495934855,-3.9991365824866216
19.754504442214966,-5.273816769002665,-4.483010187749894,-5.273816769002665,-4.321638518144891
19.803595304489136,-5.470180218099345,-4.662284680010616,-5.470180218099345,-4.473511080826594
19.853627681732178,-5.670309727071513,-4.635962613349333,-5.670309727071513,-4.531642872523486
19.903707265853882,-5.870628063558329,-4.605279720279637,-5.870628063558329,-4.635202812587459
19.953744649887085,-6.070777599691142,-4.910637191457651,-6.070777599691142,-4.911041500843253
20.003612279891968,-6.270248119710673,-5.10208067829243,-6.270248119710673,-5.0048103437459535
20.053609371185303,-6.470236484884013,-5.270153071835873,-6.470236484884013,-5.033097624184428
20.10397505760193,-6.671699230550517,-5.4279830073196536,-6.671699230550517,-5.223843264365819
20.153918743133545,-6.871473972676982,-5.481314588479927,-6.871473972676982,-5.322448162904159
20.203593969345093,-7.070174877523173,-5.6945519065865176,-7.070174877523173,-5.702292029810833
20.253482818603516,-7.269730274556864,-5.772449488983332,-7.269730274556864,-5.690104731149101
20.303415775299072,-7.469462101339091,-5.831836431817692,-7.469462101339091,-5.713884480557427
20.35365891456604,-7.670434658406962,-6.006675909613304,-7.670434658406962,-5.76722189703998
20.40362572669983,-7.870301906942118,-5.977884837623144,-7.870301906942118,-5.690818489501776
20.45349407196045,-8.069775287984598,-5.795791781847985,-8.069775287984598,-5.5626083304450304
20.503507137298584,-8.269827549337137,-5.784152220572941,-8.269827549337137,-5.540842450498298
20.553422689437866,-8.469489757894266,-5.8449562183210535,-8.469489757894266,-5.620470761122258
20.603652238845825,-8.670407955526102,-5.919773075265502,-8.670407955526102,-5.738949670384628
20.653459072113037,-8.86963528859495,-6.059409589756616,-8.86963528859495,-5.804465080402201
20.703490495681763,-9.069760982869852,-6.108389653392704,-9.069760982869852,-5.835552195943084
20.75392746925354,-9.271508877156961,-6.108389653392704,-9.271508877156961,-5.835552195943084
20.803647756576538,-9.470390026448953,-6.169045500831404,-9.470390026448953,-5.8628458600348985
20.853894472122192,-9.67137688863157,-6.022922706440664,-9.67137688863157,-5.952607541839126
20.903440952301025,-9.869562809346903,-5.863188021815304,-9.869562809346903,-5.902214893008198
20.953904390335083,-10.071416561483133,-5.927782733477288,-10.071416561483133,-5.842040746797892
21.003450632095337,-10.269601528524149,-6.00065858336823,-10.269601528524149,-5.8015833077632575
21.053632020950317,-10.47032708394407,-5.998397852799428,-10.47032708394407,-5.842847849528903
21.103410720825195,-10.669441883443582,-5.678888547715907,-10.669441883443582,-5.733914331207472
21.153492212295532,-10.86976784932493,-5.635265107738029,-10.86976784932493,-5.71226206145637
21.203481912612915,-11.069726650594461,-5.580566166324753,-11.069726650594461,-5.6378989269326425
21.253612518310547,-11.270249073384988,-5.627095155173542,-11.270249073384988,-5.6221473139521
21.30363702774048,-11.470347111104715,-5.674455275149585,-11.470347111104715,-5.619988982272023
21.353520393371582,-11.66988057362913,-5.580032231094908,-11.66988057362913,-5.698764475334332
21.403756141662598,-11.870823566793192,-5.576367297774246,-11.870823566793192,-5.729026600890867
21.453593254089355,-12.0,-5.763543462397703,-12.0,-5.9423166341210045
21.50373339653015,-12.0,-5.877293344369667,-12.0,-6.092682074068474
21.553350925445557,-12.0,-6.002607972247129,-12.0,-6.106780981898937
21.6034255027771,-12.0,-5.977218090590021,-12.0,-5.964896384196508
21.653459072113037,-12.0,-5.8690418979273495,-12.0,-5.857569493049512
21.703705072402954,-12.0,-5.776440574434266,-12.0,-5.860618251750754
21.753520250320435,-12.0,-5.697426210006757,-12.0,-5.83502605351708
21.803632259368896,-12.0,-5.710449255762345,-12.0,-5.715288963769323
21.853548049926758,-12.0,-5.876340192767804,-12.0,-5.795284273691575
21.903698205947876,-12.0,-6.030646119909104,-12.0,-5.9468578538182735
21.95358395576477,-12.0,-6.004570161570777,-12.0,-6.060697928352238
22.00366449356079,-12.0,-5.8580986768971695,-12.0,-6.019676399928241
22.053696393966675,-12.0,-5.8580986768971695,-12.0,-6.019676399928241
22.103642225265503,-12.0,-5.8005471075993595,-12.0,-6.0258230999133655
22.153717517852783,-12.0,-6.0884947362155835,-12.0,-6.143807079589832
22.203876972198486,-12.0,-6.0884947362155835,-12.0,-6.143807079589832
22.253450632095337,-12.0,-6.077908420529605,-12.0,-5.704131152092479
22.30361843109131,-12.0,-6.009240287768831,-12.0,-5.7208347603770715
22.353774785995483,0.0,-5.840952712855813,0.0,-5.790224943819974
22.403741359710693,0.0,-5.789122352085856,0.0,-5.97774857315898
22.45340609550476,0.0,-2.383219009440926,0.0,-2.7143615978482534
22.503658294677734,0.0,0.0526410463565159,0.0,-0.12478216758453253
22.55364489555359,0.0,0.530543477720831,0.0,0.4816617234284676
22.60380530357361,0.0,0.3821214094753582,0.0,0.6138323315945029
22.65347719192505,0.0,-0.11933682308802686,0.0,0.04983453351724344
22.70358419418335,0.0,-0.2104688687188972,0.0,-0.06640737674188066
22.75369358062744,0.0,-0.10295843522775945,0.0,0.012249781173879686
22.803786039352417,0.0,0.021023627879516695,0.0,0.10093689283099702
22.853498697280884,0.0,0.06013937493230505,0.0,0.08571662208635863
22.903712034225464,0.0,0.06013937493230505,0.0,0.08571662208635863
29.953616857528687,0.0,-0.01663196235895157,0.0,-5.662974594209994e-05
30.003581762313843,0.0,-0.022619468808174135,0.0,-2.0386708539155977e-05
30.053680181503296,0.0,-0.03258476150274277,0.0,-7.339215074096151e-06
30.10398769378662,0.0,-0.020153798354902268,0.0,-1.5852704560047682e-06
30.153855323791504,0.0,-0.023887329766716387,0.0,-5.706973641617166e-07
30.20382571220398,0.0,-0.023887329766716387,0.0,-5.706973641617166e-07
30.253737449645996,0.0,-0.011561648887053856,0.0,-7.396237839535844e-08
30.303618669509888,0.0,-0.02744693970977869,0.0,-2.6626456222329035e-08
30.353824615478516,0.0,-0.025000863669990086,0.0,-9.585524240038453e-09
33.10378289222717,0.0,-0.01731773020117009,0.0,-1.780418784617333e-36
33.15353202819824,0.0,-0.018388509039718594,0.0,-6.409507624622398e-37
33.203781604766846,0.0,-0.016599040669669635,0.0,-2.307422744864063e-37
33.50341796875,0.0,-0.016591999658659113,0.0,0.012077971696853639
33.55342435836792,0.0,-0.046330590389507424,0.0,0.0043480698108673095
33.60363721847534,0.0,-0.07138780868375447,0.0,0.0015653051319122313
33.653706073760986,0.0,-0.09006746393319659,0.0,0.0005635098474884033
33.703635454177856,0.0,-0.09134895127490769,0.0,0.00020286354509582515
33.753623962402344,0.0,-0.08648929608747727,0.0,0.00012171812705749509
33.80370354652405,0.0,-0.06353791769971394,0.0,1.577466926665136e-05
33.853501081466675,0.0,-0.044950598358976634,0.0,5.6788809359944895e-06
33.90368318557739,0.0,-0.031302180783701346,0.0,2.0443971369580163e-06
33.95341348648071,0.0,-0.014744612266320506,0.0,4.415897815829315e-07
43.103755712509155,-0.20089244842529297,-4.511734272333673e-93,0.20089244842529297,1.35122966673795e-97
43.15352964401245,-0.39998817443847656,-9.745346028240731e-94,0.39998817443847656,2.9186560801539717e-98
43.20367670059204,-0.6005764007568359,-0.14374766618013382,0.6005764007568359,0.12291811883449555
43.25373888015747,-0.6463203263020925,-0.2775161675810814,0.6463203263020925,0.2317544995546341
43.303770780563354,-0.6463203263020925,-0.2775161675810814,0.6463203263020925,0.2317544995546341
43.353482723236084,-0.6463203263020925,-0.9385022065155906,0.6463203263020925,0.7257713425779038
43.40368127822876,-0.600653100873195,-0.9763803566165687,0.600653100873195,0.7479420750512894
43.45341873168945,-0.5606305134576145,-0.6754281862192316,0.5606305134576145,0.620848723472454
43.503705978393555,-0.5268738804029288,-0.5106993237833845,0.5268738804029288,0.4529119069473616
43.55342888832092,-0.4969838710252393,-0.40881711553456784,0.4969838710252393,0.3413718330000641
43.60367965698242,-0.4969838710252393,-0.3450820464546823,0.4969838710252393,0.32956281525700104
43.65369272232056,-0.5028615585684145,-0.21852299044823192,0.5028615585684145,0.246533961923189
43.70341897010803,-0.49275346646657636,-0.1637910161573076,0.49275346646657636,0.16451915821984775
43.753520488739014,-0.49275346646657636,-0.16020279750198307,0.49275346646657636,0.110207476067145
43.80357527732849,-0.491694480822515,-0.18556705459941691,0.491694480822515,0.06041685042295432
43.85356020927429,-0.4838894542229724,-0.1755515858947847,0.4838894542229724,0.02942635612790671
43.90377140045166,-0.4838894542229724,-0.1755515858947847,0.4838894542229724,0.02942635612790671
43.95380115509033,-0.2837704356682849,-0.055759533410706316,0.6840084727776599,0.011796997686473463
44.00375175476074,-0.08396803698664429,-0.012044059216712564,0.8838108714593005,0.010864132679754052
44.0536003112793,0.11542618908757446,-0.004335861318016523,1.0832050975335192,0.07637892390629777
44.10347604751587,0.3149291340338635,-0.001560910074485948,1.2827080424798083,0.2953432985258381
44.15383315086365,0.5163575474249769,0.18722014420202723,1.4841364558709216,0.6170838971654993
44.20383644104004,0.7163707081305433,0.584492689880548,1.684149616576488,1.0030115263402075
44.25358057022095,0.9153472248541761,0.8128270267890042,1.8831261333001208,1.1228279882695535
44.30362248420715,1.1155148807990003,0.9797497397303947,2.0832937892449452,1.4386540039211186
44.353485345840454,1.3149663273322034,1.0808202435603276,2.2827452357781484,1.5666529864250305
44.4034903049469,1.5149861637579847,1.2070854238282633,2.4827650722039296,1.6647285841767316
44.453824520111084,1.716323024414723,1.365114183364308,2.684101932860668,1.8606454595159647
44.503427267074585,1.9147340122687269,1.5370853034751402,2.882512920714672,2.0654708599173244
44.553755044937134,2.116045123718922,1.7339735539470955,3.083824032164867,2.2014533396407323
44.603872776031494,2.3165160480963634,1.9139995328801218,3.2842949565423085,2.363372372955478
44.65418100357056,2.5177489582526134,1.9139995328801218,3.4855278666985585,2.363372372955478
44.703925371170044,2.7167264286505626,2.087443224358454,3.6845053370965077,2.4526426970084563
44.753934144973755,2.9167615238654063,2.2653505308996826,3.8845404323113515,2.895674967210885
44.803696155548096,3.1158095661627696,2.4022152723159023,4.083588474608715,3.1397333610444296
44.85360527038574,3.3154460255133555,2.474771405504428,4.283224933959301,3.24089997059306
44.90347456932068,3.5149232212531016,2.595741627388395,4.482702129699047,3.2810455096759332
44.95372414588928,3.3139249149786876,2.674377931752156,4.281703823424633,3.356221101272032
45.003714084625244,3.11396516003484,2.7252521849626365,4.081744068480785,3.460974791617844
45.0535147190094,0.0,2.759956973630396,0.0,3.5556792490659923
45.103638648986816,0.0,2.755129896305923,0.0,3.6302840753185013
45.15359354019165,0.0,0.8856921865183428,0.0,1.4929005233951453
45.20342183113098,0.0,-0.7444191044265156,0.0,-0.6988082228742304
45.253559827804565,0.0,-0.6338940417418762,0.0,-0.815611396979413
45.30341410636902,0.1994171142578125,-0.15140558054387154,0.1994171142578125,-0.3390325876180368
45.35376048088074,0.4008026123046875,0.11846639417288456,0.4008026123046875,-0.0455447058834089
45.40378284454346,0.6008920669555664,0.26612098349098356,0.6008920669555664,0.08158128007802536
45.453526973724365,0.7998685836791992,0.37213326835553073,0.7998685836791992,0.3096276180806109
45.50378727912903,1.0009098052978516,0.42361391786546787,1.0009098052978516,0.5702582546542532
45.55354452133179,1.1999387741088867,0.6272160969577554,1.1999387741088867,0.9469568336873866
45.603724002838135,1.4006567001342773,0.9021641932392951,1.4006567001342773,1.0727107574297055
45.653806924819946,1.6009883880615234,1.0139963699856303,1.6009883880615234,1.0725560098739306
45.703633546829224,1.8002948760986328,1.1163734165699721,1.8002948760986328,0.8764399947849907
45.75342154502869,1.9994468688964844,1.283975115563495,1.9994468688964844,1.0486627801874924
45.80349087715149,2.1997241973876953,1.4903886691854082,2.1997241973876953,1.4035342258674972
45.8537073135376,2.400589942932129,1.4903886691854082,2.400589942932129,1.4035342258674972
45.90361404418945,2.600216865539551,1.900399300267884,2.600216865539551,1.9047233315022005
45.95350623130798,2.799785614013672,2.24633797634352,2.799785614013672,2.080318786777022
46.00361347198486,3.0002145767211914,2.527713711126001,3.0002145767211914,2.299251162318097
46.053733825683594,3.2006959915161133,2.7384127003181042,3.2006959915161133,2.448806649437323
46.103633642196655,3.001096725463867,2.8647474296889803,3.001096725463867,2.5178474113908202
46.15342926979065,2.8019142150878906,2.9691649137306664,2.8019142150878906,2.7213838971378834
46.203408002853394,0.0,2.9611989924324202,0.0,2.764430067898837
46.25383543968201,0.0,2.9611989924324202,0.0,2.764430067898837
46.3036425113678,0.19922828674316406,0.8670980795685487,-0.19922828674316406,0.9850612951897344
46.35346794128418,0.2746258502844612,-0.5067419625116335,-0.2746258502844612,-0.22568217491211556
46.40361285209656,0.2746258502844612,-0.44558028018745544,-0.2746258502844612,-0.8130255847396657
46.45362830162048,0.256228874787191,0.14755653392217366,-0.256228874787191,-0.81687014970382
46.50345301628113,0.24864262680203453,0.5941116894384566,-0.24864262680203453,-0.6030933747431754
46.553849935531616,0.45023030380398765,0.5069987339413289,-0.0470549498000814,-0.4644546409752769
46.60372233390808,0.649719897309847,0.3902744339455172,0.15243464370577797,-0.38218984962606917
46.65344309806824,0.848602953950472,0.3594862873512151,0.351317700346403,-0.22233214900888618
46.704171657562256,1.0515171919265462,0.44423433024254944,0.5542319383224772,0.1603318658137407
46.754148721694946,1.251425448457308,0.7290383460300225,0.7541401948532389,0.6552414375781459
46.80359196662903,1.449198428193636,0.9464575010124585,0.951913174589567,0.8502418927516737
46.853384494781494,1.6483685408034994,1.1336862593132344,1.1510832871994303,1.001643802140941
46.90363597869873,1.8493744764724447,1.2543770724262506,1.3520892228683756,1.1098220200829947
46.95346736907959,1.6500489149490072,1.3914795632502692,1.1527636613449381,1.2461819357213941
47.003870725631714,1.448435488740511,1.5730893676999065,0.951150235136442,1.4203856220199191
47.05363321304321,1.249385539094515,1.5769018292018004,0.7521002854904459,1.381744826925523
47.103360652923584,1.0504757795730306,1.328942854014144,0.5531905259689616,1.1080776287516247
47.153454303741455,1.250850382844515,1.1189049048926014,0.7535651292404459,0.8756908476376637
47.203853607177734,1.4524475965896322,1.1189049048926014,0.9551623429855631,0.8756908476376637
47.253650188446045,1.6516339216628744,0.93558785353663,1.1543486680588053,0.7030428776267295
47.30361604690552,1.851497355500765,1.0696100743558554,1.354212101896696,0.8223945817043975
47.353413343429565,2.0506865415969564,1.3499199802379565,1.5534012879928873,1.0561048026331876
47.403698205947876,2.2518259916701986,1.648360490371016,1.7545407380661295,1.3115875423711043
47.453917503356934,2.452703181306429,1.8798836783438455,1.95541792770236,1.587248696581968
47.503443479537964,2.65080708603055,2.0269931477023193,2.153521832426481,1.7687888957368547
47.55364155769348,2.8515993986526205,2.1901621361391435,2.3543141450485514,1.9261370331278043
47.60369348526001,3.0518071089187337,2.485350382559896,2.5545218553146647,2.1412539898239586
47.65347909927368,3.2509495649734212,2.6795731874346975,2.753664311369352,2.3009918553429727
47.70421361923218,3.4538876448074056,2.700701361420169,2.9566023912033366,2.3309928907631567
47.753581285476685,3.651358309785433,2.9927926409173424,3.154073056181364,2.6438267493322103
47.803552865982056,0.0,3.2860866697582143,0.0,2.9522292041222373
47.8540997505188,0.0,2.941158229540081,0.0,2.7206268104352995
47.903862953186035,0.0,2.941158229540081,0.0,2.7206268104352995
47.953468561172485,0.0,-0.41753290791693765,0.0,-0.09300444250305273
48.00369477272034,0.0,-1.157138471720398,0.0,-0.7013632979094975
48.05347657203674,0.0,-0.6346946238102918,0.0,-0.5157905941841601
48.103535890579224,0.20023727416992188,-0.08648479027589817,0.20023727416992188,-0.15400468634859077
48.153608560562134,0.4005279541015625,0.07162207647666696,0.4005279541015625,0.015135681352751194
48.20340657234192,0.5997200012207031,0.3174775662566539,0.5997200012207031,0.3410991849063786
48.25356197357178,0.8003416061401367,0.5609788783506865,0.8003416061401367,0.5663146884998901
48.30360269546509,1.000504493713379,0.7492951376956576,1.000504493713379,0.6657882158194026
48.35372853279114,1.2010078430175781,0.8019690092941001,1.2010078430175781,0.7493226560676352
48.40341234207153,1.3997430801391602,0.8930602521630737,1.3997430801391602,0.9305427481997449
48.45364236831665,1.600663185119629,1.050140020284627,1.600663185119629,1.092145619759623
48.50406074523926,1.8023366928100586,1.2245242775798704,1.8023366928100586,1.2755960957895507
48.55341053009033,1.9997358322143555,1.4939318476483532,1.9997358322143555,1.491657765937369
48.60365676879883,2.20072078704834,1.5830370418440811,2.20072078704834,1.610514289939113
48.65364480018616,2.4006729125976562,1.7066517340735738,2.4006729125976562,1.7651044154657272
48.70386791229248,2.601565361022949,1.7066517340735738,2.601565361022949,1.7651044154657272
48.753812313079834,2.8013429641723633,2.0246521239480146,2.8013429641723633,2.027879530478573
48.80367588996887,3.0007972717285156,2.362092190849798,3.0007972717285156,2.41732696172241
48.85336780548096,3.1995649337768555,2.639901839371017,3.1995649337768555,2.7015010793899994
48.90367579460144,0.0,2.8075282917054265,0.0,2.8047920994721234
48.95358347892761,0.0,2.676465075455848,0.0,2.659487805346097
49.00420331954956,0.0,1.1457558704886712,0.0,1.1900564682171744
49.053709745407104,0.0,-0.14521035551522227,0.0,-0.05032427364518638
49.10347938537598,0.19907855987548828,-0.49948915290723955,0.19907855987548828,-0.38458757341751426
49.153629302978516,0.39967823028564453,-0.1699881150945093,0.39967823028564453,-0.20119938549106944
49.203686237335205,0.5999059677124023,0.31574500103149183,0.5999059677124023,0.07831427050815001
49.253418922424316,0.7988367080688477,0.8134184132800533,0.7988367080688477,0.512680315813702
49.30342507362366,0.9988613128662109,0.910013191132046,0.9988613128662109,0.8028274764447028
49.35380554199219,1.200383186340332,0.910013191132046,1.200383186340332,0.8028274764447028
49.40345335006714,1.3989744186401367,0.9606310716160013,1.3989744186401367,0.9046591071726668
49.45384216308594,1.600529670715332,1.0513247653563456,1.600529670715332,0.9634374075570746
49.50390911102295,1.800797462463379,1.074313831610658,1.800797462463379,0.9740615185164835
49.553600549697876,1.999563217163086,1.4614062110502521,1.999563217163086,1.3541669481247485
49.60348320007324,2.199093818664551,1.7610294365853907,2.199093818664551,1.5935255587071118
49.6537389755249,2.4001169204711914,1.9423275021542612,2.4001169204711914,1.7403651201714254
49.70346641540527,2.599026679992676,2.051488638919455,2.599026679992676,1.9382870146270696
49.75381016731262,2.8004016876220703,2.1165382198101983,2.8004016876220703,2.1390288143862284
49.803622245788574,2.999650001525879,2.201312835908336,2.999650001525879,2.2896509331172106
49.85355758666992,0.0,2.600539534708037,0.0,2.6512176858740073
49.903769731521606,0.0,2.600539534708037,0.0,2.6512176858740073
49.95376706123352,0.0,0.9217329236237748,0.0,1.0832552469163608
50.00371694564819,0.0,-0.39665604785554853,0.0,-0.116535293231387
50.053470849990845,0.0,-0.6335820332525395,0.0,-0.5305456520206883
50.1034197807312,0.19979572296142578,-0.2521662789711317,0.19979572296142578,-0.3054401713998492
50.15378403663635,0.40125274658203125,0.013331900723136905,0.40125274658203125,-0.1099584617039457
50.203391790390015,0.5996837615966797,0.3038706741615824,0.5996837615966797,0.15197753328588476
50.25355911254883,0.8003530502319336,0.37756717573909115,0.8003530502319336,0.25027484547201917
50.30360817909241,1.00054931640625,0.4482997976023445,1.00054931640625,0.3164845278924949
50.35371947288513,1.2009944915771484,0.8735299873359295,1.2009944915771484,0.7062984989732688
50.403456687927246,1.3999433517456055,1.137991460590519,1.3999433517456055,0.9943402199264804
50.453606367111206,1.6005420684814453,1.2163270660980787,1.6005420684814453,1.081452798425547
50.503411293029785,1.7997617721557617,1.3190101509837238,1.7997617721557617,1.1215631979391785
50.55393671989441,2.001863479614258,1.3901567057101683,2.001863479614258,1.188528729539264
50.60375261306763,2.201127052307129,1.514031290840939,2.201127052307129,1.441932637594157
50.65377140045166,2.4012022018432617,1.514031290840939,2.4012022018432617,1.441932637594157
50.7034866809845,2.6000633239746094,2.1034298146131776,2.6000633239746094,2.122702550495489
50.753785133361816,2.8012571334838867,2.1034298146131776,2.8012571334838867,2.122702550495489
50.80349063873291,2.7971593714318557,2.405491000327017,2.7971593714318557,2.320830770746852
50.85374879837036,2.7971593714318557,2.405491000327017,2.7971593714318557,2.320830770746852
50.90384221076965,0.0,2.803807954214281,0.0,2.5686499590264873
50.95370817184448,0.0,2.91899720438323,0.0,2.6893650930376216
51.00378894805908,0.0,1.9589440999317225,0.0,1.829707020804335
51.05382704734802,0.0,-0.25874513435127144,0.0,-0.09400213852964776
51.10363149642944,0.0,-0.6464808275023526,0.0,-0.5571078697280035
51.153658628463745,0.0,-0.2969882550139222,0.0,-0.37018417827257916
51.203683376312256,0.20009899139404297,0.043155692077911145,0.20009899139404297,-0.08349835653413318
51.2534966468811,0.3993520736694336,0.2395554943922788,0.3993520736694336,0.11122637682824593
51.30342960357666,0.5990839004516602,0.4102305757061349,0.5990839004516602,0.22864793369890185
51.35378050804138,0.8004875183105469,0.5859626002450838,0.8004875183105469,0.3118708817829642
51.40345478057861,0.9991846084594727,0.8394427347327721,0.9991846084594727,0.6427142777395953
51.45364809036255,1.1999578475952148,0.9971778028540177,1.1999578475952148,0.8919036063558832
51.503764390945435,1.4004230499267578,1.1351181042194018,1.4004230499267578,1.0872402169587723
51.55345869064331,1.5992002487182617,1.3316875828456802,1.5992002487182617,1.2665628714669768
51.60443925857544,1.8031225204467773,1.4761372089321108,1.8031225204467773,1.3564645620575793
51.65376925468445,2.0004425048828125,1.5680923442817218,2.0004425048828125,1.498654910530731
51.70343327522278,2.199098587036133,1.7816969466852866,2.199098587036133,1.7459084972728436
51.75354266166687,2.2661950787671272,1.8716911263851954,2.2661950787671272,1.828524159490415
51.803462266922,2.2661950787671272,2.2416417877395096,2.2661950787671272,2.174818707082132
51.85340929031372,2.1196427332737002,2.3953433232493095,2.1196427332737002,2.325549146857307
51.90363574028015,1.9975923114795189,2.3790305494184576,1.9975923114795189,2.272663906094949
51.953670501708984,1.8548507949478386,2.2618517412751418,1.8548507949478386,2.1769902592459394
52.00346827507019,1.6556597015030143,2.0586171622421396,1.6556597015030143,2.0416176370859898
52.05369591712952,1.856570269740319,1.9267234543089649,1.856570269740319,1.9217916221170694
52.1036422252655,2.0563555022842643,1.760813870637104,2.0563555022842643,1.691208883193102
52.153990030288696,1.9239406287785747,1.801575299918088,1.9239406287785747,1.492359561839168
52.203811168670654,2.123225182306407,1.9333861387322304,2.123225182306407,1.6141689454740757
52.253488302230835,2.3219337165471297,1.9702831453043208,2.3219337165471297,1.731264933415406
52.30365777015686,2.522611588251231,1.9909753923162694,2.522611588251231,1.8365931169276786
52.35365056991577,2.7225827872868757,2.0669583698944405,2.7225827872868757,1.9544625397712714
52.40361928939819,2.9224576652165632,2.332028468102277,2.9224576652165632,2.2185820490019714
52.453643560409546,3.1225547492619734,2.332028468102277,3.1225547492619734,2.2185820490019714
52.50372290611267,3.3228721320744734,2.795336287262686,3.3228721320744734,2.65264432699548
52.55346202850342,3.5218286216374617,2.9752680353078773,3.5218286216374617,2.9408080902256972
52.60374426841736,3.7229575812932234,3.260576282085852,3.7229575812932234,3.231178714129986
52.65363121032715,3.9225053489323836,3.3601356342346227,3.9225053489323836,3.1840592694140657
52.70375180244446,4.122987717401622,3.378456601914552,4.122987717401622,3.187642686552662
52.75348162651062,4.32190701366627,3.3778730393588803,4.32190701366627,3.526059047147792
52.803820848464966,4.523263901483653,3.6395808182170484,4.523263901483653,3.85722445574945
52.853399991989136,4.721580475580333,4.009378904891389,4.721580475580333,4.142378498771951
52.90370988845825,4.922820061456798,4.317009752318517,4.922820061456798,4.178242038366496
52.95356369018555,5.122235268365977,4.493030657288523,5.122235268365977,4.014207216743457
53.00349402427673,5.321956604730723,4.562128300410601,5.321956604730723,3.9553681953858
53.05340838432312,5.52161404491627,4.585035427192006,5.52161404491627,4.125438249496603
53.103755712509155,5.723003357660411,4.65065702335089,5.723003357660411,4.258501123090261
53.15362000465393,5.9224605262395125,4.766593305597483,5.9224605262395125,4.358117786896113
53.20376205444336,6.123028725397227,4.905687241750824,6.123028725397227,4.461018400103976
53.25349807739258,6.321972817194102,5.480616185488426,6.321972817194102,4.806555508380892
53.304006814956665,6.52400776745045,5.480616185488426,6.52400776745045,4.806555508380892
53.35365033149719,6.722581833612559,5.820189220249163,6.722581833612559,5.0741030901325015
53.4036705493927,6.922662705194591,6.011540683224025,6.922662705194591,5.285016136037788
53.453421115875244,7.121664971124766,6.117104676461887,7.121664971124766,5.4063310062887036
53.504151582717896,7.324586838495372,6.117104676461887,7.324586838495372,5.4063310062887036
53.55369257926941,7.5227508247014265,6.315567442186404,7.5227508247014265,5.77558365210154
53.60344433784485,7.721757859003184,6.397991962806453,7.721757859003184,6.115202258276541
53.653403520584106,7.921594589960216,6.302075877514864,7.921594589960216,6.196707607596254
53.70353651046753,8.122126549493906,6.207498174212235,8.122126549493906,6.1990494875749835
53.75354528427124,0.0,6.183236558902928,0.0,6.11147400433925
53.803680181503296,-0.20053958892822266,6.244335913460653,-0.20053958892822266,6.098318843216344
53.85351872444153,-0.39989376068115234,4.957991465907355,-0.39989376068115234,4.832837574327845
53.903889656066895,-0.6013774871826172,2.0143980163268065,-0.6013774871826172,1.9859745589416715
53.95361065864563,-0.8002614974975586,-1.6043011813130705,-0.8002614974975586,-1.2591735658939043
54.003761291503906,-1.000864028930664,-1.6043011813130705,-1.000864028930664,-1.2591735658939043
54.05343770980835,-1.1995697021484375,-1.6953886977466115,-1.1995697021484375,-1.1473514117768644
54.103970527648926,-1.4017009735107422,-1.2388829762570608,-1.4017009735107422,-1.0656214311164407
54.15354919433594,-1.600015640258789,-1.2568060246050077,-1.600015640258789,-1.2027478320995015
54.20376539230347,-1.8008804321289062,-1.2568060246050077,-1.8008804321289062,-1.2027478320995015
54.253626346588135,-2.000324249267578,-1.612325487111746,-2.000324249267578,-1.5264757745729323
54.30370306968689,-2.2006311416625977,-1.656199780420605,-2.2006311416625977,-1.701522916935439
54.3535373210907,-2.399968147277832,-1.777299139731935,-2.399968147277832,-1.7856955040869313
54.40362906455994,-2.600335121154785,-1.9544178773762504,-2.600335121154785,-1.867295376397748
54.45362591743469,-2.8003225326538086,-2.1463769816089293,-2.8003225326538086,-2.033950063683121
54.503405809402466,-2.9994421005249023,-2.4237494756807267,-2.9994421005249023,-2.4054897708386838
54.553662061691284,-3.200467109680176,-2.6330067833672537,-3.200467109680176,-2.5888306456574437
54.60355496406555,-3.400038719177246,-2.808814115062138,-3.400038719177246,-2.677411018291782
54.65381097793579,-3.601062774658203,-3.015685982728522,-3.601062774658203,-2.7909044045733227
54.703866958618164,-3.8012866973876953,-3.2413647481208008,-3.8012866973876953,-3.053721227089742
54.753565073013306,-4.000079154968262,-3.4579440704013695,-4.000079154968262,-3.34465444010741
54.80353140830994,-4.199944496154785,-3.627887218631236,-4.199944496154785,-3.6108629366955034
54.85379338264465,-4.400992393493652,-3.627887218631236,-4.400992393493652,-3.6108629366955034
54.90372323989868,-4.600711822509766,-3.9407592264880993,-4.600711822509766,-3.859878275896274
54.95362091064453,-4.800302505493164,-3.999278733065257,-4.800302505493164,-3.8899746992964133
55.00398135185242,-5.001744270324707,-4.00424358607232,-5.001744270324707,-3.999974460432547
55.053552865982056,-5.200030326843262,-4.056903734305737,-5.200030326843262,-4.238318318496805
55.10349702835083,-5.399806976318359,-4.187794323384489,-5.399806976318359,-4.498591435326574
55.153679609298706,-5.600537300109863,-4.329460910184285,-5.600537300109863,-4.556222138061561
55.20355939865112,-5.800056457519531,-4.64505183174629,-5.800056457519531,-4.75335300434327
55.25364136695862,-6.000384330749512,-4.765046426501387,-6.000384330749512,-4.847847106866216
55.30354642868042,-6.200004577636719,-5.2340475859551105,-6.200004577636719,-5.34340824855112
55.35370063781738,-6.40062141418457,-5.431552071892327,-6.40062141418457,-5.60669921221522
55.403427839279175,-6.599530220031738,-5.411229110138606,-6.599530220031738,-5.856924223289416
55.45360803604126,-6.800251007080078,-5.482334242955563,-6.800251007080078,-5.962949774522373
55.50346517562866,-6.9996795654296875,-5.600687198649306,-6.9996795654296875,-6.055172985264822
55.553751707077026,-7.2008256912231445,-5.780711102298662,-7.2008256912231445,-6.105945133734643
55.603419065475464,0.0,-5.933159039430057,0.0,-5.912787579382265
55.653422832489014,0.0,-5.648402676918748,0.0,-5.383403316639977
55.70342397689819,0.0,-3.2490701482076556,0.0,-2.9775227864395797
55.753928422927856,0.0,-0.5271136878864445,0.0,-0.42005930637638145
55.803417444229126,0.0,1.0473870309104245,0.0,1.044564854941873
55.853612661361694,0.0,0.9181502742713523,0.0,0.943282700682943
55.903411626815796,0.0,0.3091501505605876,0.0,0.4239295749444717
55.95348262786865,0.0,-0.19767175876404647,0.0,-0.013925370050166662
56.00345969200134,0.0,-0.14347471122731853,0.0,-0.05201650284744309
56.05382752418518,0.0,-0.05165089604183467,0.0,-0.03094681739097955
56.10341286659241,0.0,-0.011156593545036286,0.0,-0.019752482534307267
64.95367407798767,0.20017051696777344,-2.3848906948121482e-91,0.20017051696777344,5.6797633473459395e-89
65.00372791290283,0.40038585662841797,-8.585606501323733e-92,0.40038585662841797,2.044714805044538e-89
65.05403351783752,0.6016082763671875,0.2726345754861832,0.6016082763671875,0.2983385266065598
65.10357427597046,0.7997713088989258,0.5097895037126541,0.7997713088989258,0.5523068335485458
65.15360403060913,0.9998903274536133,0.6927181209680557,0.9998903274536133,0.731692911153984
65.20374655723572,1.200460433959961,0.8235771867832107,1.200460433959961,0.8332520989057846
65.25374746322632,1.4004640579223633,1.0334407880754592,1.4004640579223633,0.9510401916677876
65.3035318851471,1.5996017456054688,1.1458553073949094,1.5996017456054688,1.1075135528627083
65.35362148284912,1.7999601364135742,1.3330229853920867,1.7999601364135742,1.3192199537604945
65.403813123703,2.0007266998291016,1.5036319709539199,2.0007266998291016,1.4819276310008727
65.45349359512329,2.199448585510254,1.746893993259616,2.199448585510254,1.7377280115914764
65.50357341766357,2.3997678756713867,1.8834069077638913,2.3997678756713867,1.8167473215996892
65.55376553535461,2.4000000000000004,2.0108250726867247,2.4000000000000004,1.9401858904054048
65.60371351242065,2.4000000000000004,2.250676354280655,2.4000000000000004,2.173342677886039
65.65367269515991,2.4000000000000004,2.3765403892439165,2.4000000000000004,2.2434850595956144
65.7038562297821,2.4000000000000004,2.3765403892439165,2.4000000000000004,2.2434850595956144
65.75363755226135,2.4000000000000004,2.2857956950081455,2.4000000000000004,2.1187105591245925
65.80385303497314,2.4000000000000004,2.18837044468688,2.4000000000000004,1.9921149163895286
65.85365438461304,2.4000000000000004,2.0780752335740336,2.4000000000000004,1.9720589593531632
65.90347695350647,2.4000000000000004,2.070987719348188,2.4000000000000004,2.0168295768075684
65.95372986793518,2.4000000000000004,2.0688812415782625,2.4000000000000004,2.061098959464079
66.00339722633362,2.4000000000000004,2.173091154882565,2.4000000000000004,2.1727776565018706
66.0536253452301,2.4000000000000004,2.2051997075016825,2.4000000000000004,2.1835510038056025
66.10340404510498,2.4000000000000004,2.2930323176522727,2.4000000000000004,2.164614347754627
66.15367388725281,2.4000000000000004,2.2599982986309413,2.4000000000000004,2.1680299573440704
66.2034318447113,2.4000000000000004,2.256042097866832,2.4000000000000004,2.2218734321586946
66.25340533256531,2.4000000000000004,2.3387515884138224,2.4000000000000004,2.1399353038403746
66.30347943305969,2.4000000000000004,2.394770968252316,2.4000000000000004,2.0994216522383695
66.35362815856934,2.4000000000000004,2.414891930208407,2.4000000000000004,2.2080512781432153
66.40380048751831,2.4000000000000004,2.455168802610518,2.4000000000000004,2.3061164819890787
66.45355272293091,2.4000000000000004,2.309236039995813,2.4000000000000004,2.4802649243830452
66.50347065925598,2.4000000000000004,2.2234201348828067,2.4000000000000004,2.423701074987369
66.55376863479614,2.4000000000000004,2.2221023577573344,2.4000000000000004,2.2723030569325866
66.60364007949829,2.4000000000000004,2.3285571886821668,2.4000000000000004,2.1400852461637605
66.65341877937317,2.4000000000000004,2.470196717699806,2.4000000000000004,2.025662786340318
66.70395135879517,2.4000000000000004,2.3903053070499087,2.4000000000000004,2.018215601411677
66.75373578071594,2.4000000000000004,2.3903053070499087,2.4000000000000004,2.018215601411677
66.8036675453186,2.4000000000000004,2.1607149694278847,2.4000000000000004,2.163116635268759
66.8535578250885,2.4000000000000004,2.2956757886057737,2.4000000000000004,2.3846396663778417
66.9036762714386,2.4000000000000004,2.3981636074607007,2.4000000000000004,2.480086500370266
66.95375561714172,2.4000000000000004,2.4335613336834108,2.4000000000000004,2.4558222919429884
67.00341415405273,2.4000000000000004,2.389426803541315,2.4000000000000004,2.3543184892357107
67.05412650108337,2.4000000000000004,2.359260854692538,2.4000000000000004,2.330964630605025
67.10365271568298,2.4000000000000004,2.3034533509765036,2.4000000000000004,2.377037705227165
67.1536636352539,2.4000000000000004,2.286535677283548,2.4000000000000004,2.427786539045964
67.20368647575378,2.4000000000000004,2.2469933570514478,2.4000000000000004,2.436756697910307
67.25341749191284,2.4000000000000004,2.217329136061223,2.4000000000000004,2.2871097495211483
67.3037645816803,2.4000000000000004,2.154104930708725,2.4000000000000004,2.128606916787147
67.35352492332458,2.4000000000000004,2.171638587433071,2.4000000000000004,2.163383236404152
67.40375280380249,2.4000000000000004,2.12433008407997,2.4000000000000004,2.1957370868477435
67.45341420173645,2.4000000000000004,2.1728428651092107,2.4000000000000004,2.1919258296021917
67.50358176231384,2.4000000000000004,2.2886039370011444,2.4000000000000004,2.1885540625880635
67.5534119606018,2.4000000000000004,2.2837301237718277,2.4000000000000004,2.225032139114039
67.603835105896,2.4000000000000004,2.2432354787589075,2.4000000000000004,2.1954207354634394
67.65345931053162,2.4000000000000004,2.257838626137754,2.4000000000000004,2.318214943420039
67.70357871055603,2.4000000000000004,2.222380687987106,2.4000000000000004,2.3979617585222055
67.75361680984497,2.4000000000000004,2.240001057456242,2.4000000000000004,2.434986623387818
67.80359625816345,2.4000000000000004,2.333531241966596,2.4000000000000004,2.439524328325254
67.85342860221863,2.4000000000000004,2.458934553913589,2.4000000000000004,2.463852093709148
67.90364599227905,2.4000000000000004,2.489868024034136,2.4000000000000004,2.467355711254825
67.95389103889465,2.4000000000000004,2.4401290580187442,2.4000000000000004,2.504130929586893
68.00366640090942,2.4000000000000004,2.277858977987737,2.4000000000000004,2.4697193243240942
68.05348038673401,2.4000000000000004,1.9676345558670896,2.4000000000000004,2.257077777557455
68.1036651134491,2.4000000000000004,1.8741697158232118,2.4000000000000004,2.0635882821701346
68.15338921546936,2.4000000000000004,2.0254539854221862,2.4000000000000004,2.1768044736512557
68.20362544059753,2.4000000000000004,2.195799997099399,2.4000000000000004,2.3742699089000725
68.25364851951599,2.4000000000000004,2.2188119163446998,2.4000000000000004,2.48307849868596
68.3038215637207,2.4000000000000004,2.1877258993506445,2.4000000000000004,2.489714114324309
68.35354518890381,2.4000000000000004,2.2980729050538065,2.4000000000000004,2.3040926560426835
68.40341591835022,2.4000000000000004,2.409261669174473,2.4000000000000004,2.2048085917710694
68.45371508598328,2.4000000000000004,2.4567712374170925,2.4000000000000004,2.2365176244859493
68.50380802154541,2.4000000000000004,2.4738670302599974,2.4000000000000004,2.334188112446216
68.5537497997284,2.4000000000000004,2.399078137467522,2.4000000000000004,2.2944807820490283
68.6036376953125,2.4000000000000004,2.3257295222547523,2.4000000000000004,2.226383359710554
68.65369248390198,2.4000000000000004,2.263344829015739,2.4000000000000004,2.151507117085521
68.70348191261292,2.4000000000000004,2.152411254467851,2.4000000000000004,2.2247197294138856
68.75347781181335,2.4000000000000004,2.1600728531678746,2.4000000000000004,2.326287524601328
68.80372643470764,2.4000000000000004,2.2376231849193653,2.4000000000000004,2.3241438830019856
68.85379362106323,2.4000000000000004,2.357748685121538,2.4000000000000004,2.255652154152623
68.90365791320801,2.4000000000000004,2.348834025087357,2.4000000000000004,2.2122875373357647
68.9536018371582,2.4000000000000004,2.3728282119831086,2.4000000000000004,2.1893761081979557
69.00399661064148,2.4000000000000004,2.4270473265409698,2.4000000000000004,2.204109742289277
69.05368614196777,2.4000000000000004,2.4932288462968875,2.4000000000000004,2.296337120685802
69.10383915901184,2.4000000000000004,2.488252377571542,2.4000000000000004,2.3417993520333145
69.15370225906372,2.4000000000000004,2.4674912176353496,2.4000000000000004,2.4077315569389026
69.20380449295044,2.4000000000000004,2.4222173076327835,2.4000000000000004,2.4106829919982493
69.25370907783508,0.0,2.3211139393642086,0.0,2.20718838793544
69.30350112915039,0.0,1.9541004259393646,0.0,1.8715073181003619
69.3536765575409,0.0,0.5757426759841215,0.0,0.632827998857866
69.40359091758728,0.0,-0.3493351695093332,0.0,-0.16804325759607425
69.45361471176147,0.0,-0.6011788853580767,0.0,-0.3750955170876904
69.50340032577515,0.0,-0.19391145167273316,0.0,-0.10343418200822854
69.55381178855896,0.0,0.03264476231030692,0.0,0.011994301629022899
69.60379242897034,0.0,0.018456044010312228,0.0,-0.002731458802995557
69.65391111373901,0.0,-0.03493572960663169,0.0,-0.03008925981878429
69.70347118377686,0.0,-0.03688511499298214,0.0,-0.026824404689881287
69.75376653671265,0.0,-0.027741216713902707,0.0,-0.009656785688357263
69.80362558364868,0.0,-0.021832065471469313,0.0,-0.0020858657086851684
69.85382962226868,0.0,-0.02051429734413348,0.0,-0.0007509116551266605
144.05372166633606,0.19829273223876953,-5e-324,0.19829273223876953,-5e-324
144.10370421409607,0.3982229232788086,-5e-324,0.3982229232788086,-5e-324
144.15341806411743,0.5970783233642578,0.1088136613368988,0.5970783233642578,0.06411741897463799
144.20359659194946,0.7977924346923828,0.31997227239608766,0.7977924346923828,0.1770899095237255
144.2536153793335,0.9978675842285156,0.31997227239608766,0.9978675842285156,0.1770899095237255
144.30358028411865,1.1977272033691406,0.7114317204158782,1.1977272033691406,0.49954337847170827
144.35366535186768,1.3980674743652344,0.9158154697037201,1.3980674743652344,0.7316861425826702
144.4041178226471,1.5998773574829102,1.188254592746134,1.5998773574829102,1.0527266418335623
144.45351719856262,1.7974748611450195,1.4027213947521338,1.7974748611450195,1.2442700441621943
144.50374484062195,1.9983854293823242,1.5896859894948014,1.9983854293823242,1.4296765318850233
144.5536515712738,2.198012351989746,1.6190900522921567,2.198012351989746,1.467644500216219
144.60372805595398,2.398318290710449,1.8269440313961192,2.398318290710449,1.6019490649062005
144.6536409854889,2.4000000000000004,1.9545663826746733,2.4000000000000004,1.7162042506846527
144.70365071296692,2.4000000000000004,2.18731259369313,2.4000000000000004,2.0423706637258876
144.75350403785706,2.4000000000000004,2.2630284132842755,2.4000000000000004,2.194251794806798
144.80367064476013,2.4000000000000004,2.288440414748831,2.4000000000000004,2.2517691585511015
144.8537151813507,2.4000000000000004,2.344691010170785,2.4000000000000004,2.3267374181660427
144.90402698516846,2.4000000000000004,2.3261482388182273,2.4000000000000004,2.2411696426754277
144.95367217063904,2.4000000000000004,2.357705466880934,2.4000000000000004,2.232624389386835
145.00351309776306,2.4000000000000004,2.4057813857559696,2.4000000000000004,2.279511515256165
145.0537223815918,2.4000000000000004,2.4500225010358454,2.4000000000000004,2.2684002532803054
145.1038327217102,2.4000000000000004,2.4378092535558875,2.4000000000000004,2.2450719433156148
145.15363717079163,2.4000000000000004,2.3942568412637995,2.4000000000000004,2.2810289655069056
145.2034890651703,2.4000000000000004,2.4272808019357783,2.4000000000000004,2.3694548247077307
145.25379061698914,2.4000000000000004,2.367042161847515,2.4000000000000004,2.4052592148000564
145.30401039123535,2.4000000000000004,2.141002125750262,2.4000000000000004,2.2682679068244247
145.35358786582947,2.4000000000000004,2.2009654428518814,2.4000000000000004,2.1935732592772275
145.40346693992615,2.4000000000000004,2.3437399334653737,2.4000000000000004,2.213567055331379
145.45366644859314,2.4000000000000004,2.4831825828651617,2.4000000000000004,2.311184600734726
145.5038709640503,2.4000000000000004,2.467161469042064,2.4000000000000004,2.2002329626487764
145.55381155014038,2.4000000000000004,2.4926770999310977,2.4000000000000004,2.2023568510298177
145.6044328212738,2.4000000000000004,2.33698599497916,2.4000000000000004,2.163626502117057
145.6535713672638,2.4000000000000004,2.2955195175186693,2.4000000000000004,2.173302255926325
145.70365810394287,2.4000000000000004,2.2955195175186693,2.4000000000000004,2.173302255926325
145.7536747455597,2.4000000000000004,2.1830093861568205,2.4000000000000004,2.249696167169382
145.80348443984985,2.4000000000000004,2.1779957151616434,2.4000000000000004,2.2882053949052175
145.85348749160767,2.4000000000000004,2.2824597860409552,2.4000000000000004,2.261705821667221
145.90364527702332,2.4000000000000004,2.3624099530589726,2.4000000000000004,2.2460748002221966
145.95384860038757,2.4000000000000004,2.256161278582357,2.4000000000000004,2.0692672586622645
146.00353384017944,2.4000000000000004,2.1327888915884765,2.4000000000000004,1.9745994421070625
146.05394387245178,2.4000000000000004,2.1327888915884765,2.4000000000000004,1.9745994421070625
146.10363268852234,2.4000000000000004,2.005488443493177,2.4000000000000004,2.222830782475518
146.15374422073364,2.4000000000000004,2.006475017590283,2.4000000000000004,2.3301767576250243
146.20344805717468,2.4000000000000004,2.151511925103822,2.4000000000000004,2.3643713088431726
146.25365686416626,2.4000000000000004,2.3261551157149882,2.4000000000000004,2.3348958429669895
146.30362510681152,2.4000000000000004,2.338170867890907,2.4000000000000004,2.256295510350201
146.35354471206665,2.4000000000000004,2.3092216386162345,2.4000000000000004,2.102432652101042
146.40364789962769,2.4000000000000004,2.253352518097035,2.4000000000000004,2.1498025287813385
146.4536144733429,2.4000000000000004,2.1512367755945228,2.4000000000000004,2.165083976851455
146.5036380290985,2.4000000000000004,2.0753726016560448,2.4000000000000004,2.2115037342071124
146.55343651771545,2.4000000000000004,2.1392863413327055,2.4000000000000004,2.2570564982925325
146.60362648963928,2.4000000000000004,2.1392863413327055,2.4000000000000004,2.2570564982925325
146.65360856056213,2.4000000000000004,2.2038652374062986,2.4000000000000004,2.3912391471939713
146.70366787910461,2.4000000000000004,2.208032169594075,2.4000000000000004,2.3909865215329207
146.75373554229736,2.4000000000000004,2.23431225251688,2.4000000000000004,2.4137915800180867
146.80403447151184,2.4000000000000004,2.172185418793758,2.4000000000000004,2.35907283009093
146.85382986068726,2.4000000000000004,2.172185418793758,2.4000000000000004,2.35907283009093
146.9036467075348,2.4000000000000004,2.1406022499814563,2.4000000000000004,2.2879038543227828
146.95391368865967,2.4000000000000004,2.1064934742864,2.4000000000000004,2.2840023246205132
147.00353956222534,2.4000000000000004,2.14736469313202,2.4000000000000004,2.17166793609129
147.05356454849243,2.4000000000000004,2.213867653815857,2.4000000000000004,2.138875452033758
147.10366487503052,2.4000000000000004,2.2033170757563987,2.4000000000000004,2.1328919389314938
147.15367650985718,2.4000000000000004,2.207990862055018,2.4000000000000004,2.247005645935565
147.2037181854248,2.4000000000000004,2.3725321625259053,2.4000000000000004,2.4085306716094843
147.25361394882202,0.0,2.460931818530078,0.0,2.4206834361123
147.3037507534027,0.0,2.460931818530078,0.0,2.4206834361123
147.35379910469055,0.0,0.9042209674492745,0.0,0.9315887762866055
147.404061794281,0.0,-0.5652678661199155,0.0,-0.28409746536289526
147.4534091949463,0.0,-0.479586994146767,0.0,-0.24797107785466269
147.50358724594116,0.0,-0.09844717848138665,0.0,-0.016344831023894384
147.55341482162476,0.0,0.03319885414420372,0.0,0.06275570146407511
147.60361647605896,0.0,0.022306325131340524,0.0,0.04330152780592141
223.5536229610443,-0.20076847076416016,5e-324,-0.20076847076416016,5e-324
223.60372948646545,-0.40119457244873047,5e-324,-0.40119457244873047,5e-324
223.65345764160156,-0.6001071929931641,-0.23122747188806536,-0.6001071929931641,-0.18604037296772002
223.70359230041504,-0.8006458282470703,-0.4126270417428017,-0.8006458282470703,-0.3453791187953949
223.75368690490723,-1.0010242462158203,-0.5346964813729287,-1.0010242462158203,-0.48404138851470946
223.8037624359131,-1.2013263702392578,-0.6691883522555886,-1.2013263702392578,-0.6395660003482361
223.85359930992126,-1.4006738662719727,-0.983128209744861,-1.4006738662719727,-0.9273328355410851
223.9041302204132,-1.602797508239746,-0.983128209744861,-1.602797508239746,-0.9273328355410851
223.95366048812866,-1.7999999999999998,-1.335555411031457,-1.7999999999999998,-1.3506586906573284
224.0039029121399,-1.7999999999999998,-1.5227377860511664,-1.7999999999999998,-1.5123619280227425
224.0539426803589,-1.7999999999999998,-1.5227377860511664,-1.7999999999999998,-1.5123619280227425
224.1034619808197,-1.7999999999999998,-1.5381323702414818,-1.7999999999999998,-1.7088868810334903
224.15362930297852,-1.7999999999999998,-1.5100654247026437,-1.7999999999999998,-1.7170667479133284
224.20371103286743,-1.7999999999999998,-1.5493172460539624,-1.7999999999999998,-1.6825895534644963
224.25377750396729,-1.7999999999999998,-1.5999019165185744,-1.7999999999999998,-1.6303341565140643
224.30365419387817,-1.7999999999999998,-1.6091089491227362,-1.7999999999999998,-1.519882188793366
224.35379838943481,-1.7999999999999998,-1.6091089491227362,-1.7999999999999998,-1.519882188793366
224.40375232696533,-1.7999999999999998,-1.7245696244205644,-1.7999999999999998,-1.6422741380549493
224.4536645412445,-1.7999999999999998,-1.7628211161219696,-1.7999999999999998,-1.7445812499719984
224.5037157535553,-1.7999999999999998,-1.8458788695967498,-1.7999999999999998,-1.8105046693939761
224.55378317832947,-1.7999999999999998,-1.8458788695967498,-1.7999999999999998,-1.8105046693939761
224.6037142276764,-1.7999999999999998,-1.8840231807883423,-1.7999999999999998,-1.768274617910693
224.653733253479,-1.7999999999999998,-1.8675389442603652,-1.7999999999999998,-1.7569766515370078
224.70381879806519,-1.7999999999999998,-1.759225920161838,-1.7999999999999998,-1.8125167490598746
224.75346207618713,-1.7999999999999998,-1.6824142343954687,-1.7999999999999998,-1.8340149856170602
224.80374121665955,-1.7999999999999998,-1.7110230710681598,-1.7999999999999998,-1.7941112567148418
224.85361647605896,-1.7999999999999998,-1.75347126674329,-1.7999999999999998,-1.71913434681279
224.90353322029114,-1.7999999999999998,-1.7815844980156594,-1.7999999999999998,-1.745513219488345
224.95345187187195,-1.7999999999999998,-1.7260119426468432,-1.7999999999999998,-1.7866820641229209
225.0037648677826,-1.7999999999999998,-1.690561858709553,-1.7999999999999998,-1.8035173039866563
225.0536127090454,-1.7999999999999998,-1.7185938005075094,-1.7999999999999998,-1.8175975473368076
225.10352516174316,-1.7999999999999998,-1.7951497802730254,-1.7999999999999998,-1.8372057550544623
225.1534185409546,-1.7999999999999998,-1.8120752252195782,-1.7999999999999998,-1.8224633505366474
225.2036168575287,-1.7999999999999998,-1.8150658158202593,-1.7999999999999998,-1.852720254793962
225.25339436531067,-1.7999999999999998,-1.7590351408234994,-1.7999999999999998,-1.870120327644749
225.303612947464,-1.7999999999999998,-1.7778340210501586,-1.7999999999999998,-1.8745245364808572
225.35365891456604,-1.7999999999999998,-1.7716134415859308,-1.7999999999999998,-1.8254299912751986
225.4034776687622,-1.7999999999999998,-1.7546774278668138,-1.7999999999999998,-1.6618018731715953
225.45364379882812,-1.7999999999999998,-1.7542413312546952,-1.7999999999999998,-1.5972779861237214
225.50358939170837,-1.7999999999999998,-1.811007182467396,-1.7999999999999998,-1.5817232438094866
225.55355620384216,-1.7999999999999998,-1.8241543056971126,-1.7999999999999998,-1.7022015729487223
225.60377764701843,-1.7999999999999998,-1.8065185051824915,-1.7999999999999998,-1.8356728963472944
225.65342569351196,0.0,-1.8227478731036102,0.0,-1.9824552672189868
225.7037069797516,0.0,-1.6636109281191795,0.0,-1.7923854018598457
225.75364708900452,0.0,-0.6119162474373424,0.0,-0.7632733652120708
225.80344676971436,0.0,0.35687886379076245,0.0,0.2398561963507345
225.85377311706543,0.20130538940429688,0.3407146812745805,0.20130538940429688,0.26062225684173623
225.9036386013031,0.40076732635498047,0.12245067633755952,0.40076732635498047,0.09361740488284011
225.95346665382385,0.6000795364379883,0.1775832648511199,0.6000795364379883,0.15038453879267183
226.00359463691711,0.8005914688110352,0.4440890982902813,0.8005914688110352,0.3519297457062371
226.05369019508362,1.0009737014770508,0.4440890982902813,1.0009737014770508,0.3519297457062371
226.103435754776,1.199955940246582,0.8096573310609974,1.199955940246582,0.718938204498637
226.15340852737427,1.3998470306396484,0.9951365741795176,1.3998470306396484,0.8933910487359339
226.2033908367157,1.599776268005371,1.1149311144127563,1.599776268005371,1.0755548295354453
226.25346446037292,1.8000707626342773,1.3458156593102624,1.8000707626342773,1.3109579914874565
226.30350470542908,2.0002317428588867,1.4536833622738747,2.0002317428588867,1.4192106879019761
226.35353779792786,2.200364112854004,1.4197990414626012,2.200364112854004,1.4770158823584567
226.40365195274353,2.4000000000000004,1.4681051320002059,2.4000000000000004,1.5250376044364589
226.453684091568,2.4000000000000004,1.7870434916388755,2.4000000000000004,1.669611609000841
226.50383400917053,2.4000000000000004,1.7870434916388755,2.4000000000000004,1.669611609000841
226.55457043647766,2.4000000000000004,2.2329233226309,2.4000000000000004,2.2889467371583447
226.60355019569397,2.4000000000000004,2.296293687956206,2.4000000000000004,2.531846018782155
226.65339398384094,2.4000000000000004,2.1950517513568415,2.4000000000000004,2.444270169958069
226.70362520217896,2.4000000000000004,2.1950517513568415,2.4000000000000004,2.444270169958069
226.75349521636963,2.4000000000000004,2.3472933165034346,2.4000000000000004,2.0955419115927887
226.8034040927887,2.4000000000000004,2.3184023211627154,2.4000000000000004,2.074752239595327
226.85343408584595,2.4000000000000004,2.1220006529174666,2.4000000000000004,2.08972647722142
226.9036033153534,2.4000000000000004,2.1220006529174666,2.4000000000000004,2.08972647722142
226.95349860191345,2.4000000000000004,2.0664066716954355,2.4000000000000004,2.136681834185628
227.00338506698608,2.4000000000000004,2.1389242911441975,2.4000000000000004,2.2723019073944233
227.05339288711548,2.4000000000000004,2.167717355636496,2.4000000000000004,2.367177084107671
227.1036388874054,2.4000000000000004,2.1921035159514775,2.4000000000000004,2.438182255637332
227.15377497673035,2.4000000000000004,2.0851557917117542,2.4000000000000004,2.2838841187740604
227.2035002708435,2.4000000000000004,2.1540048170108603,2.4000000000000004,2.2663709416789497
227.25339078903198,2.4000000000000004,2.197285800056865,2.4000000000000004,2.247962129719792
227.3036572933197,2.4000000000000004,2.131083732441858,2.4000000000000004,2.174671206214811
227.35352396965027,2.4000000000000004,2.157663433168815,2.4000000000000004,2.211784040929837
227.40367817878723,2.4000000000000004,2.1839415532640767,2.4000000000000004,2.2056029686934817
227.45341849327087,2.4000000000000004,2.0952312095657097,2.4000000000000004,2.132402607074889
227.50363755226135,2.4000000000000004,2.1260240725408233,2.4000000000000004,2.1190117984789056
227.55358052253723,2.4000000000000004,2.2828561348341787,2.4000000000000004,2.216270761124281
227.60385704040527,2.4000000000000004,2.3011035372390083,2.4000000000000004,2.227888391275399
227.6536545753479,2.4000000000000004,2.3892565297787143,2.4000000000000004,2.2931549814138323
227.7036156654358,2.4000000000000004,2.3892565297787143,2.4000000000000004,2.2931549814138323
227.75342655181885,2.4000000000000004,2.463407448886885,2.4000000000000004,2.4112418602006076
227.80374956130981,2.4000000000000004,2.484278113817605,2.4000000000000004,2.444662768250492
227.85456776618958,2.4000000000000004,2.437519396599468,2.4000000000000004,2.3963778610341846
227.9037744998932,2.4000000000000004,2.383561679812552,2.4000000000000004,2.2720739482157146
227.95352911949158,2.4000000000000004,1.9701935019929537,2.4000000000000004,2.1533939417476997
228.0034511089325,2.4000000000000004,1.9366602170529126,2.4000000000000004,2.2370437947371795
228.05338287353516,2.4000000000000004,2.111199505379038,2.4000000000000004,2.3624041140362926
228.10349893569946,2.4000000000000004,2.32818818828472,2.4000000000000004,2.5171176073653214
228.15370512008667,2.4000000000000004,2.381803219584257,2.4000000000000004,2.5389870742929954
228.20353841781616,2.4000000000000004,2.28962540973684,2.4000000000000004,2.372882576608078
228.2536928653717,2.4000000000000004,2.160999647436598,2.4000000000000004,2.3517478556001485
228.3035740852356,2.4000000000000004,2.1544526976316187,2.4000000000000004,2.3878576654397596
228.35339522361755,2.4000000000000004,2.184504669803908,2.4000000000000004,2.3480808178992945
228.40341067314148,2.4000000000000004,2.2897926051253785,2.4000000000000004,2.314069718375631
228.45359659194946,2.4000000000000004,2.444537549454023,2.4000000000000004,2.289549712033806
228.50347995758057,2.4000000000000004,2.471421743358868,2.4000000000000004,2.2566985572666183
228.55358695983887,2.4000000000000004,2.4545782941314096,2.4000000000000004,2.3264682204231115
228.6034619808197,2.4000000000000004,2.189542166804296,2.4000000000000004,2.3887399177464017
228.6548092365265,2.4000000000000004,2.095158874660142,2.4000000000000004,2.357646556164461
228.7035048007965,2.4000000000000004,2.1463533071762244,2.4000000000000004,2.2884913698003473
228.75339126586914,2.4000000000000004,2.1486519847423766,2.4000000000000004,2.300141425675122
228.80349016189575,2.4000000000000004,2.199428196219597,2.4000000000000004,2.330550608067263
228.85371088981628,2.4000000000000004,2.299827540684221,2.4000000000000004,2.344552284608561
228.90339279174805,2.4000000000000004,2.3842344780663565,2.4000000000000004,2.19062689149791
228.95359063148499,2.4000000000000004,2.3043229663336247,2.4000000000000004,2.15498090936332
229.00504446029663,2.4000000000000004,2.242084959171914,2.4000000000000004,2.2362377303371037
229.0535147190094,2.4000000000000004,2.278755180486215,2.4000000000000004,2.323090064198823
229.10339069366455,2.4000000000000004,2.3959054072388066,2.4000000000000004,2.2600709335574973
229.15359592437744,2.4000000000000004,2.3959054072388066,2.4000000000000004,2.2600709335574973
229.20343255996704,2.4000000000000004,2.3707531518133056,2.4000000000000004,2.18534368595475
229.2534191608429,2.4000000000000004,2.402619541635212,2.4000000000000004,2.2883522784268644
229.30354833602905,2.4000000000000004,2.3317956427157274,2.4000000000000004,2.405139112790434
229.35366559028625,2.4000000000000004,2.1036229426736432,2.4000000000000004,2.42561199233246
229.40356159210205,2.4000000000000004,2.1253949747708365,2.4000000000000004,2.1960638831805426
229.45346593856812,2.4000000000000004,2.183976467116842,2.4000000000000004,2.011752774861499
229.5035743713379,2.4000000000000004,1.9784679465526946,2.4000000000000004,1.9599112437945223
229.5537564754486,2.4000000000000004,1.9808789523264532,2.4000000000000004,2.0302247385252485
229.60418319702148,2.4000000000000004,2.034834104267089,2.4000000000000004,2.0099321041598817
229.6534812450409,2.4000000000000004,2.1680728903367505,2.4000000000000004,2.0256205785546864
229.70344185829163,2.4000000000000004,2.325856237408136,2.4000000000000004,2.1904240205156027
229.7538571357727,2.4000000000000004,2.4510044868457133,2.4000000000000004,2.3485514076090057
229.8035979270935,2.4000000000000004,2.5568385535121374,2.4000000000000004,2.4615989119363855
229.8535590171814,0.0,2.6321282439341696,0.0,2.4695383402306925
229.90341711044312,0.0,2.24651974505471,0.0,2.030507965167503
229.95347595214844,0.0,0.9196268548951869,0.0,0.7753347629118468
230.00350332260132,0.0,-0.028845841990006282,0.0,-0.11198884700029477
230.05379843711853,0.0,-0.2582007281086775,0.0,-0.3696288131032803
230.10353302955627,0.0,-0.10566724354366633,0.0,-0.14670030927345695
230.15350532531738,0.0,0.025319647737717017,0.0,0.0002517657374660823
230.2055745124817,0.0,0.04053100059570386,0.0,0.019494590856861616
230.25468182563782,0.0,0.014591160214453388,0.0,0.007018052708470181
230.35368537902832,0.0,0.015597183934705033,0.0,0.0005457237786106412
232.55369353294373,0.200439453125,1.9943289499892212e-23,0.200439453125,2.6143075379349506e-24
232.60351276397705,0.3997163772583008,2.5846503191860304e-24,0.3997163772583008,3.388142569163696e-25
232.65343165397644,0.5993919372558594,0.2874770740866661,0.5993919372558594,0.25037498396635055
232.70347571372986,0.7995681762695312,0.5775026385855675,0.7995681762695312,0.47115812583684924
232.75352311134338,0.9997577667236328,0.7885010160758018,0.9997577667236328,0.5868622084280968
232.80338382720947,1.1992006301879883,1.0451574174399023,1.1992006301879883,0.7807309808215859
232.85467290878296,1.4043569564819336,1.1852828066766803,1.4043569564819336,0.9629735844808112
232.9035918712616,1.6000328063964844,1.286574204011698,1.6000328063964844,1.1538750182680113
232.9535641670227,1.799921989440918,1.4787276256846298,1.799921989440918,1.4523930965896283
233.00575637817383,2.00869083404541,1.6169834447658151,2.00869083404541,1.5766150910509529
233.05353379249573,2.199800491333008,1.6436291758807693,2.199800491333008,1.6032774242944563
233.10377168655396,2.4000000000000004,1.6514560118074533,2.4000000000000004,1.618928944658461
233.1537606716156,2.4000000000000004,1.9680126081649751,2.4000000000000004,1.8492473314331197
233.20381379127502,2.4000000000000004,2.120513365909117,2.4000000000000004,1.9827264040783776
233.25367403030396,2.4000000000000004,2.4914596227694012,2.4000000000000004,2.3854518485323943
233.30344653129578,2.4000000000000004,2.563453013732424,2.4000000000000004,2.499450554300087
233.35359168052673,2.4000000000000004,2.450607519758126,2.4000000000000004,2.4192507183010834
233.40350770950317,2.4000000000000004,2.233240173368113,2.4000000000000004,2.263097760037975
233.4534890651703,2.4000000000000004,2.138278273408685,2.4000000000000004,2.2227206450440864
233.50396466255188,2.4000000000000004,2.033809247373965,2.4000000000000004,2.1270403035308734
233.5536630153656,2.4000000000000004,2.033809247373965,2.4000000000000004,2.1270403035308734
233.60350489616394,2.4000000000000004,2.1945015819951137,2.4000000000000004,2.113755672107347
233.6534764766693,2.4000000000000004,2.292705076888236,2.4000000000000004,2.100924943302944
233.70373010635376,2.4000000000000004,2.482743682899363,2.4000000000000004,2.284741125338885
233.75355887413025,2.4000000000000004,2.522129009641988,2.4000000000000004,2.333628955543141
233.80339074134827,2.4000000000000004,2.390671692712308,2.4000000000000004,2.3848828298459273
233.85355973243713,2.4000000000000004,2.283759218128872,2.4000000000000004,2.408222735736721
233.90567541122437,2.4000000000000004,2.2780895882865257,2.4000000000000004,2.349763539128525
233.95357418060303,2.4000000000000004,2.223533005262153,2.4000000000000004,2.223991694459804
234.00339078903198,2.4000000000000004,2.1178291105437905,2.4000000000000004,2.1463134460851045
234.05360579490662,2.4000000000000004,2.172355270262073,2.4000000000000004,2.1410297360374146
234.10556530952454,2.4000000000000004,2.2061983451398053,2.4000000000000004,2.1709545829184154
234.15354800224304,2.4000000000000004,2.235316046660608,2.4000000000000004,2.1837324277742134
234.20356845855713,2.4000000000000004,2.2875455696292395,2.4000000000000004,2.19092844877899
234.25344038009644,2.4000000000000004,2.395488585257933,2.4000000000000004,2.2691900192709786
234.3035912513733,2.4000000000000004,2.4495401591865082,2.4000000000000004,2.2698290154580603
234.35361671447754,2.4000000000000004,2.3919339350750874,2.4000000000000004,2.1956284739462495
234.4035403728485,2.4000000000000004,2.223253818937212,2.4000000000000004,2.192500587626265
234.45369601249695,2.4000000000000004,2.076225848038021,2.4000000000000004,2.1607263499955103
234.503515958786,2.4000000000000004,2.209134792461046,2.4000000000000004,2.1167344241545116
234.55368757247925,2.4000000000000004,2.3609656245138817,2.4000000000000004,2.070887441249091
234.60455775260925,2.4000000000000004,2.4912786888018585,2.4000000000000004,1.9814068926168105
234.65342712402344,2.4000000000000004,2.4079928257561445,2.4000000000000004,1.9927795429036363
234.70345425605774,2.4000000000000004,2.2762553641258494,2.4000000000000004,2.067409728729916
234.7533950805664,2.4000000000000004,2.243349327901672,2.4000000000000004,2.313664457628196
234.8035809993744,2.4000000000000004,2.2926023534272923,2.4000000000000004,2.440279462848568
234.85343766212463,2.4000000000000004,2.3609007834673457,2.4000000000000004,2.4923793240479695
234.90370059013367,2.4000000000000004,2.4146079578142357,2.4000000000000004,2.4911101638350033
234.95343327522278,2.4000000000000004,2.2183005428868983,2.4000000000000004,2.217527748612543
235.00374388694763,2.4000000000000004,2.109930525418226,2.4000000000000004,2.0472566228394435
235.05340099334717,2.4000000000000004,2.266300306600688,2.4000000000000004,2.1992077929295597
235.10340666770935,2.4000000000000004,2.3917463872011986,2.4000000000000004,2.421647046894461
235.1534459590912,2.4000000000000004,2.4367407317105467,2.4000000000000004,2.438856354316698
235.20344972610474,2.4000000000000004,2.368206382577784,2.4000000000000004,2.240901972398982
235.25365090370178,2.4000000000000004,2.3190497641475005,2.4000000000000004,2.151191345182553
235.30358457565308,2.4000000000000004,2.3190497641475005,2.4000000000000004,2.151191345182553
235.35352897644043,2.4000000000000004,2.327281085935744,2.4000000000000004,2.425808231256034
235.40361213684082,2.4000000000000004,2.3475088645741415,2.4000000000000004,2.479389977587238
235.4534866809845,2.4000000000000004,2.4556396684563526,2.4000000000000004,2.4991395829562677
235.50366497039795,2.4000000000000004,2.4517733913010256,2.4000000000000004,2.340741208497679
235.55345797538757,0.0,2.368080115204127,0.0,2.215033141654395
235.60408234596252,0.0,2.107033949810888,0.0,1.9212573365741954
235.65354752540588,0.0,0.8286757213063093,0.0,0.7151543311968084
235.70340585708618,0.0,-0.466468714047233,0.0,-0.2932590777534206
235.7534465789795,0.0,-0.5207639035113191,0.0,-0.2742688805410132
235.80341267585754,0.0,-0.19571867453554395,0.0,-0.08926381038602109
235.85338973999023,0.0,0.05119639314830492,0.0,-0.020278900427289775
235.9034402370453,0.0,0.04100265044910975,0.0,-0.0251203629300599
235.95367312431335,0.0,0.014760954161679508,0.0,-0.021026607111416032
237.95365834236145,0.2010660171508789,9.569256955613727e-23,0.2010660171508789,-4.92817811994885e-21
238.00439739227295,0.404022216796875,0.03326392471790314,0.404022216796875,0.041579906642436985
238.05359721183777,0.6008214950561523,0.2178945325613022,0.6008214950561523,0.18128837925195695
238.10341024398804,0.8000736236572266,0.5139006177072525,0.8000736236572266,0.44350502348852155
238.15352416038513,1.0005292892456055,0.7111790180022048,1.0005292892456055,0.6722286347994042
238.20349311828613,1.2004051208496094,0.8171723651819656,1.2004051208496094,0.8583146287601768
238.25339555740356,1.400014877319336,0.9783361223015763,1.400014877319336,1.078199646431003
238.30368852615356,1.601186752319336,1.0384406129523265,1.601186752319336,1.1379586348282063
238.35485744476318,1.8058624267578125,1.3166304982186254,1.8058624267578125,1.378352970609953
238.40350437164307,2.0004501342773438,1.4695906742744769,2.0004501342773438,1.4968003216015902
238.4536008834839,2.200836181640625,1.6334148444294856,2.200836181640625,1.6232520025716162
238.50370025634766,2.4000000000000004,1.8763053106738075,2.4000000000000004,1.883182134475025
238.5537052154541,2.4000000000000004,2.0182476599504806,2.4000000000000004,2.040175554601805
238.6036467552185,2.4000000000000004,2.120327492695698,2.4000000000000004,2.23133967785184
238.65358757972717,2.4000000000000004,2.120327492695698,2.4000000000000004,2.23133967785184
238.70346117019653,2.4000000000000004,2.318369820434068,2.4000000000000004,2.4781267360298127
238.75349164009094,2.4000000000000004,2.4556611280625633,2.4000000000000004,2.548916920975982
238.80342411994934,2.4000000000000004,2.31693303467958,2.4000000000000004,2.406692916503078
238.85342812538147,2.4000000000000004,2.1599008365230397,2.4000000000000004,2.253990207082221
238.90346264839172,2.4000000000000004,2.010860423699259,2.4000000000000004,2.1542142512677396
238.95351099967957,2.4000000000000004,1.9036275173861643,2.4000000000000004,2.1935837751249654
239.0033884048462,2.4000000000000004,2.040402984215617,2.4000000000000004,2.1752162617935697
239.05338215827942,2.4000000000000004,2.0884659203030345,2.4000000000000004,2.097596758931659
239.10337829589844,2.4000000000000004,2.235718091986749,2.4000000000000004,2.1651750523797997
239.15834665298462,2.4000000000000004,2.292231054542842,2.4000000000000004,2.190803770504677
239.20371198654175,2.4000000000000004,2.2461270420926986,2.4000000000000004,2.1996341053064885
239.2533736228943,2.4000000000000004,2.236278694540509,2.4000000000000004,2.1837863662975927
239.30352401733398,2.4000000000000004,2.236278694540509,2.4000000000000004,2.1837863662975927
239.3535737991333,2.4000000000000004,2.089249442887767,2.4000000000000004,2.1055172922881713
239.4034502506256,2.4000000000000004,2.071943070008444,2.4000000000000004,2.065540742016039
239.45349860191345,2.4000000000000004,2.1597608562162236,2.4000000000000004,2.1163099304924735
239.5033895969391,2.4000000000000004,2.264755996996537,2.4000000000000004,2.247054568445237
239.5534336566925,2.4000000000000004,2.2717967723373325,2.4000000000000004,2.216716439073879
239.60347032546997,2.4000000000000004,2.253402038618222,2.4000000000000004,2.1557644524141306
239.65340662002563,2.4000000000000004,2.369982141443221,2.4000000000000004,2.174019267229265
239.70362854003906,2.4000000000000004,2.4154099577146035,2.4000000000000004,2.2260635698084923
239.7537326812744,2.4000000000000004,2.278749931579015,2.4000000000000004,2.232285957488235
239.8035168647766,2.4000000000000004,2.132728852713743,2.4000000000000004,2.1836813866752474
239.85360503196716,2.4000000000000004,2.132728852713743,2.4000000000000004,2.1836813866752474
239.9047772884369,2.4000000000000004,2.132728852713743,2.4000000000000004,2.1836813866752474
239.95341801643372,2.4000000000000004,2.268085215085522,2.4000000000000004,2.1230346484152633
240.00340032577515,2.4000000000000004,2.3178575039841327,2.4000000000000004,2.2569617315471704
240.05338215827942,2.4000000000000004,2.421529937764259,2.4000000000000004,2.4109900583244914
240.10338854789734,2.4000000000000004,2.3812992509532878,2.4000000000000004,2.4139367981940825
240.15339136123657,2.4000000000000004,2.337729251491865,2.4000000000000004,2.3789101211139076
240.20367097854614,2.4000000000000004,2.3434486327556994,2.4000000000000004,2.2534923851934137
240.25360012054443,2.4000000000000004,2.3911909757659293,2.4000000000000004,2.168789998779353
240.30372977256775,2.4000000000000004,2.3665894209839866,2.4000000000000004,2.246029873880025
240.35358095169067,2.4000000000000004,2.3430275165735464,2.4000000000000004,2.279007780666516
240.40387415885925,2.4000000000000004,2.3783522481758332,2.4000000000000004,2.2995746443996024
240.4536316394806,2.4000000000000004,2.422297831834755,2.4000000000000004,2.3270263401387643
240.50339269638062,2.4000000000000004,2.474434612468543,2.4000000000000004,2.4152264860855737
240.5535204410553,2.4000000000000004,2.3926686948331577,2.4000000000000004,2.3243212032647325
240.60369682312012,2.4000000000000004,2.3985042873497235,2.4000000000000004,2.3312347965438005
240.65342783927917,2.4000000000000004,2.221751591202658,2.4000000000000004,2.3134198894495817
240.70377278327942,2.4000000000000004,2.1725690249425424,2.4000000000000004,2.322609753036204
240.75371670722961,2.4000000000000004,2.17128860796547,2.4000000000000004,2.2321453136351903
240.8035695552826,2.4000000000000004,2.2525665480149994,2.4000000000000004,2.0517232894404525
240.85344743728638,0.0,2.314308690485473,0.0,2.1190731983007356
240.90349984169006,0.0,2.3236124494518453,0.0,2.2671084950192464
240.95339584350586,0.0,0.5990520637562525,0.0,0.7925555312595681
241.00383830070496,0.0,-0.4100197963238722,0.0,-0.16928693518774812
241.05359601974487,0.0,-0.6097587279911387,0.0,-0.4570009167161123
241.1033947467804,0.0,-0.22218575645546895,0.0,-0.27434570982217504
241.2035892009735,0.0,0.02632780013729854,0.0,-0.002813998235097502
241.2536175251007,0.0,0.01898198564618727,0.0,0.01641091956275786
242.95352005958557,0.1991119384765625,2.869966822796573e-20,0.1991119384765625,8.14573817701055e-20
243.00344467163086,0.39881038665771484,1.0331880562067662e-20,0.39881038665771484,2.932465743723798e-20
243.05338716506958,0.5985803604125977,0.11549398764967919,0.5985803604125977,0.10578340843319893
243.10350513458252,0.7990522384643555,0.34095314549803735,0.7990522384643555,0.28835344513058664
243.15351271629333,0.9990825653076172,0.5377501681115627,0.9990825653076172,0.496638338088274
243.20359683036804,1.1994190216064453,0.5377501681115627,1.1994190216064453,0.496638338088274
243.25356483459473,1.3992910385131836,0.787269460621641,1.3992910385131836,0.9343097868784539
243.30362725257874,1.5995407104492188,0.8971363690363762,1.5995407104492188,1.1346856712063889
243.35371708869934,1.7999000549316406,1.046288281635777,1.7999000549316406,1.2708881293030898
243.40357565879822,1.9993343353271484,1.1991710722290287,1.9993343353271484,1.3736205695018406
243.45349383354187,2.199007034301758,1.4489152405205779,2.199007034301758,1.510997049735018
243.50379061698914,2.4000000000000004,1.7251586618498593,2.4000000000000004,1.6831402895662886
243.55339193344116,2.4000000000000004,1.9988684933716792,2.4000000000000004,1.9990710760601123
243.6035454273224,2.4000000000000004,2.0864375024319197,2.4000000000000004,2.2405180387061034
243.65363335609436,2.4000000000000004,2.0864375024319197,2.4000000000000004,2.2405180387061034
243.70382165908813,2.4000000000000004,2.0864375024319197,2.4000000000000004,2.2405180387061034
243.75371050834656,2.4000000000000004,2.319539867893127,2.4000000000000004,2.3417276136879686
243.80353450775146,2.4000000000000004,2.374227083861766,2.4000000000000004,2.3322022350674656
243.85345768928528,2.4000000000000004,2.3950972308420915,2.4000000000000004,2.3467043158547565
243.90356612205505,2.4000000000000004,2.3878394991053504,2.4000000000000004,2.3012981671262915
243.95339918136597,2.4000000000000004,2.2175556031919488,2.4000000000000004,2.186697598274999
244.00343251228333,2.4000000000000004,2.168476820280205,2.4000000000000004,2.182711885920687
244.0534930229187,2.4000000000000004,2.194217157467622,2.4000000000000004,2.236990487534353
244.1033899784088,2.4000000000000004,2.2203543445811214,2.4000000000000004,2.193003155794786
244.15375638008118,2.4000000000000004,2.2322898481373388,2.4000000000000004,2.2274329869772362
244.2038836479187,2.4000000000000004,2.2180642333299305,2.4000000000000004,2.278711412268592
244.25339126586914,2.4000000000000004,2.298004828500827,2.4000000000000004,2.331062972194181
244.30352878570557,2.4000000000000004,2.3424775085239693,2.4000000000000004,2.3377809213326786
244.35434007644653,2.4000000000000004,2.296608553459254,2.4000000000000004,2.3265976698419957
244.403635263443,2.4000000000000004,2.179864749716523,2.4000000000000004,2.31373736588555
244.45399379730225,2.4000000000000004,2.1312009247581973,2.4000000000000004,2.3030003388428533
244.50346302986145,2.4000000000000004,2.1575445812778007,2.4000000000000004,2.3138966816673294
244.55394959449768,2.4000000000000004,2.2486446648300764,2.4000000000000004,2.3589852806810003
244.60350728034973,2.4000000000000004,2.2985374909446623,2.4000000000000004,2.3932178744155217
244.65339875221252,2.4000000000000004,2.314159453955302,2.4000000000000004,2.4009402774722632
244.7033987045288,2.4000000000000004,2.3000157383848467,2.4000000000000004,2.3767106217009277
244.75348711013794,2.4000000000000004,2.3408744707501854,2.4000000000000004,2.37552120024666
244.80354833602905,2.4000000000000004,2.3538369885014387,2.4000000000000004,2.3351429619838173
244.85338830947876,2.4000000000000004,2.3370538124044944,2.4000000000000004,2.2695963641787635
244.90342473983765,2.4000000000000004,2.304676498243816,2.4000000000000004,2.319991712359848
244.95389533042908,2.4000000000000004,2.2370033235322024,2.4000000000000004,2.3762121932226163
245.00358319282532,2.4000000000000004,2.2187354745019885,2.4000000000000004,2.2962178589052344
245.05339670181274,2.4000000000000004,2.3344355107163066,2.4000000000000004,2.2128510918863236
245.10354495048523,2.4000000000000004,2.351637342482138,2.4000000000000004,2.2632630031102043
245.153626203537,2.4000000000000004,2.2900925179395655,2.4000000000000004,2.346275898008101
245.20332860946655,2.4000000000000004,2.2429349949375688,2.4000000000000004,2.2836922042297596
245.2534375190735,2.4000000000000004,2.3209651278406107,2.4000000000000004,2.235845910289071
245.30350375175476,2.4000000000000004,2.2537420261007446,2.4000000000000004,2.1955924225252326
245.35355710983276,2.4000000000000004,2.1598032451189244,2.4000000000000004,2.125959813323073
245.40357375144958,2.4000000000000004,2.251792250701547,2.4000000000000004,2.0209485268005865
245.45363640785217,2.4000000000000004,2.2627531877927547,2.4000000000000004,1.976407311881133
245.50373435020447,2.4000000000000004,2.0668006995343045,2.4000000000000004,2.007263934200309
245.55352783203125,2.4000000000000004,1.8880499837049083,2.4000000000000004,2.088930652946938
245.60341596603394,2.4000000000000004,1.9830702384358267,2.4000000000000004,2.26289022011033
245.65347933769226,2.4000000000000004,2.224087437631331,2.4000000000000004,2.4761734153359107
245.70350551605225,2.4000000000000004,2.366348500481239,2.4000000000000004,2.5864362101147997
245.75373697280884,2.4000000000000004,2.4279556448808877,2.4000000000000004,2.54352170635666
245.80356979370117,2.4000000000000004,2.4546910867423755,2.4000000000000004,2.4824508095348214
245.85356545448303,2.4000000000000004,2.3310564880962064,2.4000000000000004,2.1295333540645776
245.90349340438843,2.4000000000000004,2.2724938199065288,2.4000000000000004,2.1533037508561925
245.95344996452332,2.4000000000000004,2.192165802589129,2.4000000000000004,2.318056683457643
246.00339651107788,2.4000000000000004,2.229123794080402,2.4000000000000004,2.3057892968833746
246.05350422859192,2.4000000000000004,2.286551386013598,2.4000000000000004,2.263738541027795
246.10351395606995,2.4000000000000004,2.386023765303009,2.4000000000000004,2.2424112647530556
246.15349292755127,2.4000000000000004,2.4097009201636244,2.4000000000000004,2.2629606994303626
246.2035059928894,2.4000000000000004,2.3836040770932554,2.4000000000000004,2.2841357805363858
246.25348496437073,2.4000000000000004,2.362669401367475,2.4000000000000004,2.3634710420663185
246.30360579490662,2.4000000000000004,2.3735734318494686,2.4000000000000004,2.380990032297195
246.3536834716797,2.4000000000000004,2.3143801103162724,2.4000000000000004,2.3579584898740604
246.40353345870972,2.4000000000000004,2.144474499442939,2.4000000000000004,2.300913922499931
246.4536430835724,2.4000000000000004,2.1598626572005535,2.4000000000000004,2.2953061774440506
246.50406551361084,2.4000000000000004,2.3609340262008027,2.4000000000000004,2.255745782460239
246.55355048179626,2.4000000000000004,2.4283380551095197,2.4000000000000004,2.2474153363737264
246.6036901473999,2.4000000000000004,2.5190769891419373,2.4000000000000004,2.356435059824694
246.65357446670532,2.4000000000000004,2.422276985423983,2.4000000000000004,2.419165744537988
246.70340299606323,2.4000000000000004,2.170536303186297,2.4000000000000004,2.4606860238884427
246.7535388469696,2.4000000000000004,2.148993920206027,2.4000000000000004,2.4212794599023297
246.80368828773499,2.4000000000000004,2.1763009849497066,2.4000000000000004,2.3796939669997754
246.8534550666809,2.4000000000000004,2.290948164009513,2.4000000000000004,2.3515385340942414
246.90347528457642,2.4000000000000004,2.3870610183036787,2.4000000000000004,2.328967850850587
246.95577311515808,2.4000000000000004,2.457289602239959,2.4000000000000004,2.343620906393492
247.00347256660461,2.4000000000000004,2.4065567538309214,2.4000000000000004,2.3740600097611297
247.05345392227173,2.4000000000000004,2.3670079162817075,2.4000000000000004,2.422353657986805
247.10339188575745,2.4000000000000004,2.116270493497717,2.4000000000000004,2.2654802492545336
247.15371870994568,2.4000000000000004,2.092052737842894,2.4000000000000004,2.087194837020145
247.20339727401733,2.4000000000000004,2.2363977794584766,2.4000000000000004,2.143064919757289
247.25371932983398,2.4000000000000004,2.3637555920387676,2.4000000000000004,2.2564999664953147
247.3037326335907,2.4000000000000004,2.3987367993583213,2.4000000000000004,2.2294554378437086
247.35344743728638,2.4000000000000004,2.3479755659435018,2.4000000000000004,2.006559794885215
247.4034264087677,2.4000000000000004,2.308883826954382,2.4000000000000004,2.007180494931566
247.455717086792,2.4000000000000004,2.308883826954382,2.4000000000000004,2.007180494931566
247.5035810470581,2.4000000000000004,2.318109283666824,2.4000000000000004,2.209710422177435
247.5535023212433,2.4000000000000004,2.387377588472107,2.4000000000000004,2.4830973607820006
247.60375452041626,2.4000000000000004,2.353006060786726,2.4000000000000004,2.616986224503102
247.65368556976318,2.4000000000000004,2.341500030470258,2.4000000000000004,2.5619957647743643
247.7034933567047,2.4000000000000004,2.4210214509632895,2.4000000000000004,2.220309626145853
247.75347232818604,2.4000000000000004,2.4317736206316964,2.4000000000000004,2.215586938053498
247.80339455604553,2.4000000000000004,2.321800116064015,2.4000000000000004,2.344007601220874
247.8534495830536,2.4000000000000004,2.2144359505278572,2.4000000000000004,2.300909167485047
247.903644323349,2.4000000000000004,2.1838686331308854,2.4000000000000004,2.234957368119934
247.95379209518433,2.4000000000000004,2.2344053744386545,2.4000000000000004,2.1920598665276927
248.0033848285675,2.4000000000000004,2.3130502048301658,2.4000000000000004,2.1880817653527207
248.0536594390869,2.4000000000000004,2.398995051735686,2.4000000000000004,2.2444523134871845
248.10374975204468,2.4000000000000004,2.398995051735686,2.4000000000000004,2.2444523134871845
248.1536135673523,2.4000000000000004,2.503839984840199,2.4000000000000004,2.3799908281775486
248.20339345932007,2.4000000000000004,2.5291048025549507,2.4000000000000004,2.449524265987181
248.25365591049194,2.4000000000000004,2.4774461317823313,2.4000000000000004,2.413157223151625
248.30354070663452,2.4000000000000004,2.3445429800307505,2.4000000000000004,2.292680415565908
248.35343289375305,2.4000000000000004,2.2634216708784147,2.4000000000000004,2.1391695770620407
248.40353322029114,2.4000000000000004,2.3473482810084167,2.4000000000000004,2.1339219629645028
248.45351386070251,2.4000000000000004,2.43397622642365,2.4000000000000004,2.1693462068991547
248.50368928909302,2.4000000000000004,2.508466529860903,2.4000000000000004,2.281551344459892
248.55341267585754,2.4000000000000004,2.505350603869755,2.4000000000000004,2.43280732940175
248.60406231880188,2.4000000000000004,2.5282944539348597,2.4000000000000004,2.397635151066319
248.65669798851013,2.4000000000000004,2.475656422346603,2.4000000000000004,2.251142609996058
248.70358037948608,2.4000000000000004,2.426304633272804,2.4000000000000004,2.1509474285420622
248.75353693962097,2.4000000000000004,2.3197422221583857,2.4000000000000004,2.247883556155662
248.80354189872742,2.4000000000000004,2.2690198586684254,2.4000000000000004,2.331062545014012
248.8536057472229,2.4000000000000004,2.303527570949857,2.4000000000000004,2.272496029007168
248.90368032455444,2.4000000000000004,2.346770320646086,2.4000000000000004,2.2616235520051307
248.95353531837463,2.4000000000000004,2.5198513170548784,2.4000000000000004,2.29060494024819
249.00358653068542,2.4000000000000004,2.5620266354251564,2.4000000000000004,2.354758264252898
249.05356121063232,2.4000000000000004,2.521270523887944,2.4000000000000004,2.4036794191465463
249.10355854034424,2.4000000000000004,2.4691001477373073,2.4000000000000004,2.423493366591077
249.15349888801575,2.4000000000000004,2.1566052958337667,2.4000000000000004,2.0519204584651107
249.2035472393036,2.4000000000000004,2.1069348523009372,2.4000000000000004,1.9991869037589878
249.25359320640564,2.4000000000000004,2.10014142998416,2.4000000000000004,2.1098620619264166
249.30366826057434,2.4000000000000004,2.1498948002359795,2.4000000000000004,2.2139390305213285
249.35376143455505,2.4000000000000004,2.3220560402591426,2.4000000000000004,2.4550359427830544
249.403813123703,2.4000000000000004,2.3220560402591426,2.4000000000000004,2.4550359427830544
249.45371532440186,2.4000000000000004,2.3610371723055,2.4000000000000004,2.417919391659415
249.50349760055542,2.4000000000000004,2.353673169537812,2.4000000000000004,2.432545353613082
249.5538649559021,2.4000000000000004,2.338833695480023,2.4000000000000004,2.3967360626370136
249.60356760025024,2.4000000000000004,2.3180580889158215,2.4000000000000004,2.3527995092100156
249.65351176261902,2.4000000000000004,2.321772356974494,2.4000000000000004,2.314768336491194
249.70351767539978,2.4000000000000004,2.3271361518433373,2.4000000000000004,2.3029208549057505
249.7534477710724,2.4000000000000004,2.3530055135650065,2.4000000000000004,2.223393503460301
249.80354046821594,2.4000000000000004,2.3530055135650065,2.4000000000000004,2.223393503460301
249.8534495830536,2.4000000000000004,2.397700610520549,2.4000000000000004,2.43235250224157
249.90362739562988,2.4000000000000004,2.3419911513669875,2.4000000000000004,2.439051222477497
249.95346879959106,2.4000000000000004,2.2851573373067193,2.4000000000000004,2.185102137686426
250.0036633014679,2.4000000000000004,2.371987791485351,2.4000000000000004,2.089686982427221
250.05383563041687,2.4000000000000004,2.371987791485351,2.4000000000000004,2.089686982427221
250.10356950759888,2.4000000000000004,2.421784260720837,2.4000000000000004,2.252341968155112
250.15342497825623,2.4000000000000004,2.2900850202955594,2.4000000000000004,2.4161460666901076
250.20383381843567,2.4000000000000004,2.3106152138585254,2.4000000000000004,2.4759848309414223
250.25363492965698,2.4000000000000004,2.3634739275505927,2.4000000000000004,2.5008747837373004
250.30448150634766,2.4000000000000004,2.4076860639888515,2.4000000000000004,2.498442522372507
250.3534641265869,2.4000000000000004,2.5342911630262557,2.4000000000000004,2.421389697530336
250.40361380577087,2.4000000000000004,2.5604210096379383,2.4000000000000004,2.4078887791175125
250.4538140296936,2.4000000000000004,2.4343475269795,2.4000000000000004,2.377102044145218
250.50376749038696,2.4000000000000004,2.2912698090381816,2.4000000000000004,2.3835211707067314
250.55353713035583,0.0,2.1975483572592998,0.0,2.3155818693487102
250.60365438461304,0.0,2.197241285185003,0.0,2.2813855712168785
