time,target_left,curr_left,target_right,curr_right
4.953369617462158,0.0501096248626709,0.0,-0.0501096248626709,0.0
5.0033204555511475,0.10006046295166016,0.01663196235895157,-0.10006046295166016,0.0
5.053441047668457,0.15018105506896973,0.0891473155617714,-0.15018105506896973,-0.004751988798379898
5.103531122207642,0.0,0.11264957885980607,0.0,-0.008942003625631332
5.153794527053833,0.0,0.1225084007047081,0.0,-0.022174946074533464
5.203490734100342,0.0,0.022719073096363437,0.0,0.013400970570499422
5.303278923034668,0.0,-0.012367097854804446,0.0,0.023208240952019107
5.453295707702637,0.04985642433166504,-0.00034619959050825373,-0.04985642433166504,0.001037672631824064
5.503467798233032,0.10002851486206055,-0.00012463185258297134,-0.10002851486206055,0.00037356214745666306
5.553662538528442,0.1502232551574707,0.03910421304797797,-0.1502232551574707,-0.011252014647637037
5.603344202041626,0.1999049186706543,0.12394050890351796,-0.1999049186706543,-0.038907117916260434
5.653216600418091,0.24977731704711914,0.1456897370844321,-0.24977731704711914,-0.029998833604972696
5.703273057937622,0.2998337745666504,0.17067985342130315,-0.2998337745666504,-0.03177031505167048
5.753239154815674,0.34979987144470215,0.185895204327769,-0.34979987144470215,-0.02141649083397231
5.803221702575684,0.3997824192047119,0.22633629913426406,-0.3997824192047119,-0.016505934910157435
5.853261709213257,0.44982242584228516,0.25760927155720104,-0.44982242584228516,-0.0373783727703735
5.9034082889556885,0.4999690055847168,0.2964808715168485,-0.4999690055847168,-0.0799840594608156
5.953389644622803,0.549950361251831,0.32015939108552394,-0.549950361251831,-0.139123049716183
6.003575801849365,0.6001365184783936,0.3479200422389097,-0.6001365184783936,-0.19736955756188457
6.053276538848877,0.6498372554779053,0.38775767490650437,-0.6498372554779053,-0.262875950634043
6.1033549308776855,0.6999156475067139,0.4484720418645807,-0.6999156475067139,-0.24313500510438468
6.153630495071411,0.7501912117004395,0.48143441730000497,-0.7501912117004395,-0.19751648466033045
6.203967571258545,0.8005282878875732,0.5109452003357098,-0.8005282878875732,-0.18824246416178575
6.2535483837127686,0.8501091003417969,0.5510506526757611,-0.8501091003417969,-0.295855138541981
6.303443908691406,0.9000046253204346,0.5415774355934619,-0.9000046253204346,-0.38053921479286823
6.353224039077759,0.9497847557067871,0.5710671485879383,-0.9497847557067871,-0.4397681246458366
6.403210639953613,0.9997713565826416,0.6116648914164668,-0.9997713565826416,-0.4033464808758017
6.453230857849121,1.0497915744781494,0.6585703436164749,-1.0497915744781494,-0.41488011191472707
6.503226041793823,1.0997867584228516,0.6703747705326806,-1.0997867584228516,-0.46337899807757843
6.55347204208374,1.1500327587127686,0.6990306396736978,-1.1500327587127686,-0.5749331065785885
6.603415012359619,1.1999757289886475,0.8055137240888799,-1.1999757289886475,-0.6429549259875965
6.6532673835754395,1.2498281002044678,0.8645107487679288,-1.2498281002044678,-0.6877580095387013
6.703598976135254,1.3001596927642822,0.862898798817662,-1.3001596927642822,-0.6897861114402953
6.753313779830933,1.349874496459961,0.8528454832557204,-1.349874496459961,-0.610515943661702
6.803205966949463,1.3997666835784912,0.8615789523802049,-1.3997666835784912,-0.6346635676254833
6.853344202041626,1.4499049186706543,0.8969874102860158,-1.4499049186706543,-0.6930891107975246
6.903271675109863,1.4998323917388916,0.941283236229043,-1.4998323917388916,-0.7625441040918399
6.953277111053467,1.5498378276824951,1.045607234896483,-1.5498378276824951,-0.859545376126591
7.003449440002441,1.6000101566314697,1.0860489890079243,-1.6000101566314697,-0.8574990586845721
7.053684711456299,1.6502454280853271,1.128713604871054,-1.6502454280853271,-0.9070164205935709
7.103214263916016,1.699774980545044,1.0539370473878997,-1.699774980545044,-0.876099404318962
7.153611660003662,1.7501723766326904,1.0349852405783206,-1.7501723766326904,-0.8930723488177659
7.203477621078491,1.7999999999999998,1.0807836400078537,-1.7999999999999998,-0.9152670605127502
7.253331661224365,1.7999999999999998,1.1190805845239211,-1.7999999999999998,-0.9495067466429885
7.303260564804077,1.7999999999999998,1.1846058018565322,-1.7999999999999998,-1.0048321009211256
7.3535943031311035,1.7999999999999998,1.193119198592668,-1.7999999999999998,-1.0089397974204726
7.403400421142578,1.7999999999999998,1.2020379127903575,-1.7999999999999998,-1.0353871732017412
7.453649282455444,1.7999999999999998,1.199265993422644,-1.7999999999999998,-1.0420387750528222
7.503600835800171,1.7999999999999998,1.1789447057675277,-1.7999999999999998,-1.0367967664836155
7.553222179412842,1.7999999999999998,1.1804915187260594,-1.7999999999999998,-1.0319045586985225
7.60348105430603,1.7999999999999998,1.1876711815894039,-1.7999999999999998,-1.0046881796217635
7.653690814971924,1.7999999999999998,1.1820018566954276,-1.7999999999999998,-0.9694774709211591
7.703216075897217,1.7999999999999998,1.1832120106999957,-1.7999999999999998,-0.980853591088462
7.753324508666992,1.7999999999999998,1.1991144986783944,-1.7999999999999998,-1.0541366933371936
7.803348064422607,1.7999999999999998,1.2068752350271517,-1.7999999999999998,-1.0433214163274638
7.853290319442749,1.7999999999999998,1.2217212355802336,-1.7999999999999998,-1.0503781576928284
7.903478622436523,1.7999999999999998,1.2210374263048862,-1.7999999999999998,-1.0460295797819879
7.953369379043579,1.7999999999999998,1.216213745610262,-1.7999999999999998,-1.0482126184023017
8.003225564956665,1.7999999999999998,1.2176911030064863,-1.7999999999999998,-1.0730037346261714
8.053483724594116,1.7999999999999998,1.2224469564146103,-1.7999999999999998,-1.077695748380827
8.103321552276611,1.7999999999999998,1.2125455194379728,-1.7999999999999998,-1.0783608605992332
8.153218984603882,1.7999999999999998,1.2125455194379728,-1.7999999999999998,-1.0783608605992332
8.203614950180054,1.7999999999999998,1.2150822420239153,-1.7999999999999998,-1.079402546305592
8.253323554992676,1.7999999999999998,1.231695005405893,-1.7999999999999998,-1.0892869144799708
8.303209066390991,1.7999999999999998,1.2417443236502228,-1.7999999999999998,-1.107317639951315
8.353569269180298,1.7999999999999998,1.224572121171673,-1.7999999999999998,-1.0927415490976835
8.403283834457397,1.7999999999999998,1.2270229494957132,-1.7999999999999998,-1.0778074259936494
8.453732013702393,1.7999999999999998,1.238478416313696,-1.7999999999999998,-1.0738810919062978
8.503382682800293,1.7999999999999998,1.2591551378166561,-1.7999999999999998,-1.0876704867721805
8.553654909133911,1.7999999999999998,1.2466450298355538,-1.7999999999999998,-1.0775249582305386
8.603279829025269,1.7999999999999998,1.263758345765824,-1.7999999999999998,-1.1066472929158748
8.653306007385254,1.7999999999999998,1.2594847554899835,-1.7999999999999998,-1.0760194864581836
8.703529119491577,1.7999999999999998,1.2667174199201197,-1.7999999999999998,-1.0712299397007516
8.75320839881897,1.7999999999999998,1.2643315837017606,-1.7999999999999998,-1.068999448731514
8.80328106880188,1.7999999999999998,1.2619776277711088,-1.7999999999999998,-1.1333410360237302
8.853334426879883,1.7999999999999998,1.2567011004318034,-1.7999999999999998,-1.1508336788828495
8.903213739395142,1.7999999999999998,1.2745065314398731,-1.7999999999999998,-1.1730343506246323
8.953317403793335,1.7999999999999998,1.275676604760739,-1.7999999999999998,-1.1493526097526208
9.003511428833008,1.7999999999999998,1.2735444295357656,-1.7999999999999998,-1.1208628963133116
9.053242206573486,1.7999999999999998,1.304589237735903,-1.7999999999999998,-1.1442377811920794
9.103488206863403,1.7999999999999998,1.304142739522303,-1.7999999999999998,-1.1697645275444561
9.153321266174316,1.7999999999999998,1.276761339076295,-1.7999999999999998,-1.159158544535296
9.20328950881958,1.7999999999999998,1.297712094533897,-1.7999999999999998,-1.1767513263684
9.253538131713867,1.7999999999999998,1.3118423772865975,-1.7999999999999998,-1.1518728080437715
9.303325653076172,1.7999999999999998,1.287928458636117,-1.7999999999999998,-1.1352088672814733
9.353296518325806,1.7999999999999998,1.2910943448251888,-1.7999999999999998,-1.1470154651247728
9.403294801712036,1.7999999999999998,1.3227439744367508,-1.7999999999999998,-1.177131805237887
9.453599452972412,1.7999999999999998,1.2969359746166438,-1.7999999999999998,-1.144149601477404
9.503253936767578,1.7999999999999998,1.2991836711378708,-1.7999999999999998,-1.1295130658214163
9.553465366363525,1.7999999999999998,1.334944099591201,-1.7999999999999998,-1.1582309487366034
9.603680849075317,1.7999999999999998,1.3095379199049564,-1.7999999999999998,-1.1577454024399527
9.653669118881226,1.7999999999999998,1.3416956350372442,-1.7999999999999998,-1.183802562255092
9.703399181365967,1.7999999999999998,1.3346064216554003,-1.7999999999999998,-1.1985651244992355
9.753535270690918,1.7999999999999998,1.3066193150042023,-1.7999999999999998,-1.1858447006046036
9.803524255752563,0.0,1.309017644639916,0.0,-1.181099572564337
9.853366613388062,0.0,1.332069182270565,0.0,-1.1768812938160325
9.903655529022217,0.0,0.7527842833544487,0.0,-0.592372884284018
9.953280448913574,0.0,-0.32717026930925597,0.0,0.4078605978637928
10.003520727157593,0.0,-0.4616669058628464,0.0,0.4986354020458458
10.053425073623657,0.0,-0.254903882825169,0.0,0.24762058552105418
10.103642225265503,0.0,-0.05831870648281326,0.0,0.0843914219891996
10.203370332717896,0.04976534843444824,-0.010465344672244458,0.04976534843444824,0.00656227697388016
10.253298044204712,0.09969305992126465,-0.0037675240820080045,0.09969305992126465,0.002362419710596857
10.303580522537231,0.14997553825378418,0.054083562880083445,0.14997553825378418,0.11687820001102942
10.35352611541748,0.1999211311340332,0.14283694846401024,0.1999211311340332,0.38893125715086874
10.403572082519531,0.0,0.1920801729785302,0.0,0.49451362465225457
10.453932762145996,0.0,0.18531617987738153,0.0,0.4467405560897887
10.504048824310303,0.0,0.02635635424346721,0.0,0.1666805005057013
10.553426265716553,0.0,-0.027447626929196136,0.0,0.0401330260092028
10.603223085403442,0.0,-0.01575124953057018,0.0,0.014447889363313007
10.703887701034546,0.050161123275756836,-0.001224817163497137,0.050161123275756836,0.001123467876891219
10.753479719161987,0.09975314140319824,0.031238991143673688,0.09975314140319824,0.0320843737582135
10.803768157958984,0.1500415802001953,0.12676257483567122,0.1500415802001953,0.20251552991603977
10.853302955627441,0.19957637786865234,0.18010964985648342,0.19957637786865234,0.4092663670999567
10.903478622436523,0.24975204467773438,0.19393517969593843,0.24975204467773438,0.4492456094773803
10.953453302383423,0.2997267246246338,0.2255523117728666,0.2997267246246338,0.4604989317543099
11.003637552261353,0.3499109745025635,0.24532522364905962,0.3499109745025635,0.4446848080451532
11.053348541259766,0.39962196350097656,0.29646632872582995,0.39962196350097656,0.45783669498695656
11.103668689727783,0.44994211196899414,0.331151361951452,0.44994211196899414,0.5076124122636332
11.153501510620117,0.4997749328613281,0.3416075762590962,0.4997749328613281,0.5391396373831087
11.203269481658936,0.5495429039001465,0.4124284358223218,0.5495429039001465,0.6338961825678484
11.25347900390625,0.5997524261474609,0.44692553298711557,0.5997524261474609,0.6975935234752799
11.30336332321167,0.6496367454528809,0.4667484851492874,0.6496367454528809,0.7539804888055625
11.353506565093994,0.6997799873352051,0.5492226651342413,0.6997799873352051,0.7752814822449043
11.403332710266113,0.7496061325073242,0.6058368171822441,0.7496061325073242,0.805463314046398
11.453394174575806,0.7996675968170166,0.6599570257272034,0.7996675968170166,0.8629378533327348
11.50365161895752,0.8499250411987305,0.7431961587478773,0.8499250411987305,0.9459985466944134
11.55338978767395,0.8996632099151611,0.7892617064063323,0.8996632099151611,0.9464523719533029
11.60338044166565,0.9496538639068604,0.7997993515339239,0.9496538639068604,0.9452889994850004
11.65349006652832,0.9997634887695312,0.8126169099275129,0.9997634887695312,0.9383975084415249
11.703583717346191,1.0498571395874023,0.8618669052313753,1.0498571395874023,0.9589629059716882
11.753374576568604,1.0996479988098145,0.8691782953521366,1.0996479988098145,0.9702268464214141
11.803344488143921,1.1496179103851318,0.9200621462648185,1.1496179103851318,0.9851343473021936
11.853371858596802,1.1996452808380127,1.015663702848114,1.1996452808380127,1.1022504791307992
11.903369665145874,1.249643087387085,1.0778174565658178,1.249643087387085,1.144731915880032
11.953221321105957,1.299494743347168,1.19380330633599,1.299494743347168,1.2032672131538173
12.003422498703003,1.3496959209442139,1.2213353428535882,1.3496959209442139,1.2530382668189923
12.053349733352661,1.399623155593872,1.198282956360336,1.399623155593872,1.265135857887723
12.103642225265503,1.4499156475067139,1.227772028188189,1.4499156475067139,1.271710991893169
12.153674364089966,1.4999477863311768,1.3110201577773695,1.4999477863311768,1.2674166212154774
12.20356559753418,1.5498390197753906,1.3723463666695954,1.5498390197753906,1.295565214733681
12.253321170806885,1.5995945930480957,1.5293486425169167,1.5995945930480957,1.4201731887536908
12.303369998931885,1.6496434211730957,1.6396350017388293,1.6496434211730957,1.5093960216192364
12.353569269180298,1.6998426914215088,1.743077784444801,1.6998426914215088,1.5364667116521158
12.4034423828125,1.749715805053711,1.7210594569441957,1.749715805053711,1.5427297093481431
12.453341722488403,1.7996151447296143,1.6984895427750568,1.7996151447296143,1.5831655837778071
12.50328540802002,1.8495588302612305,1.7417295580805376,1.8495588302612305,1.7118154945353374
12.553275346755981,1.8995487689971924,1.7829439618242158,1.8995487689971924,1.7472269600288763
12.603480577468872,1.949753999710083,1.8195306340951578,1.949753999710083,1.749740030729414
12.653457641601562,1.9997310638427734,1.8660952048337052,1.9997310638427734,1.7685027312148718
12.703372716903687,2.0496461391448975,1.8904154609502168,2.0496461391448975,1.801426260146228
12.753544330596924,2.0998177528381348,1.8938873068402104,2.0998177528381348,1.8496303397915583
12.8035409450531,2.1498143672943115,1.9208189483610352,2.1498143672943115,1.916036018318003
12.853229284286499,2.19950270652771,2.0346598227623653,2.19950270652771,1.9349754781073234
12.903339147567749,2.24961256980896,2.066814417832025,2.24961256980896,1.940208301444503
12.953473329544067,2.2997467517852783,2.135714519688938,2.2997467517852783,1.9362545104621598
13.00367784500122,2.3499512672424316,2.2146863992224173,2.3499512672424316,1.9756655868935138
13.053317308425903,2.3995907306671143,2.214273850671983,2.3995907306671143,2.1120366468272875
13.10326600074768,2.4495394229888916,2.2141816999504096,2.4495394229888916,2.218290918382726
13.153811693191528,2.5000851154327393,2.2330324978586122,2.5000851154327393,2.244222443096419
13.203588485717773,2.5498619079589844,2.377787246176254,2.5498619079589844,2.238426085642176
13.25358247756958,2.599855899810791,2.4101274811438627,2.599855899810791,2.203578827578543
13.303257703781128,2.649531126022339,2.4703139897082025,2.649531126022339,2.3021368279502026
13.353619575500488,2.699892997741699,2.4380481971225896,2.699892997741699,2.425644181768128
13.403716087341309,2.7499895095825195,2.4820935807139772,2.7499895095825195,2.55189270885945
13.453484535217285,2.799757957458496,2.5698178320471436,2.799757957458496,2.567621566458323
13.503591537475586,2.849864959716797,2.6023592368129727,2.849864959716797,2.5332328859342734
13.55328106880188,2.899554491043091,2.642767937513052,2.899554491043091,2.5569845548876815
13.603272199630737,2.9495456218719482,2.7393322771305533,2.9495456218719482,2.683502358613325
13.653606653213501,2.999880075454712,2.7393322771305533,2.999880075454712,2.683502358613325
13.703312873840332,3.049586296081543,2.8066976404232484,3.049586296081543,2.7605835021270924
13.753198385238647,3.0994718074798584,2.8420963779077155,3.0994718074798584,2.7483711499848424
13.803478956222534,0.0,2.901378363191553,0.0,2.8319973465995236
13.853427410125732,0.0,2.9633907210181243,0.0,2.9528760451267804
13.903279066085815,0.0,0.9980121957830208,0.0,1.0928716863243957
13.953634977340698,0.0,-0.23946621271711768,0.0,-0.11799903136315898
14.003318548202515,0.0,-0.4335599538781959,0.0,-0.31370856614764797
14.05331802368164,0.0,-0.19409749378318972,0.0,-0.1559095946020708
14.10321855545044,0.0,0.06943232548809089,0.0,-0.010852302619460647
14.153319358825684,0.0,0.08677149468389525,0.0,-0.0039068289430058325
14.203527450561523,0.0,0.03622732679388776,0.0,-0.0014064584194820996
14.303277969360352,0.049954891204833984,0.0028170369314927117,-0.049954891204833984,-0.00010936620669892804
14.35339903831482,0.10007596015930176,0.02596207683376473,-0.10007596015930176,-0.024987315372838968
14.4035062789917,0.15018320083618164,0.18455011329087737,-0.15018320083618164,-0.09060567730172195
14.454144477844238,0.0,0.3568680103133436,0.0,-0.143312622492679
14.503538846969604,0.0,0.35068995233215033,0.0,-0.18103259481853295
14.553629159927368,0.0,0.04826093158901552,0.0,-0.02150339933652744
14.603340148925781,0.0,-0.07815137794573014,0.0,0.03615269299476481
14.653471946716309,0.0,-0.07163347378120032,0.0,0.04116136680053163
14.703606128692627,0.0,-0.025788050561232113,0.0,0.014818092048191386
14.803238868713379,0.049570322036743164,-0.0033421313527356813,-0.049570322036743164,0.0019204247294456035
14.85378646850586,0.10011792182922363,-0.0012031672869848452,-0.10011792182922363,0.0006913529026004172
14.903219938278198,0.1495513916015625,0.19502047021681657,-0.1495513916015625,-0.08132088196113724
14.953295946121216,0.19962739944458008,0.26979090566454383,-0.19962739944458008,-0.10411934618414051
15.00361156463623,0.24994301795959473,0.2583268199980905,-0.24994301795959473,-0.08098194145295837
15.0536208152771,0.29995226860046387,0.21849337004258573,-0.29995226860046387,-0.07179180256056959
15.103225946426392,0.34955739974975586,0.1733123622938893,-0.34955739974975586,-0.0957681278571495
15.153348445892334,0.39967989921569824,0.20376412764566787,-0.39967989921569824,-0.1592162313527468
15.203292846679688,0.44962430000305176,0.2840265960528051,-0.44962430000305176,-0.2162454824137665
15.253211736679077,0.4995431900024414,0.3396424107921217,-0.4995431900024414,-0.25284553291158596
15.303227186203003,0.5495586395263672,0.41897492761265953,-0.5495586395263672,-0.2768176503171469
15.353328943252563,0.5996603965759277,0.46381423886365314,-0.5996603965759277,-0.3098218681999425
15.403235912322998,0.6495673656463623,0.47626562004952416,-0.6495673656463623,-0.3104995826216357
15.453606843948364,0.6999382972717285,0.47077236837649794,-0.6999382972717285,-0.36511265672203624
15.503543853759766,0.7498753070831299,0.48699731504859134,-0.7498753070831299,-0.40662391818865556
15.553208589553833,0.7995400428771973,0.53919742837885,-0.7995400428771973,-0.42247516812314184
15.603418827056885,0.849750280380249,0.5655155700516903,-0.849750280380249,-0.421784710531579
15.653281688690186,0.8996131420135498,0.5735427879658933,-0.8996131420135498,-0.49027257239356803
15.70322871208191,0.9495601654052734,0.5782051298539398,-0.9495601654052734,-0.5344029848309467
15.75336241722107,0.9996938705444336,0.5973600034780702,-0.9996938705444336,-0.6050770229529897
15.80365538597107,1.0499868392944336,0.646521354112164,-1.0499868392944336,-0.6696196978518583
15.853216648101807,1.099548101425171,0.6632291499590168,-1.099548101425171,-0.6321883184395749
15.903553485870361,1.1498849391937256,0.6871023091250166,-1.1498849391937256,-0.6112592547899194
15.95332407951355,1.199655532836914,0.7347965822533644,-1.199655532836914,-0.6920452739426883
16.00321364402771,1.2495450973510742,0.777345564830275,-1.2495450973510742,-0.7942950281725905
16.0534508228302,1.2997822761535645,0.7957678557162182,-1.2997822761535645,-0.8550919229946106
16.103687524795532,1.3500189781188965,0.8297871847411882,-1.3500189781188965,-0.8907437325177754
16.153221607208252,1.3995530605316162,0.8535181017772278,-1.3995530605316162,-0.8837784290549098
16.20339059829712,1.4497220516204834,0.8696980316672278,-1.4497220516204834,-0.8795382475994193
16.253657341003418,1.4999887943267822,0.9542663630887537,-1.4999887943267822,-0.906287282464904
16.30328941345215,1.5496208667755127,0.9785152666107894,-1.5496208667755127,-0.9829366337387571
16.353575706481934,1.5999071598052979,0.9817852160573989,-1.5999071598052979,-1.026065618913012
16.403632879257202,1.6499643325805664,1.0008482776431296,-1.6499643325805664,-1.038623800279754
16.45363473892212,1.6999661922454834,1.0275796738510627,-1.6999661922454834,-1.057478174114963
16.50339651107788,1.7497279644012451,1.0406631357876766,-1.7497279644012451,-1.0931384865801599
16.553311347961426,1.79964280128479,1.0639110411326285,-1.79964280128479,-1.2330376833420984
16.603221893310547,1.7999999999999998,1.0951583387298653,-1.7999999999999998,-1.297415597310376
16.653492212295532,1.7999999999999998,1.1371512890521265,-1.7999999999999998,-1.2561637698664827
16.703569889068604,1.7999999999999998,1.1525442199944345,-1.7999999999999998,-1.2218345620294058
16.75322985649109,1.7999999999999998,1.1722245549096664,-1.7999999999999998,-1.2515001947185866
16.803560495376587,1.7999999999999998,1.18268630271914,-1.7999999999999998,-1.236324631732755
16.853487491607666,1.7999999999999998,1.1926561566095022,-1.7999999999999998,-1.195926053811514
16.903220176696777,1.7999999999999998,1.196492513605373,-1.7999999999999998,-1.1712238348088517
16.9533429145813,1.7999999999999998,1.2131169854473054,-1.7999999999999998,-1.1557672300554673
17.003660678863525,1.7999999999999998,1.2190639955593698,-1.7999999999999998,-1.2028959183198462
17.053308248519897,1.7999999999999998,1.2375298112437805,-1.7999999999999998,-1.3221871944058745
17.103572607040405,1.7999999999999998,1.2198783124615793,-1.7999999999999998,-1.3534524878903202
17.153590202331543,1.7999999999999998,1.2175319611476674,-1.7999999999999998,-1.2822506323234073
17.203215837478638,1.7999999999999998,1.2326302103400737,-1.7999999999999998,-1.1639486481022416
17.25330352783203,1.7999999999999998,1.2337650527548971,-1.7999999999999998,-1.2103190492131084
17.30363917350769,1.7999999999999998,1.2375000215766019,-1.7999999999999998,-1.3065168501331008
17.353317975997925,1.7999999999999998,1.2373393246526114,-1.7999999999999998,-1.4045244859994468
17.403371810913086,1.7999999999999998,1.239618296706483,-1.7999999999999998,-1.3497008874657517
17.45364761352539,1.7999999999999998,1.2462416345896024,-1.7999999999999998,-1.2922682760230098
17.503228664398193,1.7999999999999998,1.2667732341174966,-1.7999999999999998,-1.2872385096136154
17.55347442626953,1.7999999999999998,1.2581524981171377,-1.7999999999999998,-1.3713597933620245
17.603284120559692,1.7999999999999998,1.2560210084835466,-1.7999999999999998,-1.4215670256675494
17.6532301902771,1.7999999999999998,1.2616513009996333,-1.7999999999999998,-1.4685331235716776
17.703636169433594,1.7999999999999998,1.2596367924813752,-1.7999999999999998,-1.5252643319452055
17.753270864486694,1.7999999999999998,1.2630497430349945,-1.7999999999999998,-1.5381424865418998
17.803272008895874,1.7999999999999998,1.261348069235762,-1.7999999999999998,-1.537392980145013
17.853347301483154,1.7999999999999998,1.264497416207223,-1.7999999999999998,-1.5495971177649244
17.90327548980713,1.7999999999999998,1.2655364621838436,-1.7999999999999998,-1.5431695032584098
17.9532413482666,1.7999999999999998,1.2504987476883995,-1.7999999999999998,-1.5342278195290726
18.003563404083252,1.7999999999999998,1.2781619653207779,-1.7999999999999998,-1.4862428037954198
18.053321599960327,1.7999999999999998,1.2817572364247818,-1.7999999999999998,-1.419867727588397
18.103256464004517,1.7999999999999998,1.28360590490235,-1.7999999999999998,-1.355224409138244
18.153244495391846,1.7999999999999998,1.285229670136642,-1.7999999999999998,-1.3344067155341084
18.20332670211792,1.7999999999999998,1.2936410762534636,-1.7999999999999998,-1.315182948792688
18.253528594970703,1.7999999999999998,1.296976256048659,-1.7999999999999998,-1.272132646328704
18.303430795669556,1.7999999999999998,1.3141291359696314,-1.7999999999999998,-1.309668823940693
18.35354995727539,1.7999999999999998,1.3110293371546335,-1.7999999999999998,-1.4144513672100802
18.403262853622437,1.7999999999999998,1.2956486161852383,-1.7999999999999998,-1.4215843510213126
18.45356297492981,1.7999999999999998,1.2962320722263825,-1.7999999999999998,-1.4157198741060344
18.503260850906372,1.7999999999999998,1.2991371468468345,-1.7999999999999998,-1.4602397182233995
18.553468942642212,1.7999999999999998,1.3150741263434278,-1.7999999999999998,-1.4683393857188958
18.604235649108887,1.7999999999999998,1.319900493772208,-1.7999999999999998,-1.5166026289930796
18.65341544151306,1.7999999999999998,1.3151505306785272,-1.7999999999999998,-1.5326138282658168
18.703263759613037,1.7999999999999998,1.3246259203882809,-1.7999999999999998,-1.4155352914418544
18.75363278388977,1.7999999999999998,1.3174943632681249,-1.7999999999999998,-1.3641200068048098
18.804036140441895,1.7999999999999998,1.3181312863110946,-1.7999999999999998,-1.311695695069519
18.853216648101807,1.7999999999999998,1.3161497152186132,-1.7999999999999998,-1.381449901313645
18.90355610847473,1.7999999999999998,1.3223463166834128,-1.7999999999999998,-1.4161622392837034
18.953986406326294,1.7999999999999998,1.3260748100798867,-1.7999999999999998,-1.4480315723641741
19.003341913223267,1.7999999999999998,1.3346560756869867,-1.7999999999999998,-1.5134240822299967
19.054054737091064,1.7999999999999998,1.3346560756869867,-1.7999999999999998,-1.5134240822299967
19.10352396965027,1.7999999999999998,1.3285537352245855,-1.7999999999999998,-1.4348894933606269
19.153342485427856,1.7999999999999998,1.3276118901031881,-1.7999999999999998,-1.4203932772104877
19.203511714935303,1.7999999999999998,1.323063247203505,-1.7999999999999998,-1.4231751617202142
19.253325700759888,1.7999999999999998,1.3441743777273927,-1.7999999999999998,-1.4427032991555562
19.303242921829224,1.7999999999999998,1.3388647625236096,-1.7999999999999998,-1.514281272565385
19.35333824157715,1.7999999999999998,1.3422538344967256,-1.7999999999999998,-1.5088240002888569
19.404186010360718,1.7999999999999998,1.3434533848133525,-1.7999999999999998,-1.5245855365502163
19.4532208442688,1.7999999999999998,1.346564828411347,-1.7999999999999998,-1.5617372219910857
19.503652572631836,1.7999999999999998,1.3484776372048892,-1.7999999999999998,-1.5524249091834208
19.55329966545105,1.7999999999999998,1.3569563266596834,-1.7999999999999998,-1.513697744945259
19.60329532623291,1.7999999999999998,1.3673949254856694,-1.7999999999999998,-1.473211575105037
19.653302431106567,1.7999999999999998,1.3683909743303198,-1.7999999999999998,-1.455416501927095
19.70339608192444,1.7999999999999998,1.3642801154592323,-1.7999999999999998,-1.4300302486542646
19.753608226776123,1.7999999999999998,1.362800206265641,-1.7999999999999998,-1.3380929954382343
19.80339241027832,0.0,1.3781114884096834,0.0,-1.2841869256806098
19.853293657302856,0.0,1.2191475560925151,0.0,-1.1380775808267725
19.903470039367676,0.0,0.38521723976117644,0.0,-0.2093683948149537
19.95334506034851,0.0,-0.27806090701681757,0.0,0.3780291055430083
20.003540992736816,0.0,-0.49334751582182923,0.0,0.4661852371051358
20.053544282913208,0.0,-0.3855652214052527,0.0,0.34368022688355726
20.10360074043274,0.0,-0.07100467642226274,0.0,0.08022243545607093
20.153561115264893,0.0,0.03003658916922168,0.0,0.028880076764185532
20.203217267990112,0.04965615272521973,-0.004858790419138481,0.04965615272521973,0.042274013907872054
20.253432035446167,0.09987092018127441,0.014882797808061716,0.09987092018127441,0.06587053087395278
20.303394079208374,0.14983296394348145,0.08316646330736066,0.14983296394348145,0.22597250371113484
20.35352897644043,0.1999678611755371,0.16846151037660545,0.1999678611755371,0.4420474928046264
20.403379917144775,0.0,0.21684196192138422,0.0,0.5011770151171088
20.453502655029297,0.0,0.23649793957989107,0.0,0.47998383005069495
20.503669500350952,0.0,0.13784978155608424,0.0,0.2718183195040469
20.55322766304016,0.0,-0.04296156033185983,0.0,0.016689332268268103
20.603344678878784,0.0,-0.05031407957425546,0.0,0.009176152148829783
20.653514623641968,0.0,-0.0325756439631611,0.0,0.01053470243179329
20.70368528366089,0.0501706600189209,-0.011727231826737995,0.0501706600189209,0.0037924928754455843
20.753336906433105,0.0998222827911377,0.005386899256057757,0.0998222827911377,0.024579122452995737
20.803675174713135,0.150160551071167,0.005386899256057757,0.150160551071167,0.024579122452995737
20.85361957550049,0.2001049518585205,0.17306771436581792,0.2001049518585205,0.363577869006656
20.90331745147705,0.249802827835083,0.21420962533682508,0.249802827835083,0.4654676579720959
20.95352339744568,0.30000877380371094,0.2443306455182907,0.30000877380371094,0.47282882082297273
21.003318786621094,0.349804162979126,0.271984675604131,0.349804162979126,0.40350216434729214
21.0532169342041,0.3997023105621338,0.2784797331373785,0.3997023105621338,0.38967829515814345
21.10336971282959,0.44985508918762207,0.29627224376252514,0.44985508918762207,0.39213959421019395
21.153578519821167,0.5000638961791992,0.3208264919654771,0.5000638961791992,0.43785885946262115
21.20331072807312,0.5497961044311523,0.37123990228849935,0.5497961044311523,0.5427375964610038
21.253384590148926,0.599869966506958,0.41185371370701174,0.599869966506958,0.5900166153534028
21.303350925445557,0.6498363018035889,0.5071354414520964,0.6498363018035889,0.6271152245440816
21.354246377944946,0.7007317543029785,0.5748661180316796,0.7007317543029785,0.6393911414422537
21.40425419807434,0.750739574432373,0.5748661180316796,0.750739574432373,0.6393911414422537
21.453255653381348,0.7997410297393799,0.6342321268508164,0.7997410297393799,0.6250670353284381
21.50374460220337,0.8502299785614014,0.6872377669259069,0.8502299785614014,0.6725518417255009
21.55322027206421,0.8997056484222412,0.787738994309896,0.8997056484222412,0.8191982760597785
21.603351831436157,0.9498372077941895,0.8450955351172424,0.9498372077941895,0.8777531667197771
21.653327465057373,0.9998128414154053,0.8450955351172424,0.9998128414154053,0.8777531667197771
21.703441858291626,1.0499272346496582,0.9531677519795515,1.0499272346496582,0.9102536732952192
21.75326442718506,1.0997498035430908,1.006752766131532,1.0997498035430908,0.9768913909316148
21.803683757781982,1.1501691341400146,1.045438323592646,1.1501691341400146,1.0275214865517668
21.85332727432251,1.199812650680542,1.09327992123555,1.199812650680542,1.0750506162462437
21.903632164001465,1.250117540359497,1.106379114349571,1.250117540359497,1.1695123853618314
21.953320264816284,0.0,1.1889005113801714,0.0,1.210378046705746
22.003482341766357,0.0,1.08061066660266,0.0,1.0408226809052552
22.053648710250854,0.0,0.3598777510868819,0.0,0.31337485055260383
22.103848934173584,0.0,-0.29471998542946387,0.0,-0.31758403323621925
22.1536066532135,0.0,-0.24232287662172963,0.0,-0.27906587258290544
22.20382261276245,0.0,-0.06330067365864986,0.0,-0.0909907275211023
22.25344204902649,0.0,0.030108712483525122,0.0,0.00622850335492883
22.303329706192017,0.0,0.015177909088997785,0.0,0.0022422612077743786
35.50327825546265,0.049849748611450195,5.4639715105413475e-135,-0.049849748611450195,8.072028424094493e-136
35.553338050842285,0.09990954399108887,0.03326392471790314,-0.09990954399108887,-0.024947943538427355
35.603315114974976,0.1498866081237793,0.18162101554870605,-0.1498866081237793,-0.1528477277457714
35.65316367149353,0.19973516464233398,0.35447708116340637,-0.19973516464233398,-0.31438037718510625
35.70326471328735,0.0,0.31887930755508426,0.0,-0.30860248910847665
35.75349140167236,0.0,0.23700530692825011,0.0,-0.25051612153338204
35.80332612991333,0.0,0.022823772289515404,0.0,-0.010250622112078958
35.85346794128418,0.0,-0.047898235097589184,0.0,0.07187673363261575
35.90345501899719,0.0,-0.03720171946587399,0.0,0.04807567788901265
36.0034863948822,0.05022716522216797,-0.0028928057056663613,-0.05022716522216797,0.003738364712649623
36.05361557006836,0.1003563404083252,-0.0017356834233998167,-0.1003563404083252,0.002243018827589774
36.10365009307861,0.1503908634185791,0.09581326984693816,-0.1503908634185791,-0.0629941624072606
36.1535747051239,0.2003154754638672,0.23675189570187408,-0.2003154754638672,-0.14213877087834173
36.20327186584473,0.2500126361846924,0.2260253777862525,-0.2500126361846924,-0.20125017344809157
36.25323033332825,0.2999711036682129,0.2304627925429679,-0.2999711036682129,-0.2136237375015852
36.303308963775635,0.3500497341156006,0.2513109790184714,-0.3500497341156006,-0.24524892516403807
36.35368013381958,0.4004209041595459,0.2537463514148365,-0.4004209041595459,-0.2580290981976355
36.40331292152405,0.45005369186401367,0.3123024883364476,-0.45005369186401367,-0.3024031560987952
36.45350623130798,0.5002470016479492,0.33659880068879733,-0.5002470016479492,-0.31712620644703116
36.5034863948822,0.550227165222168,0.3693877768468192,-0.550227165222168,-0.3465376944146201
36.55367064476013,0.6004114151000977,0.404607798117547,-0.6004114151000977,-0.3560690893106814
36.60329627990723,0.6500370502471924,0.4276735134571131,-0.6500370502471924,-0.3784562878622945
36.65355467796326,0.7002954483032227,0.4612577491158009,-0.7002954483032227,-0.41344362972310794
36.70353960990906,0.7502803802490234,0.4998730049094769,-0.7502803802490234,-0.4631816790826761
36.754136085510254,0.8008768558502197,0.5235230836472945,-0.8008768558502197,-0.510314220654761
36.803284645080566,0.8500254154205322,0.5496303739996393,-0.8500254154205322,-0.5923963463356532
36.853328227996826,0.900068998336792,0.5733958996362081,-0.900068998336792,-0.6593404224890627
36.90329337120056,0.9500341415405273,0.6069635385403606,-0.9500341415405273,-0.6917766408221062
36.95345640182495,1.000197172164917,0.6319299018667783,-1.000197172164917,-0.678619385102849
37.00332856178284,1.0500693321228027,0.6675901574172493,-1.0500693321228027,-0.679892685486201
37.05326962471008,1.1000103950500488,0.7010377989629953,-1.1000103950500488,-0.718772270610329
37.10352802276611,1.150268793106079,0.728142459860565,-1.150268793106079,-0.784447686075114
37.15366888046265,1.2004096508026123,0.729924797815753,-1.2004096508026123,-0.8112278200381653
37.20327973365784,1.2500205039978027,0.7773231105381025,-1.2500205039978027,-0.7967122548931669
37.25344109535217,1.3001818656921387,0.797803105224625,-1.3001818656921387,-0.7583193190376936
37.303600549697876,1.3503413200378418,0.811321080511484,-1.3503413200378418,-0.7717908506084072
37.353551149368286,1.400291919708252,0.8832524931011829,-1.400291919708252,-0.9411687982946356
37.403345584869385,1.4500863552093506,0.9221214979497755,-1.4500863552093506,-1.0319631624056
37.453664779663086,1.5004055500030518,0.9482760475733816,-1.5004055500030518,-1.0332728264748967
37.50357699394226,1.5503177642822266,0.9844818987247563,-1.5503177642822266,-0.9881528009660215
37.553767919540405,1.600508689880371,0.9708482788680325,-1.600508689880371,-0.9572108262590868
37.603299617767334,1.6500403881072998,0.9708482788680325,-1.6500403881072998,-0.9572108262590868
37.653640031814575,1.700380802154541,1.1336953908939686,-1.700380802154541,-1.201033441217076
37.70362162590027,1.7503623962402344,1.152564923211308,-1.7503623962402344,-1.2062733221002406
37.753594398498535,1.7999999999999998,1.1501989727544628,-1.7999999999999998,-1.2290103941715524
37.803221225738525,1.7999999999999998,1.1390290643881573,-1.7999999999999998,-1.0738112496996184
37.85329341888428,1.7999999999999998,1.1755526871482425,-1.7999999999999998,-1.0478905213235947
37.903449296951294,1.7999999999999998,1.1938131717801057,-1.7999999999999998,-1.0887189283022571
37.95332145690918,1.7999999999999998,1.2332476830945003,-1.7999999999999998,-1.2105337324398502
38.00337624549866,1.7999999999999998,1.2097568867401847,-1.7999999999999998,-1.325683204850959
38.05327916145325,1.7999999999999998,1.2069186720060077,-1.7999999999999998,-1.2217242009120253
38.10353088378906,1.7999999999999998,1.2288648636152781,-1.7999999999999998,-1.1336111087802792
38.15336847305298,1.7999999999999998,1.2176255637768665,-1.7999999999999998,-1.0964784273816495
38.20360612869263,1.7999999999999998,1.231927337206498,-1.7999999999999998,-1.1523645370953088
38.253456830978394,1.7999999999999998,1.2079801206019845,-1.7999999999999998,-1.2241772695726758
38.30332326889038,1.7999999999999998,1.210204617174649,-1.7999999999999998,-1.2773293596868494
38.353338956832886,1.7999999999999998,1.2340077838869752,-1.7999999999999998,-1.2370629218470375
38.40350317955017,1.7999999999999998,1.2576969056691598,-1.7999999999999998,-1.1206002959222072
38.453222036361694,1.7999999999999998,1.2447642657859155,-1.7999999999999998,-1.0126902569115024
38.50342345237732,1.7999999999999998,1.2464493336809765,-1.7999999999999998,-1.0108390173475694
38.55360245704651,1.7999999999999998,1.2621758635950004,-1.7999999999999998,-1.0494412531075747
38.603548526763916,1.7999999999999998,1.2532028930306607,-1.7999999999999998,-1.0562340270198842
38.653648138046265,1.7999999999999998,1.2423247734398903,-1.7999999999999998,-1.015633375372319
38.70324373245239,1.7999999999999998,1.2494091882595275,-1.7999999999999998,-1.023230191651283
38.753495931625366,1.7999999999999998,1.260104700122673,-1.7999999999999998,-1.0925246739089363
38.80357360839844,1.7999999999999998,1.2697552362183568,-1.7999999999999998,-1.1219167267215207
38.853344440460205,1.7999999999999998,1.2610968162343468,-1.7999999999999998,-1.2055093731746376
38.903387784957886,1.7999999999999998,1.2643673781058395,-1.7999999999999998,-1.2601958877896773
38.953357458114624,1.7999999999999998,1.2811759220421746,-1.7999999999999998,-1.337432497753698
39.00321865081787,1.7999999999999998,1.2592747191470717,-1.7999999999999998,-1.3423648296863075
39.05362558364868,1.7999999999999998,1.281372962768621,-1.7999999999999998,-1.3469253499175395
39.10336923599243,1.7999999999999998,1.3075615614804317,-1.7999999999999998,-1.391283349473427
39.153324127197266,1.7999999999999998,1.275938503151632,-1.7999999999999998,-1.4062524496123134
39.20381236076355,1.7999999999999998,1.2726175100767487,-1.7999999999999998,-1.2901208999811278
39.25343155860901,1.7999999999999998,1.2693284265219167,-1.7999999999999998,-1.2703376556536674
39.30351400375366,1.7999999999999998,1.267513233853066,-1.7999999999999998,-1.2800974397099418
39.35322713851929,1.7999999999999998,1.2752060476754703,-1.7999999999999998,-1.225699889264411
39.4032096862793,1.7999999999999998,1.2773667282038188,-1.7999999999999998,-1.194996630287852
39.45333933830261,1.7999999999999998,1.2654174556555722,-1.7999999999999998,-1.0965102771413395
39.5032160282135,1.7999999999999998,1.2779006393241916,-1.7999999999999998,-1.020544232214519
39.55331230163574,1.7999999999999998,1.2704167544181837,-1.7999999999999998,-1.004954445821653
39.6033456325531,1.7999999999999998,1.267905031895722,-1.7999999999999998,-1.0551194197401799
39.653225898742676,1.7999999999999998,1.2616524485899152,-1.7999999999999998,-1.1057918515639034
39.70350098609924,1.7999999999999998,1.264567405753844,-1.7999999999999998,-1.1131010310710618
39.753328800201416,1.7999999999999998,1.2560576835060764,-1.7999999999999998,-1.119919585830968
39.80321788787842,1.7999999999999998,1.2851928628660723,-1.7999999999999998,-1.1170764567571405
39.8532919883728,1.7999999999999998,1.285951548475414,-1.7999999999999998,-1.1013235307497093
39.90355062484741,1.7999999999999998,1.2979393149584733,-1.7999999999999998,-1.08981229031428
39.95351552963257,1.7999999999999998,1.3011591200293373,-1.7999999999999998,-1.0931776660597716
40.004212856292725,1.7999999999999998,1.3167622000654968,-1.7999999999999998,-1.1416178690940084
40.05332350730896,1.7999999999999998,1.3107976690774117,-1.7999999999999998,-1.144648213894961
40.103296756744385,1.7999999999999998,1.3149791974606622,-1.7999999999999998,-1.1629998316146417
40.153740644454956,1.7999999999999998,1.3149791974606622,-1.7999999999999998,-1.1629998316146417
40.203585147857666,1.7999999999999998,1.3312572269950522,-1.7999999999999998,-1.1264755868930778
40.253506898880005,1.7999999999999998,1.3228257046692686,-1.7999999999999998,-1.122036109352797
40.30363583564758,1.7999999999999998,1.3177325468022745,-1.7999999999999998,-1.135119484657534
40.3535521030426,1.7999999999999998,1.3161457541260404,-1.7999999999999998,-1.1661980128745393
40.40338730812073,1.7999999999999998,1.3217417713738908,-1.7999999999999998,-1.1686049914077317
40.45327949523926,1.7999999999999998,1.3342210215355432,-1.7999999999999998,-1.1598961001294397
40.503634452819824,1.7999999999999998,1.3265868197211792,-1.7999999999999998,-1.1415177981492595
40.55367422103882,1.7999999999999998,1.3266636718629303,-1.7999999999999998,-1.1388719177402276
40.60330152511597,1.7999999999999998,1.33232958627669,-1.7999999999999998,-1.0954618665347455
40.653621196746826,1.7999999999999998,1.311791141675453,-1.7999999999999998,-1.0884734706677182
40.70356059074402,1.7999999999999998,1.3192974804917221,-1.7999999999999998,-1.0855150649903527
40.75327730178833,1.7999999999999998,1.3179210421252916,-1.7999999999999998,-1.0910330249709483
40.80327320098877,1.7999999999999998,1.3107499836734058,-1.7999999999999998,-1.1903829038325284
40.853686571121216,1.7999999999999998,1.2996355161256,-1.7999999999999998,-1.2707659468716384
40.90373229980469,1.7999999999999998,1.288062066978922,-1.7999999999999998,-1.2836089801430464
40.953338861465454,1.7999999999999998,1.2977952091026461,-1.7999999999999998,-1.2823321362128173
41.00346755981445,1.7999999999999998,1.332295338042148,-1.7999999999999998,-1.1888508271172353
41.053425788879395,1.7999999999999998,1.3523393916109447,-1.7999999999999998,-1.2287997342703834
41.10321855545044,1.7999999999999998,1.3781723976687745,-1.7999999999999998,-1.3538162852240154
41.153568744659424,1.7999999999999998,1.3743721485469433,-1.7999999999999998,-1.4013384070940345
41.203248262405396,1.7999999999999998,1.3627354606700022,-1.7999999999999998,-1.3592937953055566
41.2533278465271,1.7999999999999998,1.3744547285334616,-1.7999999999999998,-1.3648997724097014
41.303394079208374,1.7999999999999998,1.3555334729324469,-1.7999999999999998,-1.3832915942683592
41.353684186935425,1.7999999999999998,1.374537997487393,-1.7999999999999998,-1.4167913820441558
41.403279542922974,1.7999999999999998,1.3831316470062283,-1.7999999999999998,-1.4459707364831922
41.453497886657715,1.7999999999999998,1.389038967095216,-1.7999999999999998,-1.4094193503401717
41.50345587730408,1.7999999999999998,1.3908874632128714,-1.7999999999999998,-1.4202297517708078
41.5532910823822,1.7999999999999998,1.404461265494532,-1.7999999999999998,-1.5726282393967157
41.60331439971924,1.7999999999999998,1.3900937989557172,-1.7999999999999998,-1.5896771214974539
41.65349054336548,1.7999999999999998,1.3915453417970318,-1.7999999999999998,-1.5200163386788113
41.7032208442688,1.7999999999999998,1.3999834064837986,-1.7999999999999998,-1.3059871701305754
41.7533323764801,1.7999999999999998,1.4056839372228396,-1.7999999999999998,-1.2791815271820657
41.803677558898926,1.7999999999999998,1.3971577915731959,-1.7999999999999998,-1.376058664471365
41.85348606109619,1.7999999999999998,1.40399791359367,-1.7999999999999998,-1.4544908809246269
41.903563499450684,1.7999999999999998,1.4038004508102317,-1.7999999999999998,-1.3797798530298109
41.95322108268738,1.7999999999999998,1.4052081841519106,-1.7999999999999998,-1.3332236573718568
42.00348210334778,1.7999999999999998,1.3985733171573056,-1.7999999999999998,-1.280904390312679
42.053266286849976,1.7999999999999998,1.4042989914514106,-1.7999999999999998,-1.3114026205172946
42.10361909866333,1.7999999999999998,1.4170416539766246,-1.7999999999999998,-1.4884518998810703
42.15327072143555,1.7999999999999998,1.415820916146917,-1.7999999999999998,-1.4596725017290968
42.20328092575073,1.7999999999999998,1.4131866167727292,-1.7999999999999998,-1.3200606981680987
42.253626585006714,1.7999999999999998,1.4120796348122302,-1.7999999999999998,-1.19075774180053
42.30315184593201,1.7999999999999998,1.4156660328607746,-1.7999999999999998,-1.0909510992752134
42.35365581512451,1.7999999999999998,1.4156660328607746,-1.7999999999999998,-1.0909510992752134
42.403522968292236,1.7999999999999998,1.4254501484099038,-1.7999999999999998,-1.257312658574695
42.45332360267639,1.7999999999999998,1.4368756039951922,-1.7999999999999998,-1.384662052326148
42.503997802734375,1.7999999999999998,1.4254990657811648,-1.7999999999999998,-1.4114542020557208
42.55339813232422,1.7999999999999998,1.425396489538688,-1.7999999999999998,-1.433672520920708
42.60327410697937,1.7999999999999998,1.4380244138614913,-1.7999999999999998,-1.4576357412594823
42.6532826423645,1.7999999999999998,1.4272828670541018,-1.7999999999999998,-1.4462545540901994
42.70330858230591,1.7999999999999998,1.422143851716503,-1.7999999999999998,-1.4312153515925279
42.753259897232056,1.7999999999999998,1.4342756375072638,-1.7999999999999998,-1.4722709897026836
42.80356979370117,1.7999999999999998,1.4336797083997097,-1.7999999999999998,-1.4841342965197115
42.85328269004822,1.7999999999999998,1.4315222532361758,-1.7999999999999998,-1.4452080488001662
42.9036591053009,1.7999999999999998,1.4215316449693445,-1.7999999999999998,-1.4000126931594143
42.95335102081299,1.7999999999999998,1.4289116361770011,-1.7999999999999998,-1.3715769629547476
43.00351023674011,1.7999999999999998,1.4322032081735006,-1.7999999999999998,-1.3265228157354407
43.0532603263855,1.7999999999999998,1.4434765213224097,-1.7999999999999998,-1.364305637040179
43.10350155830383,1.7999999999999998,1.4450497353133966,-1.7999999999999998,-1.4863818174928811
43.15356159210205,1.7999999999999998,1.4316859432717828,-1.7999999999999998,-1.597898038136854
43.20332980155945,1.7999999999999998,1.4180395861385109,-1.7999999999999998,-1.597894312825642
43.253539085388184,1.7999999999999998,1.4098521325558844,-1.7999999999999998,-1.5495756918979318
43.303826332092285,1.7999999999999998,1.4300128914883943,-1.7999999999999998,-1.4655154049232808
43.3533353805542,1.7999999999999998,1.4266382228602603,-1.7999999999999998,-1.5416478168905452
43.40335941314697,1.7999999999999998,1.4169222130037415,-1.7999999999999998,-1.6171970600583796
43.45323157310486,1.7999999999999998,1.3941181080887641,-1.7999999999999998,-1.439325757532806
43.503286361694336,1.7999999999999998,1.4130764047151778,-1.7999999999999998,-1.4542990807447995
43.5536527633667,1.7999999999999998,1.4293537058775176,-1.7999999999999998,-1.530556121483594
43.60357904434204,1.7999999999999998,1.435977980554505,-1.7999999999999998,-1.5838449808413326
43.6532199382782,1.7999999999999998,1.4137018739114673,-1.7999999999999998,-1.6038110835840484
43.70341682434082,1.7999999999999998,1.387867859086888,-1.7999999999999998,-1.6750814789589707
43.753342628479004,1.7999999999999998,1.3578829804950345,-1.7999999999999998,-1.6265664389392067
43.803324460983276,1.7999999999999998,1.3698256119705212,-1.7999999999999998,-1.5731733918570114
43.8535270690918,1.7999999999999998,1.3829471530181279,-1.7999999999999998,-1.634945950998639
43.90342116355896,1.7999999999999998,1.3851121519206324,-1.7999999999999998,-1.5871379287578256
43.953391551971436,1.7999999999999998,1.3833367629360567,-1.7999999999999998,-1.5449076072527501
44.003472566604614,1.7999999999999998,1.4373992419996324,-1.7999999999999998,-1.6587556509623091
44.05326747894287,1.7999999999999998,1.4239055968555854,-1.7999999999999998,-1.6158596578281816
44.1032931804657,1.7999999999999998,1.4120113321745293,-1.7999999999999998,-1.5783477843895566
44.153510332107544,1.7999999999999998,1.4025244427420103,-1.7999999999999998,-1.5869902975950843
44.20369529724121,1.7999999999999998,1.4121183101903465,-1.7999999999999998,-1.6079994562003925
44.25321865081787,1.7999999999999998,1.3836110456017008,-1.7999999999999998,-1.620277731668008
44.303478717803955,1.7999999999999998,1.3837519272527938,-1.7999999999999998,-1.6560614713612982
44.354185342788696,1.7999999999999998,1.3837519272527938,-1.7999999999999998,-1.6560614713612982
44.40332746505737,1.7999999999999998,1.4678422599924899,-1.7999999999999998,-1.77115607606495
44.45322370529175,1.7999999999999998,1.6140142557836525,-1.7999999999999998,-1.6988231303987793
44.50323224067688,1.7999999999999998,1.571834879320274,-1.7999999999999998,-1.7532416473399839
44.55323505401611,1.7999999999999998,1.5370224924807823,-1.7999999999999998,-1.8228108986820426
44.60322690010071,1.7999999999999998,1.6717653372462409,-1.7999999999999998,-1.647367652276637
44.65365982055664,1.7999999999999998,1.631433097073167,-1.7999999999999998,-1.6590818843911226
44.703269481658936,1.7999999999999998,1.5131617775733694,-1.7999999999999998,-1.7291668563486386
44.753520011901855,1.7999999999999998,1.4364592775526797,-1.7999999999999998,-1.6604997650170772
44.80331778526306,1.7999999999999998,1.4006296037516797,-1.7999999999999998,-1.6155267692052366
44.853285789489746,1.7999999999999998,1.3831173731880835,-1.7999999999999998,-1.5560056258360042
44.903669357299805,1.7999999999999998,1.3831173731880835,-1.7999999999999998,-1.5560056258360042
44.953399896621704,1.7999999999999998,1.384925427369085,-1.7999999999999998,-1.4302570748358852
45.00374913215637,1.7999999999999998,1.406203022837093,-1.7999999999999998,-1.466240746785279
45.05399489402771,1.7999999999999998,1.379567450074078,-1.7999999999999998,-1.5799705983896657
45.103312969207764,1.7999999999999998,1.474944770021816,-1.7999999999999998,-1.6838618946683264
45.15335655212402,1.7999999999999998,1.6656494425595687,-1.7999999999999998,-1.6096519767980046
45.20348811149597,1.7999999999999998,1.7481688792774994,-1.7999999999999998,-1.5864831497576333
45.25354290008545,1.7999999999999998,1.7827183509565563,-1.7999999999999998,-1.6011415013184487
45.30328440666199,1.7999999999999998,1.6830298012310851,-1.7999999999999998,-1.4011121044077708
45.353349447250366,1.7999999999999998,1.6133123936348412,-1.7999999999999998,-1.4738061111993157
45.40367674827576,1.7999999999999998,1.6013440645489663,-1.7999999999999998,-1.628930461948868
45.45326638221741,1.7999999999999998,1.6174598678381527,-1.7999999999999998,-1.623879730419787
45.503679513931274,1.7999999999999998,1.6357544150609544,-1.7999999999999998,-1.548130523989482
45.55406332015991,1.7999999999999998,1.6616330893036877,-1.7999999999999998,-1.4625808543550551
45.6035430431366,1.7999999999999998,1.6616330893036877,-1.7999999999999998,-1.4625808543550551
45.65320944786072,1.7999999999999998,1.4309582447210225,-1.7999999999999998,-1.4900814228098387
45.70368790626526,1.7999999999999998,1.4360494232845047,-1.7999999999999998,-1.6507707190337464
45.75334811210632,1.7999999999999998,1.4519832569362547,-1.7999999999999998,-1.7442691380437383
45.80328631401062,1.7999999999999998,1.479528846602479,-1.7999999999999998,-1.6820385067269934
45.853219509124756,1.7999999999999998,1.4960961898306033,-1.7999999999999998,-1.650971486876216
45.90333938598633,1.7999999999999998,1.5030314931919224,-1.7999999999999998,-1.641584783092668
45.95322561264038,1.7999999999999998,1.5101572801753291,-1.7999999999999998,-1.5946138564028685
46.00327515602112,1.7999999999999998,1.5052863739759115,-1.7999999999999998,-1.5870986436585786
46.05407476425171,1.7999999999999998,1.5063399594842335,-1.7999999999999998,-1.6063697500746321
46.103562355041504,1.7999999999999998,1.5052113481218434,-1.7999999999999998,-1.6315890656848266
46.15323567390442,1.7999999999999998,1.5190153930919013,-1.7999999999999998,-1.6939097112714188
46.203505516052246,1.7999999999999998,1.5019952969909898,-1.7999999999999998,-1.5792132305967426
46.25368404388428,1.7999999999999998,1.5295968526778647,-1.7999999999999998,-1.5718579013777116
46.30351662635803,1.7999999999999998,1.5612272813622248,-1.7999999999999998,-1.6771627755033613
46.353328466415405,1.7999999999999998,1.5472798088844701,-1.7999999999999998,-1.6239532785883162
46.403273582458496,1.7999999999999998,1.546622476803878,-1.7999999999999998,-1.543336980006836
46.453490018844604,0.0,1.5334418064931463,0.0,-1.5561945864421398
46.50333619117737,0.0,1.5360967724292074,0.0,-1.675433865625701
46.55332565307617,0.0,0.3600184285138066,0.0,-0.3046586480844349
46.60340142250061,0.0,-0.3765521944703812,0.0,0.4191616546949746
46.65346312522888,0.0,-0.44971806887896615,0.0,0.42902154464153053
46.70332098007202,0.0,-0.12493823737073083,0.0,0.09670784333888253
46.753480434417725,0.0,-0.03547378785670329,0.0,0.03481482360199771
46.80320954322815,0.0,-0.012770563628413183,0.0,0.012533336496719175
70.00337719917297,0.0,-0.031933368116617206,0.0,2.3918192245698573e-235
70.05332159996033,0.0,-0.03644395561337471,0.0,8.610549208451485e-236
70.1033616065979,0.0,-0.03742807635540962,0.0,3.0997977150425346e-236
70.15354871749878,0.0,-0.013474107487947463,0.0,1.1159271774153124e-236
123.8036699295044,0.0,-0.012906401948928834,0.0,-0.005730898772478104
123.8533890247345,0.0,-0.010019070479183196,0.0,-0.0012378741348552703
124.45358490943909,0.0,-0.015840002268704943,0.0,-2.1115870919241203e-09
124.5034453868866,0.0,-0.06584183716651981,0.0,-2.7366168711336594e-10
124.55360579490662,0.0,-0.06584183716651981,0.0,-2.7366168711336594e-10
124.60351324081421,0.0,-0.051097656782135195,0.0,-0.002993753260077837
125.50349569320679,0.0,-0.06828784347809398,0.0,-0.010911974214638664
125.55361199378967,0.0,-0.06034234279836552,0.0,-0.015847883368656182
125.60330605506897,0.0,-0.013033946044446949,0.0,-0.01173912398710552
125.65348100662231,0.0,-0.013033946044446949,0.0,-0.01173912398710552
136.75344252586365,0.050170183181762695,-1.917519306105982e-112,0.050170183181762695,-8.475516080854173e-113
136.80344557762146,0.1001732349395752,-6.903069501981534e-113,0.1001732349395752,-3.051185789107502e-113
136.85418224334717,0.1509099006652832,0.09672501650452614,0.1509099006652832,0.07220750775933266
136.903657913208,0.20038557052612305,0.13368877980232238,0.20038557052612305,0.14149443171143533
136.95342636108398,0.2501540184020996,0.13431176083011626,0.2501540184020996,0.18442568982858656
137.00350713729858,0.3002347946166992,0.14576800717135618,0.3002347946166992,0.17568899032849977
137.05342841148376,0.3501560688018799,0.14712026317079194,0.3501560688018799,0.2065997003908595
137.10322856903076,0.39995622634887695,0.18289122853098727,0.39995622634887695,0.2892658514131564
137.15362429618835,0.4503519535064697,0.24476042821437743,0.4503519535064697,0.32495919593630285
137.2036943435669,0.5004220008850098,0.24476042821437743,0.5004220008850098,0.32495919593630285
137.25346064567566,0.5501883029937744,0.3703397607197584,0.5501883029937744,0.39281149304715957
137.30374717712402,0.6004748344421387,0.42973978962543485,0.6004748344421387,0.44513515981942975
137.35332775115967,0.6500554084777832,0.442345662043248,0.6500554084777832,0.4727999258741518
137.40369510650635,0.7004227638244629,0.442345662043248,0.7004227638244629,0.4727999258741518
137.45355439186096,0.7502820491790771,0.5067495189876335,0.7502820491790771,0.5244771564936777
137.50351333618164,0.8002409934997559,0.5633017378844373,0.8002409934997559,0.5746732971049359
137.55339336395264,0.850121021270752,0.5835004781363936,0.850121021270752,0.6140833509550696
137.60327696800232,0.9000046253204346,0.7117704063588717,0.9000046253204346,0.7893898130129946
137.6532337665558,0.9499614238739014,0.7618489567017914,0.9499614238739014,0.8662989821674052
137.70333623886108,1.0000638961791992,0.8017364085999618,1.0000638961791992,0.8885862858286484
137.7532639503479,1.0499916076660156,0.8320964061536489,1.0499916076660156,0.9475800935762378
137.80334448814392,1.1000721454620361,0.8963253408664977,1.1000721454620361,1.025336068070075
137.85337114334106,1.1500988006591797,0.97501960909347,1.1500988006591797,1.0842953209386377
137.9038107395172,1.2005383968353271,1.0527174288605936,1.2005383968353271,1.1364085990538397
137.9532265663147,1.2499542236328125,1.0992185390738907,1.2499542236328125,1.1527773434284967
138.0033257007599,1.300053358078003,1.1481169170170402,1.300053358078003,1.2022460327516904
138.05349969863892,1.3502273559570312,1.1606617727051751,1.3502273559570312,1.2153027496089068
138.1035385131836,1.400266170501709,1.1967684206308333,1.400266170501709,1.2413871160036156
138.15340971946716,1.4501373767852783,1.2456047359803226,1.4501373767852783,1.285031428487986
138.20340251922607,1.5001301765441895,1.3175811084639635,1.5001301765441895,1.3030989088601674
138.2532238960266,1.5499515533447266,1.3715857663459405,1.5499515533447266,1.3208390370890646
138.3033332824707,1.6000609397888184,1.4130647658839282,1.6000609397888184,1.4152078543621953
138.35345196723938,1.6501796245574951,1.4705850677323744,1.6501796245574951,1.4713566034264085
138.40363216400146,1.70035982131958,1.4750563954102662,1.70035982131958,1.5085981224498768
138.45372009277344,1.7504477500915527,1.5285635583235955,1.7504477500915527,1.5833760056750645
138.50353121757507,1.8002588748931885,1.5680865976560403,1.8002588748931885,1.6380765326210263
138.55329513549805,1.850022792816162,1.5892958498006449,1.850022792816162,1.686777344491067
138.60347175598145,1.9001994132995605,1.618534469223215,1.9001994132995605,1.705899693183654
138.65364170074463,1.9503693580627441,1.6590375317154624,1.9503693580627441,1.7520272699400974
138.70334720611572,2.000074863433838,1.6528176505974883,2.000074863433838,1.8620088465372244
138.75334286689758,2.0500705242156982,1.6728933968405233,2.0500705242156982,1.9497048270950144
138.80402970314026,2.100757360458374,1.6809431332919704,2.100757360458374,1.9770108298867735
138.8533275127411,2.150055170059204,1.8887150291613657,2.150055170059204,2.070826532668324
138.90331029891968,2.200037956237793,1.985546469831893,2.200037956237793,2.114070359072608
138.95347714424133,2.2502048015594482,2.0284118128339395,2.2502048015594482,2.089142979336329
139.0035915374756,2.300319194793701,2.073593155891892,2.300319194793701,2.093399823398917
139.0539186000824,2.3506462574005127,2.0902413569752682,2.3506462574005127,2.0856146361916768
139.1037721633911,2.4004998207092285,2.0902413569752682,2.4004998207092285,2.0856146361916768
139.15330815315247,2.450035810470581,2.2270023590701298,2.450035810470581,2.222950048313083
139.2040114402771,2.500739097595215,2.2270023590701298,2.500739097595215,2.222950048313083
139.2534430027008,2.550170660018921,2.283789566846939,2.550170660018921,2.310540809110497
139.3032660484314,2.5999937057495117,2.428865709906346,2.5999937057495117,2.3643664265842737
139.35329508781433,2.6500227451324463,2.504323897006104,2.6500227451324463,2.3488044743003185
139.4033510684967,2.7000787258148193,2.5172328247697315,2.7000787258148193,2.327239732894721
139.45327973365784,2.750007390975952,2.5373198910871517,2.750007390975952,2.399785810198326
139.50330781936646,2.8000354766845703,2.6039552661533127,2.8000354766845703,2.4807871532985946
139.55344343185425,2.8501710891723633,2.644080018022834,2.8501710891723633,2.468057797642328
139.60342621803284,2.900153875350952,2.6810384517976686,2.900153875350952,2.419195682868401
139.65355968475342,2.950287342071533,2.7302561256671805,2.950287342071533,2.427969943665876
139.7035653591156,3.000293016433716,2.8181535596865963,3.000293016433716,2.5561652795732313
139.75332736968994,3.0500550270080566,2.8612552951740433,3.0500550270080566,2.7748196810396735
139.80340123176575,3.1001288890838623,2.8462620903599456,3.1001288890838623,2.870030752059658
139.8536741733551,3.1504018306732178,2.8553626256911873,3.1504018306732178,2.9278356738310096
139.90360856056213,3.200336217880249,2.853287218274441,3.200336217880249,3.018289125490364
139.95341610908508,3.2501437664031982,2.844509257648623,3.2501437664031982,3.006800836275164
140.00349640846252,3.3002240657806396,2.870942863091371,3.3002240657806396,3.018213669031944
140.0534176826477,3.3501453399658203,2.8528457157702656,3.3501453399658203,2.958311986830968
140.10355067253113,3.400278329849243,2.8528457157702656,3.400278329849243,2.958311986830968
140.15364623069763,3.450373888015747,3.1137362103943067,3.450373888015747,3.086991191505888
140.20354175567627,3.5002694129943848,3.1137362103943067,3.5002694129943848,3.086991191505888
140.25340914726257,3.5501368045806885,3.285059041068396,3.5501368045806885,3.0614204180535625
140.3034679889679,3.6001956462860107,3.414816422326126,3.6001956462860107,3.1378221048938135
140.3535737991333,3.650301456451416,3.4380583058820093,3.650301456451416,3.2100366711864554
140.40368056297302,3.7004082202911377,3.4594277210694155,3.7004082202911377,3.30306531820833
140.45344996452332,3.7501776218414307,3.412507503068266,3.7501776218414307,3.291548697355292
140.50362277030945,3.8003504276275635,3.47049110251754,3.8003504276275635,3.2839110356102834
140.553569316864,3.850296974182129,3.7154374947697653,3.850296974182129,3.496675194153247
140.60361671447754,3.9003443717956543,3.7154374947697653,3.9003443717956543,3.496675194153247
140.65329837799072,3.950026035308838,3.726144363796649,3.950026035308838,3.7388237564226365
140.7036633491516,4.000391006469727,3.721506832951046,4.000391006469727,3.7380308430836338
140.75324082374573,4.049968481063843,3.7506224267536075,4.049968481063843,3.7341224086118023
140.8032968044281,4.100024461746216,3.7380985338516357,4.100024461746216,3.7416625022351364
140.8534152507782,4.1501429080963135,3.8013161344180344,4.1501429080963135,3.749232301692711
140.9033362865448,4.200063943862915,3.939039725555536,4.200063943862915,3.8465233232074953
140.95334386825562,4.2500715255737305,3.9585863179541434,4.2500715255737305,3.8920166439590687
141.0033848285675,4.30011248588562,3.927839725968008,4.30011248588562,3.9327997760812465
141.05323672294617,0.0,4.045640399165412,0.0,4.036067316941167
141.1036398410797,0.0,4.045640399165412,0.0,4.036067316941167
141.1533772945404,0.0,1.7894598387618135,0.0,1.6878914318576672
141.20340967178345,0.0,-0.1750373646161819,0.0,-0.16218127910750324
141.25365495681763,0.0,-1.0340176083281707,0.0,-0.8712345961491723
141.30340027809143,0.0,-0.6219942272155656,0.0,-0.5025596644791225
141.3534860610962,0.0,-0.12320214988407517,0.0,-0.14026557196899386
141.4035153388977,0.0,0.10900687581914537,0.0,0.03374420092204525
141.453604221344,0.0,0.09088117269505522,0.0,0.06089118483574244
141.50332856178284,0.0,0.03271722217021988,0.0,0.02561681780366082
141.5534234046936,0.0,0.011778199981279157,0.0,0.009222054409317894
162.45332145690918,0.049688100814819336,1.580521956396959e-210,0.049688100814819336,-1.0328150855639565e-190
162.5035207271576,0.09988737106323242,5.689879043029053e-211,0.09988737106323242,-3.718134308030243e-191
162.55333137512207,0.14969801902770996,3.4139274258174316e-211,0.14969801902770996,-2.2308805848181457e-191
197.55322003364563,0.0,0.030011451333761215,0.0,0.03157340946793556
197.60329413414001,0.0,0.028624081256389617,0.0,0.024434397386312486
197.65327978134155,0.0,0.01505665805068016,0.0,0.0015650954008579257
251.00332522392273,0.0,-0.01663196235895157,0.0,-5e-324
251.0534951686859,0.0,-0.03477359572052956,0.0,-5e-324
251.10351657867432,0.0,-0.03696024719119072,0.0,0.01222087636590004
602.5536267757416,-0.05032491683959961,-5e-324,-0.05032491683959961,-5e-324
602.6036627292633,-0.10036087036132812,-5e-324,-0.10036087036132812,-5e-324
602.6534864902496,-0.15018463134765625,-0.13186769968271256,-0.15018463134765625,-0.16719081234931948
602.7032706737518,0.0,-0.22333608897304535,0.0,-0.2953870170326233
602.7534825801849,0.0,-0.15762081458607674,0.0,-0.27028295331041335
602.8033077716827,0.0,-0.020080864153287505,0.0,-0.07835589042129631
602.853609085083,0.0,0.03343475237493908,0.0,0.02665939546408591
602.9036345481873,0.0,0.012036510854978068,0.0,0.01827492755692841
603.0533013343811,-0.049633026123046875,0.0005615754504498566,-0.049633026123046875,0.001350058610517728
603.1036553382874,-0.09998703002929688,0.00020216716216194834,-0.09998703002929688,0.00048602109978638207
603.1533699035645,-0.14970159530639648,-0.09693914689040764,-0.14970159530639648,-0.14527420684755554
603.2032959461212,-0.19962763786315918,-0.11937789393931597,-0.19962763786315918,-0.24924225682637943
603.253490447998,-0.24982213973999023,-0.12059186109353294,-0.24982213973999023,-0.2972307350920028
603.3036365509033,-0.29996824264526367,-0.13383046373766372,-0.29996824264526367,-0.310366592884769
603.3533265590668,-0.3496582508087158,-0.14948117983707793,-0.3496582508087158,-0.3083610258394811
603.4033029079437,-0.39963459968566895,-0.1699729555929983,-0.39963459968566895,-0.338577432521379
603.4535231590271,-0.44985485076904297,-0.20533392944640938,-0.44985485076904297,-0.38799925497348164
603.5033252239227,-0.49965691566467285,-0.2418926970435632,-0.49965691566467285,-0.42975766665163656
603.553304195404,-0.5496358871459961,-0.30963238441100377,-0.5496358871459961,-0.46818725022263696
603.6033217906952,-0.5996534824371338,-0.3566427458398962,-0.5996534824371338,-0.5038725420925165
603.6533253192902,-0.6496570110321045,-0.4065147398378881,-0.6496570110321045,-0.5436012805137567
603.7035775184631,-0.6999092102050781,-0.4613401910710251,-0.6999092102050781,-0.5890061960446905
603.7537870407104,-0.7501187324523926,-0.5206757101760655,-0.7501187324523926,-0.673149683123714
603.803328037262,-0.7996597290039062,-0.5905703132157213,-0.7996597290039062,-0.7451087324783396
603.8533928394318,-0.849724531173706,-0.6390049323369749,-0.849724531173706,-0.7963800795900294
603.9036576747894,-0.8999893665313721,-0.700647084650863,-0.8999893665313721,-0.8755474532137204
603.9532904624939,-0.9496221542358398,-0.7422157986417302,-0.9496221542358398,-0.9109557000812252
604.0036931037903,-1.0000247955322266,-0.8221073793216307,-1.0000247955322266,-0.9584256742483268
604.053275346756,-1.0496070384979248,-0.9013813906230779,-1.0496070384979248,-1.0479473171395612
604.1036219596863,-1.0999536514282227,-0.9602918424600928,-1.0999536514282227,-1.1415752755795439
604.1534852981567,-1.1498169898986816,-0.9848475789449658,-1.1498169898986816,-1.1855413074682182
604.2032189369202,-1.1995506286621094,-1.0594681501836738,-1.1995506286621094,-1.1920920133555177
604.2534790039062,0.0,-1.12712645055477,0.0,-1.2282448072420684
604.3035373687744,0.0,-1.12712645055477,0.0,-1.2282448072420684
604.3532392978668,0.0,-0.36294844162863976,0.0,-0.37881684908774005
604.4032211303711,0.0,0.2578135586472458,0.0,0.323433820131884
604.4535076618195,0.0,0.2552069356450596,0.0,0.2788302297795293
604.5033514499664,0.0,0.08263451699885696,0.0,0.07173494717435158
604.5532629489899,0.0,-0.011939477880693786,0.0,-0.011111334219135825
613.1534276008606,0.0,0.012582440972328187,0.0,0.0010777511608600614
613.2032358646393,0.0,0.026240153433680538,0.0,0.00023279425074577322
613.2532925605774,0.0,0.035150396819758414,0.0,8.380593026847835e-05
613.3034439086914,0.0,0.04707507300228405,0.0,3.0170134896652206e-05
613.3531832695007,0.0,0.010168215768493355,0.0,6.5167491376768755e-06
619.1032977104187,0.0,-0.011616551760761503,0.0,-0.0014378369573054871
619.2036197185516,0.0,-0.026129448079424245,0.0,-0.009457042324318434
619.2533729076385,0.0,-0.04552171629548925,0.0,-0.021462092730202893
619.3034706115723,0.0,-0.06165676594453165,0.0,-0.0391144907234187
619.3533022403717,0.0,-0.05099681592609739,0.0,-0.021965979550654113
619.4033212661743,0.0,-0.02575083625898214,0.0,-0.007907752638235479
619.4532155990601,0.0,-0.0346142413112597,0.0,-0.00759877974814467
619.5033996105194,0.0,-0.045725050695886955,0.0,-0.010655542039965245
619.5532734394073,0.0,-0.04245413647659675,0.0,-0.047735892973347946
619.6035544872284,0.0,-0.039800996982698636,0.0,-0.07055870887351195
619.6532778739929,0.0,-0.02231170013081252,0.0,-0.03338447641150532
683.6032993793488,0.0,0.023491572554655078,0.0,0.0797787481958862
683.6534399986267,0.0,0.0315602727111866,0.0,0.10202194301182732
683.7033197879791,0.0,0.021340875591398117,0.0,0.1172844447418262
683.7532336711884,0.0,0.04253050369358176,0.0,0.10982380306605788
683.8032648563385,0.0,0.07352284913898509,0.0,0.06448451174813852
683.8532903194427,0.0,0.07359211799731613,0.0,-0.00542951131694909
683.903354883194,0.0,0.06017030191027198,0.0,-0.03790445478498958
683.9531261920929,0.0,0.052353000510794556,0.0,-0.04751677320376878
684.0034520626068,0.0,0.04587437562290587,0.0,-0.057435214555119546
684.053544998169,0.0,0.02752462537374352,0.0,-0.059409073016557144
684.2034604549408,0.0,0.021609683771292482,0.0,-0.017740067603463586
684.2532999515533,0.0,0.011475477420458834,0.0,-0.006386424337246891
698.0534398555756,0.049920082092285156,1.9574796283468871e-140,0.049920082092285156,-4.0350566968357805e-138
698.1037647724152,0.10024499893188477,1.9574796283468871e-140,0.10024499893188477,-4.0350566968357805e-138
698.1536936759949,0.15017390251159668,1.9574796283468871e-140,0.15017390251159668,-4.0350566968357805e-138
698.2032880783081,0.1997683048248291,0.10137576624751092,0.1997683048248291,0.05702386632561684
698.2533438205719,0.24982404708862305,0.2735007170379162,0.24982404708862305,0.17437423498034477
698.3034720420837,0.29995226860046387,0.398248777277708,0.29995226860046387,0.2210366167924404
698.3536880016327,0.35016822814941406,0.4627032180383587,0.35016822814941406,0.24422959643488884
698.4033346176147,0.3998148441314697,0.45572531628082524,0.3998148441314697,0.25081649754547397
698.4536838531494,0.4501640796661377,0.42769319918443083,0.4501640796661377,0.27500167966164346
698.5033876895905,0.49986791610717773,0.42284601234440894,0.49986791610717773,0.33011752183973664
698.5535311698914,0.550011396408081,0.47417182196275554,0.550011396408081,0.3766377120580907
698.6033368110657,0.5998170375823975,0.518975131997214,0.5998170375823975,0.40569263873219374
698.6536018848419,0.6500821113586426,0.5312572693665312,0.6500821113586426,0.412160734573793
698.7031886577606,0.6996688842773438,0.589427758652104,0.6996688842773438,0.4870480406798869
698.7536647319794,0.7501449584960938,0.6171461138957022,0.7501449584960938,0.5340091696447593
698.8034610748291,0.7999413013458252,0.6171461138957022,0.7999413013458252,0.5340091696447593
698.8534171581268,0.8498973846435547,0.7129391494910711,0.8498973846435547,0.6610282084459278
698.9035460948944,0.9000263214111328,0.7129391494910711,0.9000263214111328,0.6610282084459278
698.9535307884216,0.9500110149383545,0.8320831156325633,0.9500110149383545,0.8042342717028064
699.0033004283905,0.9997806549072266,0.8916290804600016,0.9997806549072266,0.9037553646354379
699.0534701347351,1.049950361251831,0.9244374396153199,1.049950361251831,0.9501352040119827
699.1032512187958,1.0997314453125,0.9394071636825051,1.0997314453125,0.9601727722220847
699.1534490585327,1.1499292850494385,0.9926181032024353,1.1499292850494385,1.0145563124942742
699.203182220459,1.199662446975708,1.0532411993595665,1.199662446975708,1.1222413958405295
699.2532794475555,1.2497596740722656,1.101210927762486,1.2497596740722656,1.1933019369111602
699.3034856319427,1.2999658584594727,1.101210927762486,1.2999658584594727,1.1933019369111602
699.3533630371094,1.3498432636260986,1.1708116553618586,1.3498432636260986,1.3009134014368944
699.4035630226135,1.400043249130249,1.2435265831984204,1.400043249130249,1.3842824051840021
699.4533038139343,1.4497840404510498,1.2716747779668731,1.4497840404510498,1.432262483241424
699.5033955574036,1.499875783920288,1.3090287539608967,1.499875783920288,1.426756714464044
699.5534670352936,1.5499472618103027,1.310451587197102,1.5499472618103027,1.4032047276547486
699.6033294200897,1.5998096466064453,1.3377140016892493,1.5998096466064453,1.4452327708331547
699.6533033847809,1.6497836112976074,1.3649511021926024,1.6497836112976074,1.4480580027077603
699.7032144069672,1.6996946334838867,1.4485758131575255,1.6996946334838867,1.4650427937902597
699.7534096240997,1.749889850616455,1.5312849278151393,1.749889850616455,1.4991971173428627
699.8034300804138,1.799910306930542,1.6111627338492656,1.799910306930542,1.5204801530316994
699.8532204627991,1.849700689315796,1.7101688148104526,1.849700689315796,1.6533257754709236
699.9036679267883,1.9001481533050537,1.7101688148104526,1.9001481533050537,1.6533257754709236
699.9535436630249,1.950023889541626,1.6446994859510093,1.950023889541626,1.6986188297203921
700.0034878253937,1.9999680519104004,1.63209557241917,1.9999680519104004,1.6809379317068485
700.0536518096924,2.0501320362091064,1.6528517944021246,2.0501320362091064,1.698789194685425
700.1033325195312,2.0998127460479736,1.8559679330086167,2.0998127460479736,1.6918543933748225
700.1532769203186,2.149757146835327,1.9465415575753018,2.149757146835327,1.7627209267229684
700.2034044265747,2.1998846530914307,2.023574446391476,2.1998846530914307,1.8818320265249318
700.2535400390625,0.0,2.0191269975011634,0.0,1.9814052855075328
700.3033809661865,0.0,1.7426116017101903,0.0,1.81524753684022
700.3532724380493,0.0,0.49151249005253417,0.0,0.5573933378966497
700.4034953117371,0.0,-0.2825512268286158,0.0,-0.25384454764919834
700.4535093307495,0.0,-0.42344568889646084,0.0,-0.4410952204632665
700.5033202171326,0.0,-0.08045549455088974,0.0,-0.11357172523143566
700.553608417511,0.0,0.08156297172497774,0.0,0.06964112569974897
700.6032176017761,0.0,0.049550967476015,0.0,0.03728179156798919
700.6533389091492,0.0,0.017838348291365397,0.0,0.008431856256790637
706.3532252311707,0.0,0.017899158746004104,0.0,-1.6577550313554883e-60
706.403352022171,0.0,0.011195685946941376,0.0,-5.9679181128797576e-61
708.2533740997314,0.0,0.014462575316429138,0.0,-1.2625015160369184e-14
709.8033890724182,0.0,-0.010977094280719753,0.0,0.0012603173414471578
768.8532783985138,0.0497896671295166,-5e-324,0.0497896671295166,5e-324
768.9035530090332,0.10006427764892578,0.007919981330633164,0.10006427764892578,0.03167992532253266
768.9536399841309,0.15015125274658203,0.10995036813616754,0.15015125274658203,0.19408992540836334
769.0033135414124,0.19982481002807617,0.15034082554626466,0.19982481002807617,0.35100863421154027
769.053389787674,0.24990105628967285,0.15830645211761474,0.24990105628967285,0.34380260244915006
769.103423833847,0.29993510246276855,0.17060605853161318,0.29993510246276855,0.30088853109804076
769.1532180309296,0.3497292995452881,0.20843426395040748,0.3497292995452881,0.21777446187623634
769.2036912441254,0.40020251274108887,0.25395592722385646,0.40020251274108887,0.21541448754222975
769.2536289691925,0.45014023780822754,0.28542925818615866,0.45014023780822754,0.2124085058102118
769.3034470081329,0.4999582767486572,0.3491480552279195,0.4999582767486572,0.26019493940821165
769.3535947799683,0.5501060485839844,0.40843664418899683,0.5501060485839844,0.3324576182485254
769.4033496379852,0.5998609066009521,0.4709158161404593,0.5998609066009521,0.44278279798003595
769.4533231258392,0.649834394454956,0.5184984810038638,0.649834394454956,0.5360401315335246
769.503616809845,0.7001280784606934,0.5328585748007435,0.7001280784606934,0.559223523309458
769.5532999038696,0.7498111724853516,0.6136162393052695,0.7498111724853516,0.6132948986311291
769.6033232212067,0.7998344898223877,0.6568968360218759,0.7998344898223877,0.5880753085000349
769.6534538269043,0.8499650955200195,0.7127617525312908,0.8499650955200195,0.5914342362278593
769.7034597396851,0.8999710083007812,0.7206963734181886,0.8999710083007812,0.5845400070305998
769.7534599304199,0.9499711990356445,0.736761597502905,0.9499711990356445,0.6734893146213174
769.8036608695984,1.0001721382141113,0.736761597502905,1.0001721382141113,0.6734893146213174
769.8534646034241,1.049975872039795,0.9190214906793992,1.049975872039795,0.8031143295250449
769.9032752513885,1.0997865200042725,1.0339082896994578,1.0997865200042725,0.8085760086234546
769.9534895420074,1.150000810623169,1.0720453627212176,1.150000810623169,0.8323820999666263
770.0034623146057,1.1999735832214355,1.1065538776148556,1.1999735832214355,0.9047585477139071
770.0535266399384,1.2500379085540771,1.1617847032152127,1.2500379085540771,0.95370670377155
770.103734254837,1.3002455234527588,1.2131888373404087,1.3002455234527588,0.9854094915319582
770.1532673835754,1.349778652191162,1.2312171806231502,1.349778652191162,1.0776833319447912
770.2033843994141,1.3998956680297852,1.2964361792565118,1.3998956680297852,1.1398602589529445
770.2535190582275,1.4500303268432617,1.3464289433632157,1.4500303268432617,1.1035460805140147
770.3035323619843,1.5000436305999756,1.3896182510926913,1.5000436305999756,1.1680819621768788
770.3533291816711,1.5498404502868652,1.4900843553616316,1.5498404502868652,1.234253796290838
770.4034371376038,1.5999484062194824,1.525578460200085,1.5999484062194824,1.2679158231084884
770.4532253742218,1.6497366428375244,1.4673958771212359,1.6497366428375244,1.3753232441525174
770.5035548210144,1.700066089630127,1.4744592625898167,1.700066089630127,1.3930356698816007
770.5535247325897,1.7500360012054443,1.4912350887895363,1.7500360012054443,1.446610610398709
770.6034834384918,1.799994707107544,1.5775302379670406,1.799994707107544,1.4990415480302783
770.6532716751099,1.849782943725586,1.5984792355634785,1.849782943725586,1.4560731486299114
770.7037403583527,1.9002516269683838,1.5984792355634785,1.9002516269683838,1.4560731486299114
770.7533524036407,1.9498636722564697,1.5907396074229845,1.9498636722564697,1.4312592145762915
770.8035504817963,2.0000617504119873,1.5907396074229845,2.0000617504119873,1.4312592145762915
770.853387594223,2.049898862838745,1.7469675622437228,2.049898862838745,1.5311834869947318
770.903317451477,2.0998287200927734,1.8711327150785553,2.0998287200927734,1.5676387436950123
770.953283071518,2.149794340133667,1.9565368593450887,2.149794340133667,1.615943518439433
771.0034575462341,2.1999688148498535,2.0234621942299547,2.1999688148498535,1.6915450980041626
771.0532677173615,0.0,2.038171337180904,0.0,1.8090279922675319
771.1035358905792,0.0,1.8730310128212826,0.0,1.6657997092887604
771.1532988548279,0.0,0.6333509514122315,0.0,0.48326416508978043
771.2034854888916,0.0,-0.2566965354899487,0.0,-0.31267177451863737
771.2533965110779,0.0,-0.47827224016499237,0.0,-0.46991139908748214
771.3032970428467,0.0,-0.24320097534768004,0.0,-0.20320262078088763
771.3532567024231,0.0,0.06064513047451737,0.0,0.08319225702934739
771.403599023819,0.0,0.08836009506552803,0.0,0.07152911708683948
771.4535365104675,0.0,0.08836009506552803,0.0,0.07152911708683948
771.5035419464111,0.0,0.01145146832049243,0.0,0.007888441378838628
841.7536058425903,-0.050049781799316406,5e-324,-0.050049781799316406,5e-324
841.8032748699188,-0.09971880912780762,-0.03326392471790314,-0.09971880912780762,-0.01663196235895157
841.8536560535431,-0.1500999927520752,-0.18878000247478485,-0.1500999927520752,-0.15748298817873002
841.9035506248474,-0.19999456405639648,-0.2605077490854263,-0.19999456405639648,-0.2786665915989876
841.95352602005,-0.2499699592590332,-0.23317446466617586,-0.2499699592590332,-0.28406354878702167
842.0033571720123,-0.2998011112213135,-0.19688603971171265,-0.2998011112213135,-0.23947880765181198
842.053642988205,-0.35008692741394043,-0.22373461971438366,-0.35008692741394043,-0.27026055729525594
842.1034500598907,-0.39989399909973145,-0.26525220841082253,-0.39989399909973145,-0.29398481539298527
842.1532206535339,-0.4496645927429199,-0.33271976795892977,-0.4496645927429199,-0.3099863964134896
842.2036983966827,-0.5001423358917236,-0.39420647676146414,-0.5001423358917236,-0.3184099270515839
842.2533149719238,-0.5497589111328125,-0.43921825500258105,-0.5497589111328125,-0.3730626645188284
842.3034429550171,-0.5998868942260742,-0.4721630533168136,-0.5998868942260742,-0.4316117862165243
842.353376865387,-0.6498208045959473,-0.5008267958031685,-0.6498208045959473,-0.4684449302899934
842.4033005237579,-0.699744462966919,-0.5697155275144561,-0.699744462966919,-0.5490828340285608
842.4536185264587,-0.7500624656677246,-0.5697155275144561,-0.7500624656677246,-0.5490828340285608
842.5034108161926,-0.7998547554016113,-0.6857329561764509,-0.7998547554016113,-0.6374787562350783
842.5533409118652,-0.8497848510742188,-0.791109941458918,-0.8497848510742188,-0.661768518112524
842.6032984256744,-0.8997423648834229,-0.8253383333884062,-0.8997423648834229,-0.7039315851530159
842.6534805297852,-0.9499244689941406,-0.8508318124557394,-0.9499244689941406,-0.7761341626167557
842.7033755779266,-0.9998195171356201,-0.8967340728644678,-0.9998195171356201,-0.8457265720863436
842.753645658493,-1.0500895977020264,-0.9500661518932871,-1.0500895977020264,-0.9027783164775118
842.8033006191254,-1.0997445583343506,-1.0671300593396507,-1.0997445583343506,-0.9843530278314631
842.8532364368439,-1.1496803760528564,-1.1338844908492738,-1.1496803760528564,-1.0522697742310576
842.903876543045,-1.2003204822540283,-1.215987981603033,-1.2003204822540283,-1.1525025286191624
842.9535517692566,-1.2499957084655762,-1.2863472728415082,-1.2499957084655762,-1.2002187461106988
843.0032732486725,-1.2997171878814697,-1.341806984966412,-1.2997171878814697,-1.2230208739202861
843.0535683631897,-1.3500123023986816,-1.353284312614947,-1.3500123023986816,-1.1929612454615226
843.1033935546875,-1.3998374938964844,-1.3248215832701289,-1.3998374938964844,-1.1664500119008534
843.1536288261414,-1.4500727653503418,-1.262417952479993,-1.4500727653503418,-1.2258161359447688
843.203456401825,-1.4999003410339355,-1.2550463009817867,-1.4999003410339355,-1.2518488092452924
843.2532074451447,-1.5496513843536377,-1.37312377061961,-1.5496513843536377,-1.3571316864706893
843.3033657073975,-1.5998096466064453,-1.441554309963648,-1.5998096466064453,-1.4405491852742847
843.3534464836121,-1.649890422821045,-1.4811546380661003,-1.649890422821045,-1.4852762307160765
843.4032874107361,-1.6997313499450684,-1.510278904385754,-1.6997313499450684,-1.543268813059099
843.453394651413,-1.7498385906219482,-1.5128901924898823,-1.7498385906219482,-1.598098330509198
843.5035011768341,-1.7999451160430908,-1.5579608056382155,-1.7999451160430908,-1.6347713134806867
843.5535795688629,-1.8500235080718994,-1.6039457526243621,-1.8500235080718994,-1.6415766976638384
843.6036207675934,-1.9000647068023682,-1.7665683437774944,-1.9000647068023682,-1.6884479935676424
843.6533954143524,-1.9498393535614014,-1.8347054723283185,-1.9498393535614014,-1.7034846216098274
843.703595161438,-2.0000391006469727,-1.8658935548889954,-2.0000391006469727,-1.7123172086272123
843.7534189224243,-2.049862861633301,-1.8926205742317554,-2.049862861633301,-1.7697734742549451
843.8033401966095,-2.0997841358184814,-1.9893413643160418,-2.0997841358184814,-1.8688357839171563
843.8533186912537,-2.1497626304626465,-2.050283841852628,-2.1497626304626465,-1.9023580373233966
843.9036796092987,-2.2001235485076904,-2.077608354427983,-2.2001235485076904,-1.9175730121675976
843.9532113075256,-2.249655246734619,-2.019742092912394,-2.249655246734619,-1.9933548404973431
844.0032782554626,-2.299722194671631,-2.035092130216956,-2.299722194671631,-2.0564806807351714
844.053468465805,-2.349912405014038,-2.1020943885730503,-2.349912405014038,-2.063658659993861
844.1032934188843,-2.3997373580932617,-2.1963217093734295,-2.3997373580932617,-2.1577018448842358
844.1533997058868,-2.449843645095825,-2.231003783971847,-2.449843645095825,-2.2171005373883053
844.204160451889,-2.5006043910980225,-2.2474465451827457,-2.5006043910980225,-2.2524205100186276
844.2534711360931,-2.549915075302124,-2.2802965098210866,-2.549915075302124,-2.2849383277290203
844.3033018112183,-2.599745750427246,-2.38359804316115,-2.599745750427246,-2.3197835753043607
844.3533256053925,0.0,-2.443147566427296,0.0,-2.3510065151338617
844.4034810066223,0.0,-2.454714150372567,0.0,-2.4167913558394254
844.4532968997955,0.0,-0.7265009942124079,0.0,-0.7850677951831694
844.5033867359161,0.0,0.2908783675741033,0.0,0.12842263515022728
844.5533411502838,0.04995441436767578,0.4328100534025744,0.04995441436767578,0.1848662602373147
844.6032273769379,0.09984064102172852,0.146043969907034,0.09984064102172852,0.043257505398306015
844.6532762050629,0.14988946914672852,0.10247171624338694,0.14988946914672852,0.14862839604663114
844.7034373283386,0.20005059242248535,0.10247171624338694,0.20005059242248535,0.14862839604663114
844.7535717487335,0.2501850128173828,0.10247171624338694,0.2501850128173828,0.14862839604663114
844.8035056591034,0.30011892318725586,0.2760642736254352,0.30011892318725586,0.21455660248133676
844.8534064292908,0.3500196933746338,0.31559863814466776,0.3500196933746338,0.25068798584103513
844.9032828807831,0.39989614486694336,0.3243563444992977,0.39989614486694336,0.2986749938252543
844.9534554481506,0.45006871223449707,0.34455384272030865,0.45006871223449707,0.3143378221198192
845.0033864974976,0.4999997615814209,0.39015076324114273,0.4999997615814209,0.37652510845199594
845.0532383918762,0.549851655960083,0.4707993530947975,0.549851655960083,0.4678562116603418
845.1035766601562,0.6001899242401123,0.5437069033522253,0.6001899242401123,0.49987947578359954
845.1533718109131,0.6499850749969482,0.5710624204256121,0.6499850749969482,0.5364349757497167
845.203328371048,0.6999416351318359,0.6047495465103858,0.6999416351318359,0.6128817012857671
845.2533433437347,0.7499566078186035,0.6766769670143525,0.7499566078186035,0.7349346320594823
845.3034393787384,0.8000526428222656,0.7508785193930196,0.8000526428222656,0.8051152172362379
845.3535645008087,0.8501777648925781,0.7792664575256156,0.8501777648925781,0.8064679506781902
845.4034507274628,0.9000639915466309,0.8007754137877433,0.9000639915466309,0.8105679513226702
845.453503370285,0.9501166343688965,0.8378114623104504,0.9501166343688965,0.8251976070837052
845.5035955905914,1.000208854675293,0.8596144147732844,1.000208854675293,0.8431538688434078
845.5533759593964,1.0499892234802246,0.9340808669380448,1.0499892234802246,0.909542311491099
845.6033334732056,1.0999467372894287,0.9636636690969027,1.0999467372894287,0.9594497546892857
845.6533818244934,1.1499950885772705,0.9824182599785837,1.1499950885772705,0.9858908318999348
845.7033817768097,1.1999950408935547,1.0096430400611012,1.1999950408935547,1.03425709951602
845.7535455226898,1.2501587867736816,1.0299008619547516,1.2501587867736816,1.044669273785845
845.8036794662476,1.300292730331421,1.0299008619547516,1.300292730331421,1.044669273785845
845.8533270359039,1.349940299987793,1.1866133534968917,1.349940299987793,1.1461148592681845
845.9034819602966,1.4000952243804932,1.1866133534968917,1.4000952243804932,1.1461148592681845
845.9533824920654,1.449995756149292,1.2592947498081433,1.449995756149292,1.2313968970236688
846.0033013820648,1.4999146461486816,1.3002244571115131,1.4999146461486816,1.3128407976739827
846.0532338619232,1.54984712600708,1.350854160997828,1.54984712600708,1.3477197235243281
846.1040923595428,1.600705623626709,1.4083913335610245,1.600705623626709,1.383899007275704
846.1535394191742,1.6501526832580566,1.4853640044716174,1.6501526832580566,1.4473768737441315
846.2032604217529,1.699873685836792,1.5278200645563236,1.699873685836792,1.5641884870498994
846.2532775402069,1.7498908042907715,1.5389991643184626,1.7498908042907715,1.5878901171864137
846.3035342693329,1.800147533416748,1.5596225467498614,1.800147533416748,1.5994233305995846
846.3534679412842,1.850081205368042,1.581311371583063,1.850081205368042,1.6056187921432916
846.403308391571,1.8999216556549072,1.6954049272519316,1.8999216556549072,1.6655618948054656
846.4533371925354,1.9499504566192627,1.7569531966393699,1.9499504566192627,1.7052951169840935
846.5038921833038,2.0005054473876953,1.8504585827283446,2.0005054473876953,1.738268152934281
846.5533106327057,2.049923896789551,1.8890454723200458,2.049923896789551,1.7521299276573543
846.6033251285553,2.09993839263916,1.9796819095226557,2.09993839263916,1.7975382752046771
846.6536722183228,2.150285482406616,1.9796819095226557,2.150285482406616,1.7975382752046771
846.7040724754333,2.200685739517212,1.9796819095226557,2.200685739517212,1.7975382752046771
846.7533831596375,2.2499964237213135,2.082085576920933,2.2499964237213135,1.965335472425054
846.8033583164215,2.299971580505371,2.0486780860194775,2.299971580505371,2.0476723661423555
846.8532819747925,2.3498952388763428,2.093179866131599,2.3498952388763428,2.1510091604080377
846.9034128189087,2.4000260829925537,2.109049612685366,2.4000260829925537,2.1821400921804877
846.9535326957703,2.450145959854126,2.0903209737793174,2.450145959854126,2.1310960889314354
847.0033445358276,2.499957799911499,2.100381999916633,2.499957799911499,2.0989218678637056
847.053299665451,2.549912929534912,2.2333023478355694,2.549912929534912,2.1697855442501863
847.1037487983704,2.6003620624542236,2.355513274542094,2.6003620624542236,2.2162234848643934
847.1534032821655,2.6500165462493896,2.425438516094065,2.6500165462493896,2.205049011680088
847.2032916545868,2.6999049186706543,2.5796051725097655,2.6999049186706543,2.318113985112987
847.2534251213074,2.7500383853912354,2.64590785638147,2.7500383853912354,2.4228733333772476
847.3034069538116,2.800020217895508,2.61025647307272,2.800020217895508,2.4121446783361216
847.3534393310547,2.85005259513855,2.590739922469265,2.85005259513855,2.4244005361205594
847.4032011032104,2.8998143672943115,2.600341449992863,2.8998143672943115,2.3774689510132223
847.4533970355988,2.950010299682617,2.6907948484958437,2.950010299682617,2.4400831201552875
847.5035846233368,3.0001978874206543,2.7591807400324786,3.0001978874206543,2.528192572792036
847.5533335208893,3.0499467849731445,2.783086021414398,3.0499467849731445,2.5884945143937337
847.6034269332886,3.1000401973724365,2.800824999613165,3.1000401973724365,2.609226307253794
847.6534271240234,3.1500403881073,2.8196012525134897,3.1500403881073,2.6834398061949445
847.7035667896271,3.2001800537109375,2.890852454246531,3.2001800537109375,2.778199041518632
847.7534275054932,3.2500407695770264,2.9351596365957677,3.2500407695770264,2.7778913800596223
847.8033514022827,3.299964666366577,2.9752289492243067,3.299964666366577,2.7727602854179754
847.8532469272614,3.349860191345215,3.160938177602551,3.349860191345215,2.7835385433386803
847.9033479690552,3.399961233139038,3.178917072092436,3.399961233139038,2.8280256997901576
847.9533731937408,3.449986457824707,3.1441710598021535,3.449986457824707,2.881282105852069
848.0032198429108,3.499833106994629,3.1498316284674357,3.499833106994629,3.0550499852485684
848.0535032749176,3.550116539001465,3.194494768023179,3.550116539001465,3.169050868606111
848.1035287380219,3.600142002105713,3.1911212792538475,3.600142002105713,3.1674989376982
848.1533727645874,3.6499860286712646,3.329092775618758,3.6499860286712646,3.1325346804396617
848.2033677101135,3.6999809741973877,3.4120363073953603,3.6999809741973877,3.1008679929996603
848.2534699440002,3.7500832080841064,3.4247849825885988,3.7500832080841064,3.14024658430666
848.3031799793243,3.799793243408203,3.489016766535768,3.799793243408203,3.2625674950746184
848.3533070087433,3.8499202728271484,3.5451101762727006,3.8499202728271484,3.361627235925227
848.4033513069153,3.8999645709991455,3.5260322583678403,3.8999645709991455,3.4407876878676515
848.453545331955,3.9501585960388184,3.4749142918454305,3.9501585960388184,3.405797138799347
848.5033757686615,3.9999890327453613,3.494573705056191,3.9999890327453613,3.4644965499616163
848.5533595085144,4.049972772598267,3.6101385805578996,4.049972772598267,3.619934402822608
848.6033611297607,4.0999743938446045,3.6389991684045304,4.0999743938446045,3.703296242804225
848.6536934375763,4.150306701660156,3.6620676509124963,4.150306701660156,3.730668336862646
848.7032327651978,4.199846029281616,3.8087096346002736,4.199846029281616,3.6705134133441186
848.7532696723938,4.249882936477661,3.9075095605581494,4.249882936477661,3.6902512438276864
848.8034107685089,4.300024032592773,3.868306110563141,4.300024032592773,3.7501762578670785
848.8534829616547,4.350096225738525,3.822638532017086,4.350096225738525,3.783279738537715
848.9038548469543,4.400468111038208,3.909965226827054,4.400468111038208,3.885816898958294
848.9537622928619,4.450375556945801,4.066258612346694,4.450375556945801,4.035524236277286
849.0034849643707,4.50009822845459,4.1588507162590185,4.50009822845459,4.090349159401254
849.0534121990204,4.550025463104248,4.230926206125952,4.550025463104248,4.148608213101004
849.1033766269684,4.599989891052246,4.241602945655041,4.599989891052246,4.191698914740266
849.1535956859589,4.650208950042725,4.241602945655041,4.650208950042725,4.191698914740266
849.2034723758698,4.700085639953613,4.246664219021297,4.700085639953613,4.236204994017086
849.2531986236572,4.749811887741089,4.210215084940803,4.749811887741089,4.214150645986743
849.3037614822388,4.800000000000001,4.298638455816726,4.800000000000001,4.203517591472464
849.3534729480743,4.800000000000001,4.398661863594754,4.800000000000001,4.22051584083414
849.4034206867218,4.800000000000001,4.6471254295549995,4.800000000000001,4.4349685693689915
849.4536664485931,4.800000000000001,4.700950733807218,4.800000000000001,4.490496789509578
849.5037457942963,4.800000000000001,4.6301861190015625,4.800000000000001,4.484586901986848
849.5539426803589,4.800000000000001,4.527002310152574,4.800000000000001,4.388693113633722
849.603613615036,4.800000000000001,4.514415770314594,4.800000000000001,4.36134797793939
849.6536321640015,4.800000000000001,4.546481150116003,4.800000000000001,4.3881128219504015
849.703287601471,4.800000000000001,4.59283272399229,4.800000000000001,4.311851699099039
849.7533185482025,0.0,4.641880950833757,0.0,4.419768004040156
849.8033351898193,0.0,4.548303113522076,0.0,4.403674159677112
849.8532738685608,0.0,2.8915368292839325,0.0,2.8146203163497274
849.9032392501831,0.0,-0.633279559690955,0.0,-0.5934398717186604
849.9536056518555,0.0,-1.2401543036744127,0.0,-1.0927562789858016
850.0037627220154,0.0,-0.686172733031933,0.0,-0.5031632128980386
850.0532019138336,0.0,0.1666169400475259,0.0,0.15689078857269373
850.1033926010132,0.0,0.27619759328824883,0.0,0.18651238223230776
850.1535177230835,0.0,0.09046433822868802,0.0,0.03821930697077251
850.2032957077026,0.0,-0.06340257481121378,0.0,-0.08563566706904802
850.2534544467926,0.0,-0.031896906156718814,0.0,-0.05728877977369677
850.3035414218903,0.0,-0.011482886216418771,0.0,-0.02561354942621631
851.653422832489,0.05005955696105957,-2.0203591796285213e-16,0.05005955696105957,-4.746743674658206e-13
851.7032821178436,0.09991884231567383,0.023759943991899447,0.09991884231567383,0.023759943991796963
851.7532804012299,0.1499171257019043,0.1743187973797321,0.1499171257019043,0.10977094852920656
851.8033740520477,0.2000107765197754,0.2334591771328449,0.2000107765197754,0.19268279338120087
851.8532721996307,0.2499089241027832,0.15053575075024603,0.2499089241027832,0.24266030280665107
851.9035472869873,0.3001840114593506,0.15053575075024603,0.3001840114593506,0.24266030280665107
851.9532904624939,0.3499271869659424,0.05282170321436236,0.3499271869659424,0.3004766443192787
852.0034234523773,0.40006017684936523,0.05082245825251881,0.40006017684936523,0.32264468674611424
852.0534086227417,0.4500453472137451,0.13638301101394038,0.4500453472137451,0.33463557474524275
852.1035060882568,0.5001428127288818,0.1768695825759622,0.5001428127288818,0.34334100879854257
852.1535506248474,0.550187349319458,0.1768695825759622,0.550187349319458,0.34334100879854257
852.2033746242523,0.6000113487243652,0.36530997101602636,0.6000113487243652,0.5196293563417878
852.2533667087555,0.6500034332275391,0.3786150154261745,0.6500034332275391,0.5730336643733603
852.303811788559,0.7004485130310059,0.3626688833280428,0.7004485130310059,0.6030831958345659
852.3534381389618,0.7500748634338379,0.33098389795350125,0.7500748634338379,0.5802397267327996
852.4033143520355,0.7999510765075684,0.3723560193452612,0.7999510765075684,0.5961734009852275
852.453596830368,0.8502335548400879,0.3723560193452612,0.8502335548400879,0.5961734009852275
852.5033173561096,0.899954080581665,0.570792029739489,0.899954080581665,0.7099451940201466
852.5532343387604,0.9498710632324219,0.6545480908540736,0.9498710632324219,0.7921590180734186
852.6033873558044,1.0000240802764893,0.6854922659964985,1.0000240802764893,0.8807598461463233
852.6535589694977,1.0501956939697266,0.703702555457531,1.0501956939697266,0.9673832217366998
852.7039322853088,1.1005690097808838,0.8084711803731444,1.1005690097808838,0.9922092710390176
852.7532708644867,1.1499075889587402,0.9011636819983884,1.1499075889587402,1.0171019609375411
852.8033270835876,1.1999638080596924,0.9880341832594406,1.1999638080596924,1.0583789363719327
852.8534646034241,1.2501013278961182,1.0412906889232276,1.2501013278961182,1.1399400454241264
852.9034695625305,1.3001062870025635,1.10772693458005,1.3001062870025635,1.217688506417688
852.9532432556152,1.3498799800872803,1.214535538369474,1.3498799800872803,1.2938855235614526
853.0033624172211,1.3999991416931152,1.2605149021198954,1.3999991416931152,1.3694687084497743
853.0535340309143,1.4501707553863525,1.3023178078097322,1.4501707553863525,1.4269689677765989
853.1037731170654,1.5004098415374756,1.3048156973749636,1.5004098415374756,1.3714036055266838
853.1533207893372,1.549957513809204,1.3221991232763615,1.549957513809204,1.426885711235761
853.203387260437,1.6000239849090576,1.3916735472106057,1.6000239849090576,1.5162165118752573
853.2535290718079,1.6501657962799072,1.4431922896560354,1.6501657962799072,1.594083493477058
853.3036577701569,1.7002944946289062,1.4423489164301033,1.7002944946289062,1.6240596147272413
853.3532650470734,1.7499017715454102,1.5176232488605845,1.7499017715454102,1.6450643938709277
853.4032607078552,1.7998974323272705,1.5913687359685946,1.7998974323272705,1.6942025519107216
853.4535658359528,1.8502025604248047,1.5913687359685946,1.8502025604248047,1.6942025519107216
853.5034918785095,1.9001286029815674,1.7261175564325675,1.9001286029815674,1.7424373732618093
853.5534675121307,1.9501042366027832,1.7977590252460753,1.9501042366027832,1.7612101558673487
853.6033315658569,1.9999682903289795,1.7971745713771001,1.9999682903289795,1.8489608689723531
853.653546333313,2.050183057785034,1.770564217003129,2.050183057785034,1.952754914447479
853.7035388946533,2.100175619125366,1.8380723304624351,2.100175619125366,1.9860288261240049
853.7532284259796,2.14986515045166,1.9107960976688263,2.14986515045166,1.8102270107979486
853.8033199310303,2.1999566555023193,2.0105235094140124,2.1999566555023193,1.8410649588649837
853.8535733222961,2.2502100467681885,2.0105235094140124,2.2502100467681885,1.8410649588649837
853.9033169746399,2.2999536991119385,2.095373235552966,2.2999536991119385,1.9876469329145072
853.9533808231354,2.350017547607422,2.1220859065112228,2.350017547607422,2.032502243229539
854.0034558773041,2.400092601776123,2.098345333028104,2.400092601776123,2.166241787523725
854.053300857544,2.449937582015991,2.0846004095839117,2.449937582015991,2.2834847660984106
854.1035554409027,2.500192165374756,2.1522929051101203,2.500192165374756,2.360114942507464
854.1533448696136,2.5499815940856934,2.2564129225699903,2.5499815940856934,2.4128391065060564
854.2032232284546,2.5998599529266357,2.3648010276093463,2.5998599529266357,2.3701484152334578
854.2534952163696,2.650131940841675,2.3795405262351412,2.650131940841675,2.3288493042704217
854.3033032417297,2.6999399662017822,2.4302029717078346,2.6999399662017822,2.393474107462767
854.3534243106842,0.0,2.488483203939577,0.0,2.4512942905945554
854.4034557342529,0.0,2.5608412027926373,0.0,2.5374740031620138
854.4532670974731,0.0,0.8368230426434041,0.0,0.903983237756115
854.5034823417664,0.0,-0.3051450169996014,0.0,-0.0511136523200911
854.5537996292114,0.0,-0.5193496853202197,0.0,-0.169224912392396
854.6034078598022,0.0,-0.29143924421392486,0.0,-0.11315764989279448
854.7033567428589,0.0,0.11044255066478605,0.0,0.013435624980004869
854.7533609867096,0.0,0.04715130076491005,0.0,0.012228807518388833
856.2533218860626,0.04983377456665039,9.54624120515203e-18,0.04983377456665039,1.6730845353239108e-17
856.3034310340881,0.09994292259216309,9.54624120515203e-18,0.09994292259216309,1.6730845353239108e-17
856.3532390594482,0.1497509479522705,0.18247637939453126,0.1497509479522705,0.16980440509319306
856.403459072113,0.19997096061706543,0.24412551398277282,0.19997096061706543,0.24444230849742893
856.4536156654358,0.25012755393981934,0.24412551398277282,0.25012755393981934,0.24444230849742893
856.50346326828,0.2999751567840576,0.34205442493583676,0.2999751567840576,0.3831051453252029
856.5535202026367,0.35003209114074707,0.34205442493583676,0.35003209114074707,0.3831051453252029
856.6034164428711,0.39992833137512207,0.3526828918252897,0.39992833137512207,0.42208631784517775
856.6533596515656,0.4498715400695801,0.3450100784314885,0.4498715400695801,0.41527387894563506
856.7031955718994,0.4997074604034424,0.4201343435843442,0.4997074604034424,0.4581354841175923
856.7533361911774,0.5498480796813965,0.454962460236537,0.5498480796813965,0.5069686729162901
856.8036184310913,0.6001303195953369,0.454962460236537,0.6001303195953369,0.5069686729162901
856.8536183834076,0.6501302719116211,0.454962460236537,0.6501302719116211,0.5069686729162901
856.9033634662628,0.6998753547668457,0.5286628564557836,0.6998753547668457,0.6072275386461684
856.9533748626709,0.7498867511749268,0.636745451893691,0.7498867511749268,0.6857520653951859
857.00324177742,0.7997536659240723,0.6978695055268826,0.7997536659240723,0.745306863098694
857.0533962249756,0.8499081134796143,0.73129190899453,0.8499081134796143,0.7914612676057886
857.1035022735596,0.9000141620635986,0.7475547405392698,0.9000141620635986,0.8243801016337993
857.1534988880157,0.9500107765197754,0.7657756619087734,0.9500107765197754,0.8531799346945521
857.2033143043518,0.999826192855835,0.7977071945950672,0.999826192855835,0.9230785748402514
857.2533719539642,1.0498838424682617,0.8193973640830023,1.0498838424682617,0.9641788308992469
857.3033826351166,1.0998945236206055,0.8992776634775652,1.0998945236206055,1.0511907352867538
857.3534111976624,1.1499230861663818,0.9615395437174934,1.1499230861663818,1.1360609870146328
857.4032502174377,1.1997621059417725,1.0598403466569069,1.1997621059417725,1.2436764694903266
857.4532768726349,1.249788761138916,1.140564779740334,1.249788761138916,1.2967095777149429
857.5033414363861,1.2998533248901367,1.2144814325458146,1.2998533248901367,1.3215134717734611
857.5535950660706,1.350106954574585,1.2475307080657365,1.350106954574585,1.3220121065752015
857.6034834384918,1.3999953269958496,1.330427397827148,1.3999953269958496,1.3569697132105512
857.6534101963043,1.4499220848083496,1.3517358647131346,1.4499220848083496,1.35495507682782
857.7032477855682,1.4997596740722656,1.3483189420584472,1.4997596740722656,1.3415578173354445
857.7534804344177,1.549992322921753,1.3317101762702246,1.549992322921753,1.327653477594565
857.8032655715942,1.5997774600982666,1.2927962105133335,1.5997774600982666,1.3008541362297008
857.8533537387848,1.6498656272888184,1.2667165732776047,1.6498656272888184,1.295311265993802
857.90332198143,1.699833869934082,1.3349408161557497,1.699833869934082,1.4913632485048036
857.9536199569702,1.7501318454742432,1.3349408161557497,1.7501318454742432,1.4913632485048036
858.0033266544342,1.7998385429382324,1.6140087682732358,1.7998385429382324,1.746764367458798
858.0533881187439,1.8499000072479248,1.6140087682732358,1.8499000072479248,1.746764367458798
858.1033289432526,1.8998408317565918,1.7250081970432602,1.8998408317565918,1.7856723650561075
858.15323138237,1.9497432708740234,1.6900647918397256,1.9497432708740234,1.8157817851505202
858.2034568786621,1.9999687671661377,1.6630408873563076,1.9999687671661377,1.8496706985593387
858.2534697055817,2.0499815940856934,1.6803507129098798,2.0499815940856934,1.898671363705178
858.3031852245331,2.0996971130371094,1.8654871899550256,2.0996971130371094,1.9854156869464878
858.3534095287323,2.149921417236328,2.0006202930926715,2.149921417236328,2.0483306085281527
858.403694152832,2.2002060413360596,2.086730063249568,2.2002060413360596,2.0919225061611995
858.4533607959747,2.2498726844787598,2.14498115788337,2.2498726844787598,2.1435240308526753
858.5032072067261,2.2997190952301025,2.1230905902132813,2.2997190952301025,2.1679673523920835
858.5534429550171,2.349954843521118,2.093357531490758,2.349954843521118,2.1397530578810473
858.6034598350525,2.3999717235565186,2.0771410113320954,2.3999717235565186,2.1392972019876897
858.6534152030945,2.4499270915985107,2.1191067378191786,2.4499270915985107,2.1699421434724044
858.703183889389,2.4996957778930664,2.2686889675240938,2.4996957778930664,2.2900551230004154
858.7535791397095,2.550091028213501,2.3423324575536686,2.550091028213501,2.3590963102683085
858.8034226894379,2.5999345779418945,2.377512279171225,2.5999345779418945,2.4050345403184172
858.8533279895782,2.6498398780822754,2.4505008279601643,2.6498398780822754,2.4664248043061905
858.9033901691437,2.699902057647705,2.4954805834050147,2.699902057647705,2.475077245727597
858.953696012497,2.7502079010009766,2.4613641618354976,2.7502079010009766,2.482944093023092
859.0033819675446,2.799893856048584,2.470439300012488,2.799893856048584,2.5016776854542555
859.0534756183624,2.849987506866455,2.521761193914353,2.849987506866455,2.5238722404687204
859.1033961772919,2.8999080657958984,2.6949085172507345,2.8999080657958984,2.6073083833876547
859.1534955501556,2.950007438659668,2.7831388488945903,2.950007438659668,2.6533950599201903
859.203535079956,3.000046968460083,2.8673844918929063,3.000046968460083,2.6980624933343162
859.2533488273621,3.049860715866089,2.761249834730009,3.049860715866089,2.6914924396329534
859.3033406734467,3.0998525619506836,2.761249834730009,3.0998525619506836,2.6914924396329534
859.3534250259399,3.1499369144439697,2.9204154931531527,3.1499369144439697,2.8830750324048244
859.4031894207001,3.1997013092041016,3.0530886523896115,3.1997013092041016,3.0212393890367957
859.4535024166107,3.250014305114746,2.990619521366608,3.250014305114746,2.9625218495326164
859.503479719162,3.2999916076660156,2.934919269452233,3.2999916076660156,2.9125832576011508
859.5533013343811,3.349813222885132,2.8891853161842267,3.349813222885132,2.9594348991539334
859.6034095287323,3.399921417236328,2.957121036107205,3.399921417236328,3.0163979789481017
859.6537005901337,3.4502124786376953,2.957121036107205,3.4502124786376953,3.0163979789481017
859.7031848430634,3.499696731567383,3.2529813656940876,3.499696731567383,3.248573562806139
859.7534103393555,3.549922227859497,3.3078844526911313,3.549922227859497,3.2627376918692432
859.8032321929932,3.5997440814971924,3.3169058220209315,3.5997440814971924,3.1499667145502226
859.8532912731171,3.6498031616210938,3.3023535844071494,3.6498031616210938,3.025374659694135
859.9036047458649,3.7001166343688965,3.295538317074196,3.7001166343688965,3.0758588154781696
859.9539542198181,3.7504661083221436,3.3658935252105535,3.7504661083221436,3.26780091665991
860.0033068656921,3.799818754196167,3.512744061015792,3.799818754196167,3.559366869565313
860.0533645153046,3.8498764038085938,3.5736413688168813,3.8498764038085938,3.645589793075251
860.1034851074219,3.8999969959259033,3.5841491755499564,3.8999969959259033,3.6243065706547957
860.1534032821655,3.9499151706695557,3.574108381390123,3.9499151706695557,3.5885650054808926
860.2033088207245,3.9998207092285156,3.561673553797625,3.9998207092285156,3.5368544331211287
860.2536685466766,4.050180435180664,3.6011731119202457,4.050180435180664,3.5601622702247537
860.3034982681274,4.10001015663147,3.632562066003569,4.10001015663147,3.6689233651721462
860.3533706665039,4.149882555007935,3.690508980113824,4.149882555007935,3.8302886726008887
860.4032275676727,4.199739456176758,3.7562345344311483,4.199739456176758,3.8667038931224904
860.4536876678467,4.250199556350708,3.861294649070018,4.250199556350708,3.7691958756604493
860.503476858139,4.299988746643066,3.870614760646408,4.299988746643066,3.659135561395599
860.5533769130707,4.349888801574707,3.945050952504582,4.349888801574707,3.702312128976195
860.603349685669,4.399861574172974,4.0863217631592175,4.399861574172974,3.8608905138618503
860.6532020568848,4.449713945388794,4.248780285540878,4.449713945388794,4.09460883750539
860.7038214206696,4.500333309173584,4.356994336327431,4.500333309173584,4.214768886854724
860.7536821365356,4.550194025039673,4.296238908343501,4.550194025039673,4.055512533291749
860.8032913208008,4.59980320930481,4.240423601211473,4.59980320930481,3.906030364783791
860.8533143997192,4.649826288223267,4.298767881873141,4.649826288223267,4.01073607490737
860.9034996032715,4.700011491775513,4.430381602269254,4.700011491775513,4.233912651608987
860.9534475803375,4.749959468841553,4.512692729366924,4.749959468841553,4.369863334221008
861.0031781196594,4.799690008163452,4.506303444828005,4.799690008163452,4.403678382200736
861.053304195404,4.800000000000001,4.506106768366841,4.800000000000001,4.372262579713848
861.1032946109772,4.800000000000001,4.559402816647464,4.800000000000001,4.433746279185266
861.1532943248749,4.800000000000001,4.550790302689376,4.800000000000001,4.566141794051617
861.2034912109375,4.800000000000001,4.550790302689376,4.800000000000001,4.566141794051617
861.2534987926483,4.800000000000001,4.550790302689376,4.800000000000001,4.566141794051617
861.3033576011658,4.800000000000001,4.598675130224006,4.800000000000001,4.260477959514464
861.3533987998962,4.800000000000001,4.632248091131131,4.800000000000001,4.367937428736974
861.4033615589142,4.800000000000001,4.695265944276934,4.800000000000001,4.58923933851157
861.4533507823944,4.800000000000001,4.646952253153808,4.800000000000001,4.645445387175444
861.5032250881195,4.800000000000001,4.68239881787629,4.800000000000001,4.4518131419538705
861.5534813404083,4.800000000000001,4.584376934268228,4.800000000000001,4.340986528558227
861.6035025119781,4.800000000000001,4.445919119035537,4.800000000000001,4.396696800671586
861.6536490917206,4.800000000000001,4.405130371676398,4.800000000000001,4.579730934909418
861.7032940387726,4.800000000000001,4.535752043209021,4.800000000000001,4.638676262025154
861.7533295154572,4.800000000000001,4.647532562642649,4.800000000000001,4.607127834364456
861.8032250404358,4.800000000000001,4.6542870469585464,4.800000000000001,4.5250701580296075
861.8533532619476,4.800000000000001,4.6098966312776355,4.800000000000001,4.4623987653440285
861.9034378528595,4.800000000000001,4.518438576902282,4.800000000000001,4.3283237354249735
861.9536201953888,4.800000000000001,4.4534591193469355,4.800000000000001,4.260190423505961
862.0032663345337,4.800000000000001,4.641094131182548,4.800000000000001,4.440039825614888
862.0533151626587,4.800000000000001,4.743548670856089,4.800000000000001,4.558903419557786
862.1033208370209,4.800000000000001,4.7576177261285535,4.800000000000001,4.5639470447004715
862.1533849239349,4.800000000000001,4.641005416226836,4.800000000000001,4.541679574092658
862.203501701355,4.800000000000001,4.564223134227069,4.800000000000001,4.521259613657255
862.2535846233368,4.800000000000001,4.564223134227069,4.800000000000001,4.521259613657255
862.3033540248871,4.800000000000001,4.492219977100547,4.800000000000001,4.510177117355594
862.3535852432251,0.0,4.492219977100547,0.0,4.510177117355594
862.4032979011536,0.0,4.736978518766507,0.0,4.750463935816958
