time,target_left,curr_left,target_right,curr_right
5.954539060592651,0.19907855987548828,0.0,0.19907855987548828,0.0
6.0044944286346436,0.39890003204345703,0.0,0.39890003204345703,0.0
6.054474592208862,0.598820686340332,0.0,0.598820686340332,0.0
6.10469126701355,0.799687385559082,0.0,0.799687385559082,0.0
7.2047059535980225,0.19991207122802734,0.0,0.19991207122802734,0.0
7.254504919052124,0.3991079330444336,0.0,0.3991079330444336,0.0
7.304692983627319,0.5998601913452148,0.0,0.5998601913452148,0.0
7.354724168777466,0.7999849319458008,0.0,0.7999849319458008,0.0
7.954717636108398,0.20086097717285156,0.0,0.20086097717285156,0.0
8.004709482192993,0.40082836151123047,0.0,0.40082836151123047,0.0
8.054488182067871,0.5999431610107422,0.0,0.5999431610107422,0.0
8.104784965515137,0.8011302947998047,0.0,0.8011302947998047,0.0
8.454826831817627,0.2011852264404297,0.0,0.2011852264404297,0.0
8.50474739074707,0.4008674621582031,0.0,0.4008674621582031,0.0
8.554494380950928,0.5998554229736328,0.0,0.5998554229736328,0.0
8.604526996612549,0.7999858856201172,0.0,0.7999858856201172,0.0
8.6548593044281,1.0013151168823242,0.0,1.0013151168823242,0.0
9.00474238395691,0.20079708099365234,0.0,0.20079708099365234,0.0
9.054560661315918,0.4000701904296875,0.0,0.4000701904296875,0.0
9.104751825332642,0.600834846496582,0.0,0.600834846496582,0.0
10.954808235168457,0.20119667053222656,0.0,0.20119667053222656,0.0
11.00468397140503,0.4006996154785156,0.0,0.4006996154785156,0.0
11.054742097854614,0.6009321212768555,0.0,0.6009321212768555,0.0
11.454769611358643,0.20112895965576172,0.0,0.20112895965576172,0.0
11.504491090774536,0.40001487731933594,0.0,0.40001487731933594,0.0
11.554506063461304,0.6000747680664062,0.0,0.6000747680664062,0.0
18.254488229751587,0.1991720199584961,4.4861460180766475e-48,0.1991720199584961,2.0548668575598996e-28
18.304705381393433,0.4000406265258789,1.615012566507593e-48,0.4000406265258789,7.397520687215638e-29
18.35447907447815,0.5991353988647461,5.8140452394273336e-49,0.5991353988647461,2.66310744739763e-29
18.4047110080719,0.8000631332397461,2.0930562861938398e-49,0.8000631332397461,9.587186810631466e-30
18.754530429840088,0.1993265151977539,3.542845095506699e-53,0.1993265151977539,1.622790461766234e-33
18.804771423339844,0.40029048919677734,2.1257070573040192e-53,0.40029048919677734,9.736742770597404e-34
18.85469961166382,0.6000032424926758,4.591527243776681e-54,0.6000032424926758,2.103136438449039e-34
18.90452480316162,0.7993040084838867,1.652949807759605e-54,0.7993040084838867,7.57129117841654e-35
18.95457673072815,0.99951171875,3.570371584760747e-55,0.99951171875,1.6353988945379724e-35
19.004629373550415,1.1997222900390625,1.2853337705138688e-55,1.1997222900390625,5.8874360203367e-36
19.054478883743286,1.3991203308105469,4.627201573849927e-56,1.3991203308105469,2.119476967321212e-36
19.10470724105835,1.6000337600708008,1.6657925665859736e-56,1.6000337600708008,7.630117082356362e-37
19.154497861862183,1.7991962432861328,5.996853239709504e-57,1.7991962432861328,2.74684214964829e-37
19.204477310180664,1.9991140365600586,1.2953202997772528e-57,1.9991140365600586,5.933179043240305e-38
19.654728651046753,0.2010335922241211,4.735896246615503e-62,0.2010335922241211,2.16926426353478e-42
19.704562425613403,0.40036869049072266,1.704922648781581e-62,0.40036869049072266,7.809351348725207e-43
19.754831314086914,0.6014442443847656,6.137721535613692e-63,0.6014442443847656,2.811366485541074e-43
19.804506540298462,0.800145149230957,1.3257478516925574e-63,0.800145149230957,6.07255160876872e-44
24.104718685150146,0.2006521224975586,2.0213999754121878e-106,0.2006521224975586,9.258967047906587e-87
24.154483318328857,0.39971065521240234,0.03326392471790314,0.39971065521240234,0.024947943538427355
24.204768180847168,0.6008501052856445,0.09123818904161454,0.6008501052856445,0.09416858389973641
24.254533767700195,0.0,0.34768972491502764,0.0,0.446973982886076
24.304739475250244,0.0,0.34768972491502764,0.0,0.446973982886076
24.354697465896606,0.0,0.34768972491502764,0.0,0.446973982886076
24.40469980239868,0.0,-0.08604116249355691,0.0,-0.03795008262780177
24.45443630218506,0.0,-0.18119588877545767,0.0,-0.20728490557839435
24.504687309265137,0.0,-0.10681042451543918,0.0,-0.12451845129693734
24.554506063461304,0.0,-0.04228989781337968,0.0,-0.04482664246689744
24.60470747947693,0.2008056640625,-0.015224363212816686,0.2008056640625,-0.016137591288083074
24.654521226882935,0.40006065368652344,0.029975462263934737,0.40006065368652344,0.02146222382020141
24.704498767852783,0.599970817565918,0.19790074049453008,0.599970817565918,0.18651998706781098
24.754699230194092,0.8007726669311523,0.31307297761089825,0.8007726669311523,0.3748384869150754
24.804479837417603,0.9998950958251953,0.499437016566664,0.9998950958251953,0.6388010902511405
24.854485988616943,1.1999197006225586,0.6443042381954442,1.1999197006225586,0.7740711256256341
24.904778480529785,1.4010896682739258,0.7883454426891416,1.4010896682739258,0.8877466351171961
24.954478979110718,1.5998916625976562,1.0501133813450367,1.5998916625976562,1.0996207625232355
25.0046968460083,1.8007631301879883,1.2729126625295746,1.8007631301879883,1.2990512739621
25.05447745323181,0.0,1.5201353411568261,0.0,1.4687746008993052
25.1045503616333,0.0,1.6075371733337342,0.0,1.480447172085876
25.154770374298096,0.0,0.6078193133245599,0.0,0.5163290103532439
25.204708337783813,0.0,0.6078193133245599,0.0,0.5163290103532439
25.254522562026978,0.0,-0.2931098013784368,0.0,-0.1436702950921277
25.30472707748413,0.0,-0.3055369461655335,0.0,-0.15173001506781414
25.354490518569946,0.0,-0.09360503681473123,0.0,-0.05073620313875735
25.40469241142273,0.0,0.015010075618128116,0.0,-0.018265033129952646
25.45469069480896,0.0,0.015382804637897061,0.0,-0.006575411926782951
42.35470008850098,-0.1810072732230925,1.7640501620528276e-173,0.1999349594116211,-7.616943934599001e-173
42.40473031997681,-0.1810072732230925,6.3505805833901795e-174,0.4000558853149414,-2.7420998164556404e-173
42.45467805862427,-0.18050284724018595,-0.2411634425520897,0.5998468399047852,0.22500667375326158
42.50480532646179,-0.18050284724018595,-0.36091357589483264,0.8003559112548828,0.4419159653258323
42.554728269577026,-0.13478553201449262,-0.30456448002119063,1.0000476837158203,0.5565936194350243
42.60470533370972,-0.13478553201449262,-0.24926653893863676,1.199955940246582,0.6083835498386574
42.65448832511902,-0.13478553201449262,-0.04292793857269473,1.399087905883789,0.7546042665811238
42.70470714569092,-0.13478553201449262,-0.015454057886170103,1.5999631881713867,0.8977320908894011
42.754685401916504,-0.13478553201449262,-0.005563460839021236,1.7998762130737305,0.9920776433726501
42.80451536178589,-0.13478553201449262,-0.001201707541228587,1.9991960525512695,1.153033648783739
42.854689836502075,-0.13478553201449262,-0.0004326147148422912,2.1998939514160156,1.2633221417146119
42.904520750045776,-0.13478553201449262,-0.00015574129734322484,2.3992176055908203,1.399619302850146
42.95466613769531,-0.13478553201449262,-5.606686704356094e-05,2.534785532014493,1.5083921152476711
43.004493951797485,-0.13478553201449262,-1.2110443281409163e-05,2.534785532014493,1.6131009392335849
43.10454058647156,0.0,0.01583839314781706,0.0,1.404210111319857
43.154483795166016,0.0,0.06823822488628095,0.0,-0.18505252695373217
43.20477080345154,0.0,0.0921783024260125,0.0,-0.6371675132380421
43.254536628723145,0.0,0.07348471355517106,0.0,-0.48845509285926203
43.304741859436035,0.0,0.04366496195344709,0.0,-0.2007917774147965
43.35469079017639,0.19979572296142578,0.03350279163699835,0.19979572296142578,-0.07228503986932673
43.40449595451355,0.3990163803100586,0.06900941375075183,0.3990163803100586,0.00022639404949175747
43.454493045806885,0.5990047454833984,0.314039261495513,0.5990047454833984,0.043024225489675855
43.50454068183899,0.7266202374678761,0.5906290142615231,0.7991952896118164,0.1010245272957253
43.55475378036499,0.6865466479710798,0.7036485987233873,1.0000476837158203,0.1770384543802123
43.604734659194946,0.6865466479710798,0.9344470826529261,1.1999711990356445,0.43438016939876556
43.65477228164673,0.6865466479710798,0.9463792918113278,1.4001216888427734,0.6967991312815598
43.70482802391052,0.6865466479710798,0.8928776721234586,1.6003446578979492,0.9247314067056365
43.75477147102356,0.6097994439055968,0.8209227850464154,1.7902005560944034,1.0809015344871493
43.80449986457825,0.6097994439055968,0.7785738567682374,1.7902005560944034,1.244844208721258
43.854710817337036,0.6956671671807635,0.7588514778675652,1.7043328328192369,1.3862657060255783
43.90451192855835,0.6956671671807635,0.7906253275988824,1.7043328328192369,1.3966535488377871
43.95474410057068,0.7928448700798947,0.8687609101909992,1.6071551299201057,1.3740512666563105
44.00457262992859,0.7928448700798947,0.9365292877917465,1.6071551299201057,1.2388951664856416
44.05456757545471,0.8677303635930078,0.9902804311859004,1.5322696364069925,1.0991321403631453
44.1047637462616,0.8677303635930078,1.027719402912166,1.5322696364069925,1.0930419778412181
44.154512882232666,0.8905877801715494,1.0633148042927645,1.509412219828451,1.094062266907177
44.20489978790283,0.8996942433969732,1.0557755803993563,1.5003057566030271,1.0715080061781341
44.254512310028076,0.8996942433969732,1.0501096573805053,1.5003057566030271,1.0948452291212536
44.30474328994751,0.8996942433969732,1.0512379286528315,1.5003057566030271,1.1481265355582972
44.35470247268677,0.8996942433969732,1.0450980667295702,1.5003057566030271,1.1577866219080426
44.40476727485657,0.9498543529310574,1.0391377593525402,1.450145647068943,1.1636574414705136
44.45455074310303,0.9498543529310574,1.0263884431577526,1.450145647068943,1.1394662745619155
44.504488706588745,0.979520965282344,1.0525551688596058,1.4204790347176564,1.127069483560002
44.554736852645874,0.979520965282344,1.100142185160796,1.4204790347176564,1.1095793713432585
44.60471439361572,1.0012771819199018,1.1635087910661506,1.3987228180800986,1.157038405035807
44.65472459793091,1.0012771819199018,1.1485542406659965,1.3987228180800986,1.1585319724648435
44.70484447479248,1.0012771819199018,1.1485542406659965,1.3987228180800986,1.1585319724648435
44.75468850135803,1.0086002068962925,1.1627799281361506,1.3913997931037079,1.223926666711888
44.80483078956604,1.0086002068962925,1.1627799281361506,1.3913997931037079,1.223926666711888
44.854593992233276,1.0575302472278731,1.1379400996352866,1.3424697527721272,1.270212126291358
44.90471935272217,1.0575302472278731,1.1379400996352866,1.3424697527721272,1.270212126291358
44.954495668411255,1.0564777082684016,1.1643441532686292,1.3435222917315988,1.2346138551614152
45.00470757484436,1.063782946666946,1.1787693362701512,1.3362170533330544,1.1961464355509805
45.05449175834656,1.063782946666946,1.1712880591187886,1.3362170533330544,1.2131305313851641
45.104740619659424,1.063782946666946,1.154578807102466,1.3362170533330544,1.2262699619560078
45.15469574928284,1.063782946666946,1.1512346656847563,1.3362170533330544,1.2047130113468874
45.204702615737915,1.102925511540111,1.1367467924974646,1.2970744884598893,1.1949652998075357
45.25463366508484,1.102925511540111,1.1028716568117156,1.2970744884598893,1.1396137540717821
45.3047308921814,1.1300160778944173,1.134756598614388,1.269983922105583,1.1404237770502532
45.354657888412476,1.1300160778944173,1.144476692822957,1.269983922105583,1.1922547491835869
45.40468382835388,1.1317254792525808,1.207926559787053,1.2682745207474195,1.2351058222930664
45.45448637008667,1.1317254792525808,1.2205366801040058,1.2682745207474195,1.217079044062446
45.50472593307495,1.1029326695539288,1.2227585689121492,1.2970673304460716,1.2564409592194141
45.55479407310486,1.1029326695539288,1.218236226173425,1.2970673304460716,1.205413981143574
45.60473370552063,1.1337971534172295,1.1817347973581018,1.2662028465827708,1.1795980848779464
45.654754638671875,1.1552506134457443,1.174852789759488,1.244749386554256,1.2229894322601622
45.704699754714966,1.1552506134457443,1.1749762563657227,1.244749386554256,1.2261363669317125
45.75464391708374,1.204890737611,1.1858836556226537,1.1951092623890003,1.1809373570948063
45.804529905319214,1.204890737611,1.1822799933022374,1.1951092623890003,1.1251076804667066
45.85474514961243,1.2221501237851065,1.2239549335980218,1.177849876214894,1.102155559554196
45.90449786186218,1.2221501237851065,1.261495401041882,1.177849876214894,1.1456963467459071
45.954729318618774,1.119807481242864,1.3344443307794966,1.2801925187571364,1.2143488114306993
46.00448203086853,1.119807481242864,1.261194468971015,1.2801925187571364,1.1619818259884525
46.054540157318115,1.1709293827359017,1.1941522746453004,1.2290706172640986,1.1617621153453448
46.104763984680176,1.1709293827359017,1.1941522746453004,1.2290706172640986,1.1617621153453448
46.15469837188721,1.1709293827359017,1.1941522746453004,1.2290706172640986,1.1617621153453448
46.2046844959259,1.230053482395967,1.0956643570970181,1.1699465176040333,1.0139161559157532
46.25468945503235,1.2015916152303874,1.1371116691652783,1.198408384769613,1.0312307219104635
46.30451583862305,1.2015916152303874,1.1916507093534818,1.198408384769613,1.0054224249448063
46.35469198226929,1.1960970743039787,1.2051524499091846,1.2039029256960216,1.0478224915287142
46.40464496612549,1.1960970743039787,1.2514035575044158,1.2039029256960216,1.166046243739888
46.454612731933594,1.1712122964418228,1.2490460064095974,1.2287877035581776,1.240011270701682
46.50475072860718,1.1712122964418228,1.2198919768124599,1.2287877035581776,1.2506781634783013
46.554747104644775,1.2583333969725543,1.1895325899956417,1.141666603027446,1.2840149830671725
46.60469055175781,1.2583333969725543,1.1895325899956417,1.141666603027446,1.2840149830671725
46.654781103134155,1.2233834223646152,1.2263924937546826,1.1766165776353852,1.1407835189981936
46.70466423034668,1.2233834223646152,1.2547526753604754,1.1766165776353852,1.156817800073843
46.754674673080444,1.2349625205119004,1.2665250586746768,1.1650374794881,1.1513627513985916
46.80449056625366,1.2349625205119004,1.2091928772580807,1.1650374794881,1.2149784405295128
46.85470938682556,1.2349625205119004,1.2257235784215517,1.1650374794881,1.2293903913234738
46.90474057197571,1.2349625205119004,1.23959460993586,1.1650374794881,1.2215107137966776
46.95470380783081,1.2349625205119004,1.2795801084279228,1.1650374794881,1.2190700526836618
47.004520654678345,1.2349625205119004,1.2481588375314543,1.1650374794881,1.1718262972884843
47.05447244644165,1.1964573136608092,1.2239113659290481,1.2035426863391911,1.1706125310344744
47.104645013809204,1.2219646610826007,1.2081764034257414,1.1780353389173996,1.2034513749343125
47.15475010871887,1.2219646610826007,1.197574358886221,1.1780353389173996,1.1998650192378273
47.20472478866577,1.230749341026979,1.2167338496586342,1.1692506589730214,1.193622935741841
47.25469398498535,1.230749341026979,1.1928427199209128,1.1692506589730214,1.1572822981653805
47.30463647842407,1.230749341026979,1.2042117543465989,1.1692506589730214,1.0944415867074067
47.354817152023315,1.2331288171749704,1.2029252348225272,1.16687118282503,1.0706305744556333
47.4045147895813,1.2331288171749704,1.2080437151931014,1.16687118282503,1.1185548786658517
47.454787492752075,1.244820581851017,1.2288910892608982,1.1551794181489834,1.1713656312586715
47.50459122657776,1.2505717000628218,1.233342917454358,1.1494282999371785,1.1525739381204314
47.55477857589722,1.2505717000628218,1.233342917454358,1.1494282999371785,1.1525739381204314
47.60459303855896,1.2636190814057788,1.2530390909942968,1.1363809185942215,1.1769125069791015
47.654558181762695,1.2636190814057788,1.2294134159676953,1.1363809185942215,1.164435019613565
47.70451521873474,1.2650564599102045,1.2221443092699482,1.1349435400897958,1.18315727145747
47.75448274612427,1.2650564599102045,1.1873520091125507,1.1349435400897958,1.1329675664142325
47.804728746414185,1.2580305471568098,1.145065932570069,1.1419694528431905,1.0922924953568778
47.8546838760376,1.2580305471568098,1.145065932570069,1.1419694528431905,1.0922924953568778
47.90453600883484,1.26707062765587,1.1885634026796845,1.1329293723441303,1.1454663033973969
47.95469284057617,1.26707062765587,1.2196568585557477,1.1329293723441303,1.1786786410624859
48.004610538482666,1.281744108464121,1.2117022744666643,1.1182558915358793,1.2141609837161098
48.05468964576721,1.281744108464121,1.210523007101456,1.1182558915358793,1.212332128866193
48.104544162750244,1.2871827589319293,1.2174181501102352,1.112817241068071,1.2058485696495809
48.15449547767639,1.2871827589319293,1.2539896136290722,1.112817241068071,1.2286810158444192
48.20460510253906,1.2729630955675373,1.2580863892710292,1.127036904432463,1.231587312653759
48.25469613075256,1.2729630955675373,1.2580863892710292,1.127036904432463,1.231587312653759
48.30464243888855,1.2874570936654457,1.1933647414261124,1.1125429063345547,1.244616337561358
48.354480028152466,1.2874570936654457,1.1319167589710384,1.1125429063345547,1.1999245989678797
48.40448570251465,1.2904596252596268,1.1107124033772788,1.1095403747403736,1.1385792103418768
48.45468616485596,1.2904596252596268,1.119505020570984,1.1095403747403736,1.1304899219875968
48.50459337234497,1.2913506989413797,1.1416180332500954,1.1086493010586207,1.1153046128221724
48.55452513694763,1.2977420749719006,1.184027300357802,1.1022579250280997,1.1061458133068451
48.60468101501465,1.2977420749719006,1.2328999564933718,1.1022579250280997,1.136822798576597
48.65457892417908,1.256653331553688,1.2860720488746622,1.1433466684463123,1.144244305632106
48.70449090003967,1.256653331553688,1.3117703747746394,1.1433466684463123,1.1455850842255193
48.754690408706665,1.256653331553688,1.3117703747746394,1.1433466684463123,1.1455850842255193
48.80451035499573,1.256653331553688,1.2560724993247605,1.1433466684463123,1.2598570675619896
48.854491233825684,1.2547862627637927,1.2297302882563645,1.1452137372362077,1.2685146507371112
48.904813051223755,1.2547862627637927,1.2297302882563645,1.1452137372362077,1.2685146507371112
48.9544951915741,1.2682356200963938,1.205409390076958,1.1317643799036066,1.1122787414418285
49.00472140312195,1.2682356200963938,1.174957149867402,1.1317643799036066,1.0605711848173125
49.05462455749512,1.2682356200963938,1.2153784375857755,1.1317643799036066,1.1107797956364207
49.10454201698303,1.2767928837165319,1.2397986677219195,1.1232071162834685,1.1624165368996926
49.15451192855835,1.2785090115144013,1.2446616420839924,1.121490988485599,1.196014132246597
49.20456314086914,1.2785090115144013,1.2464123128543387,1.121490988485599,1.2209158680958354
49.25449991226196,1.2794867713877334,1.290047349043395,1.120513228612267,1.2286091792085296
49.30449938774109,1.2794867713877334,1.2948271256116768,1.120513228612267,1.2299414544403025
49.354533433914185,1.296974419000885,1.2684491093669323,1.1030255809991154,1.2114647985374738
49.404719829559326,1.296974419000885,1.2694383674519294,1.1030255809991154,1.189989055188029
49.45447301864624,1.2711368666136935,1.2834550254891235,1.1288631333863068,1.2150096780043544
49.504525899887085,1.2711368666136935,1.3040962450510234,1.1288631333863068,1.2039943272822513
49.554633378982544,1.2711368666136935,1.2927567183782807,1.1288631333863068,1.2276140833480387
49.60452699661255,1.2829151131741996,1.2614848525456246,1.1170848868258008,1.2475064892023764
49.65448784828186,1.2831161776824849,1.23103606414839,1.1168838223175155,1.255034437861561
49.70454478263855,1.2831161776824849,1.2286307563020387,1.1168838223175155,1.2386114708494613
49.75458097457886,1.2884767323373674,1.2072121470948218,1.111523267662633,1.2204318590111416
49.80487108230591,1.2884767323373674,1.2115465511004981,1.111523267662633,1.2163056473903733
49.854517698287964,1.0898902684091447,1.164613320784778,1.3101097315908556,1.1588128706663987
49.90468907356262,0.9632419682233263,1.164613320784778,1.5107952326894885,1.1588128706663987
49.95449900627136,0.9427428199826319,0.9978333652860607,1.7100349635244494,1.1693887312521714
50.00467133522034,0.9427428199826319,0.8825723793809421,1.9107242793203478,1.2966527223340336
50.05456280708313,0.9427428199826319,0.8116255545624333,2.1102901667715197,1.523815069002545
50.10482597351074,1.0344772767615467,0.8721870688441362,2.311342832481969,1.6709284425029645
50.15452003479004,1.0344772767615467,1.0144891251816432,2.5101190775991564,1.8706275033050666
50.20478272438049,1.147538870419519,1.0144891251816432,2.4524611295804806,1.8706275033050666
50.254570722579956,1.147538870419519,1.1772006139572813,2.4524611295804806,2.130929646487968
50.304670572280884,1.161777317545725,1.2219111791501256,2.4382226824542745,2.193315707204304
50.35478353500366,1.161777317545725,1.2219111791501256,2.4382226824542745,2.193315707204304
50.4044988155365,1.161777317545725,1.413275484663271,2.4382226824542745,2.178214299564645
50.45469379425049,1.161777317545725,1.4522649876196467,2.4382226824542745,2.0890101055687973
50.50475454330444,1.3620203137615454,1.4196452867479068,2.2379796862384542,2.0067847154278624
50.5544970035553,1.3674986807908522,1.3440269573770007,2.2325013192091476,1.9167074695483486
50.604689836502075,1.446151033557779,1.3988235739794508,2.153848966442221,1.8291960597725738
50.65473246574402,1.446151033557779,1.3988235739794508,2.153848966442221,1.8291960597725738
50.70478653907776,1.5001707883029172,1.561330912491814,2.0998292116970827,1.822692840337126
50.7547070980072,1.5001707883029172,1.6312766640118845,2.0998292116970827,1.8212331470391878
50.804710388183594,1.5119241484688843,1.6443705476069004,2.0880758515311153,1.7918858028605604
50.854485750198364,1.5119241484688843,1.6018524781482029,2.0880758515311153,1.7540995051250343
50.90480613708496,1.5284658271815246,1.6018524781482029,2.0715341728184753,1.7540995051250343
50.95474720001221,1.5284658271815246,1.593295505605338,2.0715341728184753,1.7562122024220996
51.00458884239197,1.5749832578102734,1.5575803807066886,2.0250167421897265,1.7918743479167532
51.0547513961792,1.6553835806864539,1.5575803807066886,1.9446164193135458,1.7918743479167532
51.10474991798401,1.6553835806864539,1.5871463795893428,1.9446164193135458,1.7898738128059901
51.15463638305664,1.6438866341940503,1.658498164906253,1.9561133658059493,1.7589983895580934
51.20452070236206,1.6438866341940503,1.7241765730869136,1.9561133658059493,1.7515870151435105
51.2546808719635,1.671496372484796,1.7241765730869136,1.9285036275152037,1.7515870151435105
51.30472016334534,1.671496372484796,1.6881271779913267,1.9285036275152037,1.742319904076051
51.35483360290527,1.5995148161029107,1.6781547415482139,2.000485183897089,1.7522503151339242
51.404566049575806,1.5995148161029107,1.673925953389231,2.000485183897089,1.7772101219051994
51.45479130744934,1.646606191846502,1.673925953389231,1.9533938081534976,1.7772101219051994
51.50471377372742,1.646606191846502,1.6894739359216102,1.9533938081534976,1.8697049287318972
51.55470871925354,1.633367738917502,1.6776457460974292,1.9666322610824976,1.8772477841625137
51.60467195510864,1.633367738917502,1.6843272936112685,1.9666322610824976,1.7631288166671886
51.65474510192871,1.6867542404206963,1.6843272936112685,1.9132457595793033,1.7631288166671886
51.704508781433105,1.6867542404206963,1.6679172558201358,1.9132457595793033,1.7667184503972089
51.75452208518982,1.6867542404206963,1.6430537032688073,1.9132457595793033,1.8065267603132629
51.804612159729004,1.6867542404206963,1.6674288604594854,1.9132457595793033,1.741327083129889
51.85469436645508,1.6867542404206963,1.6647199330545992,1.9132457595793033,1.7344152102539083
51.90475654602051,1.6867542404206963,1.6809551693612645,1.9132457595793033,1.7427081144929817
51.95481061935425,1.6867542404206963,1.6809551693612645,1.9132457595793033,1.7427081144929817
52.00488805770874,1.6867542404206963,1.6888445501505625,1.9132457595793033,1.8500512105983307
52.054723501205444,1.6867542404206963,1.689164829909061,1.9132457595793033,1.8742632792983702
52.104633808135986,1.6867542404206963,1.6942139028056453,1.9132457595793033,1.8632592090114313
52.15468406677246,0.0,1.7029694971517562,0.0,1.8330147884420522
52.2047803401947,0.0,1.7029694971517562,0.0,1.8330147884420522
52.25468969345093,0.0,0.4780117414908637,0.0,0.4702236901271643
52.304741621017456,0.0,-0.24241318312226434,0.0,-0.37190902290767547
52.35482954978943,0.0,-0.40327600898839966,0.0,-0.5929293825317363
52.404802560806274,0.0,-0.34175737209616863,0.0,-0.5054452773385608
52.45475935935974,0.0,0.04914642523157757,0.0,0.04091772171295127
52.50470542907715,0.0,0.12821966284666597,0.0,0.11512694918788591
52.55451536178589,0.0,0.06644791880068475,0.0,0.029690690332196727
52.60480070114136,0.0,0.06644791880068475,0.0,0.029690690332196727
76.00478792190552,-0.20038414001464844,-2.6043982287706685e-99,0.20038414001464844,-2.887903182256579e-95
76.05447959899902,-0.3991508483886719,-0.03326392471790314,0.3991508483886719,0.03326392471790314
76.10480666160583,-0.600459098815918,-0.03326392471790314,0.600459098815918,0.03326392471790314
76.15477895736694,-0.8003482818603516,-0.5507721820402145,0.8003482818603516,0.4744531783390046
76.2047266960144,-1.0001392364501953,-0.7808502382848739,1.0001392364501953,0.6906275250766754
76.25471067428589,-1.2000751495361328,-0.8510452787169265,1.2000751495361328,0.7719636856468963
76.30476474761963,-1.4002914428710938,-0.8668819968997898,1.4002914428710938,0.9365241290434437
76.3548891544342,-1.6007890701293945,-0.8668819968997898,1.6007890701293945,0.9365241290434437
76.40471386909485,-1.8000879287719727,-1.0599382131756236,1.8000879287719727,1.110474062135322
76.45454859733582,-1.9994268417358398,-1.2432793504837705,1.9994268417358398,1.2656205389388686
76.50479340553284,-2.200406074523926,-1.347514297730096,2.200406074523926,1.4184693489130122
76.55486106872559,-2.400676727294922,-1.347514297730096,2.400676727294922,1.4184693489130122
76.60472130775452,0.0,-1.6101296173405264,0.0,1.5670973984855205
76.65452861785889,0.0,-1.413545512776004,0.0,1.5771919602301598
76.70468878746033,0.0,-0.2797909201218223,0.0,0.47017533129382894
76.7547857761383,0.0,-0.2797909201218223,0.0,0.47017533129382894
76.80455470085144,0.0,0.45572916544878805,0.0,-0.5431594152429559
76.85447669029236,0.0,0.3166541415538942,0.0,-0.42468885299607007
76.90449810028076,0.0,0.09320553659510214,0.0,-0.14041401508585416
76.95477771759033,0.0,0.09320553659510214,0.0,-0.14041401508585416
77.00471997261047,-0.1997690200805664,0.011652976471949251,0.1997690200805664,-0.0181976563551267
77.05470180511475,-0.39969635009765625,0.028161624443090665,0.39969635009765625,-0.006551156287845611
77.10477805137634,-0.600001335144043,-0.10657230936113953,0.600001335144043,0.06996193906231285
77.15473198890686,-0.7998170852661133,-0.3018286153887175,0.7998170852661133,0.1921219082375654
77.20457363128662,-0.9991836547851562,-0.5563130479501013,0.9991836547851562,0.4287854487068715
77.25451755523682,-1.1989593505859375,-0.6806395555059788,1.1989593505859375,0.5981057258022044
77.30474734306335,-1.3998785018920898,-0.7765298892684225,1.3998785018920898,0.709215008195837
77.35473561286926,-1.5998315811157227,-0.8092942205534259,1.5998315811157227,0.7852674661791086
77.40448236465454,-1.798818588256836,-0.8819985678367446,1.798818588256836,0.9815901185236975
77.45468497276306,-1.999629020690918,-1.0077458676304567,1.999629020690918,1.081020741408918
77.50487041473389,-2.2003707885742188,-1.1585639115550332,2.2003707885742188,1.0953861363217308
77.55473709106445,-2.238207811638017,-1.2643006871835545,2.3998374938964844,1.1677252109343437
77.60448026657104,0.0,-1.3967442571550974,0.0,1.4869854481207172
77.65470480918884,0.0,-1.201370300987853,0.0,1.3336488973326746
77.70467853546143,0.0,-0.6733022911187967,0.0,0.7209895250932731
77.7547676563263,0.0,0.5056537634240803,0.0,-0.5279121885785408
77.80480742454529,0.0,0.6437990968027312,0.0,-0.6442521246703488
77.85473442077637,0.0,0.5775470199941753,0.0,-0.5778188426752103
77.90480518341064,0.0,0.24434884265992016,0.0,-0.2357347195849137
77.95471835136414,0.0,-0.06435799495457697,0.0,-0.006248510841676486
78.00498652458191,-0.20107269287109375,-0.014566605672767588,0.20107269287109375,-0.0013496783418021209
78.05447769165039,-0.39903736114501953,-0.03850790276009947,0.39903736114501953,0.02446205933537859
78.10507678985596,-0.6014337539672852,-0.15786876975493114,0.6014337539672852,0.09516857541673224
78.15476655960083,-0.8001928329467773,-0.32019626032947235,0.8001928329467773,0.20983634642507853
78.2046480178833,-0.9997186660766602,-0.42833534097065473,0.9997186660766602,0.3167045244636997
78.25469017028809,-1.1998872756958008,-0.4872095377995609,1.1998872756958008,0.45669362887368903
78.3047137260437,-1.2314588113719203,-0.5523865506084217,1.3999814987182617,0.5586487625049101
78.35452818870544,-1.2314588113719203,-0.6228573736316755,1.5992393493652344,0.6004078215743517
78.40474390983582,-1.2314588113719203,-0.5552838796412991,1.8001022338867188,0.6434298214811831
78.45452761650085,-1.2314588113719203,-0.4287579901469724,1.999237060546875,0.8014457150995284
78.504709482193,-1.0307313486033656,-0.39314030340145745,2.1999645233154297,0.9941907927286464
78.55453085899353,-0.8314458414012171,-0.41636953844487107,2.399250030517578,1.2604204069233573
78.60485219955444,-0.7771836981393527,-0.3950336769599656,2.6005353927612305,1.4205744856830824
78.6547212600708,-0.7771836981393527,-0.3110905097262481,2.80001163482666,1.5771317313040396
78.70468306541443,-0.7771836981393527,-0.2365773370147855,2.999858856201172,1.7497730098935997
78.75449275970459,-0.7771836981393527,-0.16928998697407244,3.177183698139353,1.943197635137933
78.80471849441528,-0.7771836981393527,-0.19162408853271198,3.177183698139353,2.115643873449766
78.85472011566162,-0.7771836981393527,-0.1911934280801961,3.177183698139353,2.2066599659812223
78.90449118614197,-0.7771836981393527,-0.23010893077774605,3.177183698139353,2.2064393062453886
78.95467400550842,0.0,-0.2258308902184621,0.0,2.181682914461902
79.00470542907715,0.0,-0.13503314762593943,0.0,1.8268225180981914
79.054523229599,0.0,0.17778196206485397,0.0,-0.25571604861997316
79.10472893714905,0.0,0.21725315488861263,0.0,-0.8357440672904828
79.15469694137573,0.0,0.14929469589884134,0.0,-0.6685065177413432
79.20478343963623,0.0,0.12284074225720794,0.0,-0.48426371498898313
79.25470042228699,0.0,0.0409479672582801,0.0,-0.10460096243762033
79.30485105514526,0.0,0.02456878035496806,0.0,-0.0627605774625722
79.35473680496216,0.0,0.03713567782875255,0.0,-0.024052934096032978
79.40449023246765,0.19901371002197266,0.048295962140928586,0.19901371002197266,-0.023627821354547
79.45451211929321,0.39910125732421875,0.0352857051167384,0.39910125732421875,-0.021415585725955553
79.5044937133789,0.5990276336669922,0.32625170246568075,0.5990276336669922,0.08026121038091012
79.55477046966553,0.8001346588134766,0.6047274721710924,0.8001346588134766,0.2059056203766769
79.60478687286377,0.9518337180485364,0.6047274721710924,1.0002002716064453,0.2059056203766769
79.65479779243469,0.9518337180485364,0.6047274721710924,1.2002439498901367,0.2059056203766769
79.70471787452698,0.9203658216788744,1.0733323481271917,1.3999242782592773,0.5850180872328301
79.75470352172852,0.8770189913115415,1.165725817200789,1.522981008688459,0.7287799175279338
79.80468010902405,0.8770189913115415,1.1914643227560813,1.522981008688459,0.8530669841585754
79.85471677780151,0.8770189913115415,1.1914643227560813,1.522981008688459,0.8530669841585754
79.90479826927185,0.8725500451674529,0.9895966047099943,1.5274499548325475,1.4349851514801144
79.95476961135864,0.8456704019451637,0.9857970591814349,1.5543295980548366,1.4965696040335152
80.00490260124207,0.8456704019451637,1.0209895964810354,1.5543295980548366,1.4544243062302726
80.05487179756165,1.0099888374820956,1.024432813903636,1.3900111625179048,1.3399334934213911
80.10473680496216,1.0099888374820956,1.061273390818322,1.3900111625179048,1.1312555591624553
80.15450096130371,1.0099888374820956,1.1744478638867895,1.3900111625179048,0.993011241634498
80.20468664169312,1.0099888374820956,1.1985634218180308,1.3900111625179048,0.9799946446942603
80.25473856925964,1.0510441495456206,1.191387845892577,1.3489558504543797,1.014564198245787
80.3047685623169,1.0510441495456206,1.1672220431678704,1.3489558504543797,1.0212111604155203
80.35482716560364,1.0589076295024717,1.1359304195075486,1.3410923704975286,1.0851169843374966
80.4048535823822,1.0589076295024717,1.1351571801560671,1.3410923704975286,1.0895491611301469
80.4548110961914,1.0589076295024717,1.1351571801560671,1.3410923704975286,1.0895491611301469
80.50468468666077,1.0801866234905924,1.2094553543501203,1.319813376509408,1.1359431197058776
80.5546932220459,1.0763817173138561,1.2230935943140901,1.3236182826861442,1.1846541780166013
80.60450482368469,1.0763817173138561,1.2246731845572683,1.3236182826861442,1.1890463618311635
80.65469193458557,1.0833516975882624,1.1833806155217323,1.316648302411738,1.18659290508771
80.70483112335205,1.0833516975882624,1.1833806155217323,1.316648302411738,1.18659290508771
80.75476622581482,1.1258861564172962,1.1767792444174294,1.2741138435827042,1.2046054827967305
80.80472350120544,1.1258861564172962,1.1878068259028722,1.2741138435827042,1.2195181212830193
80.85471630096436,1.13711752899025,1.200356948757224,1.2628824710097504,1.2231595001938693
80.90449643135071,1.13711752899025,1.2333982519020195,1.2628824710097504,1.1204286073229426
80.9547872543335,1.1107210674850299,1.235427498759373,1.2892789325149705,1.1454565687626022
81.0047516822815,1.1107210674850299,1.2264560842304983,1.2892789325149705,1.185750580918172
81.05471277236938,1.1049852784887857,1.1937227338715632,1.2950147215112147,1.1740791715710328
81.10453581809998,1.1049852784887857,1.1825088625227882,1.2950147215112147,1.246890751022722
81.15475726127625,1.1589072359782555,1.1530242899105234,1.2410927640217448,1.2470933005205547
81.2047290802002,1.1589072359782555,1.154439365509528,1.2410927640217448,1.1793949619410653
81.25481677055359,1.1654885211952366,1.1781340106642406,1.2345114788047638,1.1941668039135296
81.30476236343384,1.1654885211952366,1.2163853048437654,1.2345114788047638,1.1773787395562705
81.35473346710205,1.1982087589433505,1.2206808876688653,1.2017912410566498,1.066022870173668
81.40448760986328,1.1982087589433505,1.1825189937716925,1.2017912410566498,1.0406212629097826
81.4545361995697,1.220632075263967,1.182065070255978,1.1793679247360334,1.0470300610501095
81.5047345161438,1.220632075263967,1.2046868207160413,1.1793679247360334,1.0588412557472655
81.55472588539124,1.2029042458859451,1.2464839435376087,1.1970957541140552,1.0767603972350313
81.60450267791748,1.2029042458859451,1.2694262198229223,1.1970957541140552,1.1041706121662922
81.65488338470459,1.1775636201800217,1.244774599767899,1.2224363798199787,1.0585014412820142
81.7047700881958,1.1775636201800217,1.2325676369446414,1.2224363798199787,1.0292092883829551
81.75474643707275,1.1898976715173095,1.1716498740116799,1.2101023284826908,1.0993120547858815
81.80468773841858,1.1898976715173095,1.1124467971658722,1.2101023284826908,1.1225477412960985
81.85477185249329,1.1952965219761453,1.10139922580967,1.204703478023855,1.0990955336912416
81.90470099449158,1.1952965219761453,1.1766706142968522,1.204703478023855,1.1471831525811176
81.9547848701477,1.1952965219761453,1.2215931793538681,1.204703478023855,1.1706367805867566
82.00476551055908,1.1732683329695883,1.2887339650503038,1.226731667030412,1.107622849479803
82.05472040176392,1.2150003929534834,1.251427986344501,1.184999607046517,1.158349666906174
82.10481858253479,1.2150003929534834,1.2220956910376577,1.184999607046517,1.1593187295870637
82.15474939346313,1.1943413848529447,1.1601977611983383,1.2056586151470556,1.137133962610459
82.20470690727234,1.1943413848529447,1.173383633220468,1.2056586151470556,1.1595453540677403
82.25477647781372,1.2024107505187354,1.2452664981744546,1.197589249481265,1.2585953813768642
82.30465579032898,1.2024107505187354,1.2656286219523616,1.197589249481265,1.3057288387528856
82.35470151901245,1.2024107505187354,1.2583359992364804,1.197589249481265,1.332292035765159
82.40486431121826,1.2024107505187354,1.2583359992364804,1.197589249481265,1.332292035765159
82.45453929901123,1.230050306416581,1.1794059829506531,1.1699496935834193,1.1714545829766114
82.50475883483887,1.230050306416581,1.187420116302726,1.1699496935834193,1.134312317741148
82.55456280708313,1.2433909392911557,1.1869094370975581,1.1566090607088446,1.069582881679141
82.60464429855347,1.2433909392911557,1.1885643205465564,1.1566090607088446,1.1251983480298526
82.65468430519104,1.2433909392911557,1.1885643205465564,1.1566090607088446,1.1251983480298526
82.70450735092163,1.2429540400251413,1.1882534955207755,1.157045959974859,1.1758960655161803
82.75450348854065,1.2897992621689065,1.1944254637097447,1.1102007378310939,1.2153207220135593
82.80449652671814,1.2897992621689065,1.2436059265208628,1.1102007378310939,1.196726562064853
82.85468626022339,1.2879519803994133,1.2757322197749277,1.112048019600587,1.1578759103352905
82.90479493141174,1.2879519803994133,1.2757322197749277,1.112048019600587,1.1578759103352905
82.95485019683838,1.2709361106682056,1.3186616496806334,1.1290638893317948,1.1779824558410867
83.00446772575378,1.2709361106682056,1.2775213765360949,1.1290638893317948,1.177042883328496
83.05454897880554,1.2709361106682056,1.2412483089181674,1.1290638893317948,1.2007372814507122
83.1048276424408,1.2709361106682056,1.2412483089181674,1.1290638893317948,1.2007372814507122
83.15475964546204,1.2898637985077233,1.2545835390145053,1.110136201492277,1.241349980081774
83.20474433898926,1.2898637985077233,1.2658241777820993,1.110136201492277,1.2652180927439893
83.25455236434937,1.2706084802704853,1.2927595492316581,1.129391519729515,1.2409822775403632
83.30454349517822,1.2706084802704853,1.3371212154508108,1.129391519729515,1.1996268036396973
83.3547260761261,1.2704678884016951,1.3249915403056427,1.1295321115983052,1.202894950057964
83.40464878082275,1.2704678884016951,1.2797908578608614,1.1295321115983052,1.198950671248162
83.45460295677185,1.2870900257159152,1.2142804978237454,1.1129099742840851,1.212172955188462
83.50449824333191,1.2870900257159152,1.1766586739099338,1.1129099742840851,1.2303212501816696
83.55450797080994,1.3049632022844067,1.2076752819398515,1.0950367977155937,1.2008578974561481
83.60473847389221,1.3049632022844067,1.2076752819398515,1.0950367977155937,1.2008578974561481
83.6545557975769,1.3049632022844067,1.2650160492038944,1.0950367977155937,1.1881887457661762
83.70479416847229,1.2838637867437912,1.240946072360619,1.1161362132562092,1.1480398109636163
83.75468492507935,1.3128691273783497,1.2163251893594542,1.0871308726216506,1.1649797939448878
83.80476951599121,1.3128691273783497,1.2087955866381335,1.0871308726216506,1.1846411337369278
83.85453343391418,1.3128691273783497,1.2173456626135681,1.0871308726216506,1.1968117989385925
83.90480661392212,1.2858865355426536,1.2173456626135681,1.1141134644573467,1.1968117989385925
83.95470571517944,1.3017914996031033,1.2446614980120476,1.098208500396897,1.1959819319756937
84.00480103492737,1.3017914996031033,1.2446614980120476,1.098208500396897,1.1959819319756937
84.05450177192688,1.3017914996031033,1.1368756225998822,1.098208500396897,1.1882276843791848
84.10475564002991,1.3017914996031033,1.1618714927898273,1.098208500396897,1.1595683018257252
84.1547966003418,1.3017914996031033,1.1618714927898273,1.098208500396897,1.1595683018257252
84.20485162734985,1.3135634049018037,1.1851687207064576,1.0864365950981967,1.1640732299781091
84.25450348854065,1.316240443244697,1.2080934720537766,1.0837595567553033,1.1884972407867427
84.30469369888306,1.316240443244697,1.1721199516285075,1.0837595567553033,1.1672972877424925
84.35467600822449,1.3585186034831442,1.1942909728465776,1.0414813965168561,1.174108473286699
84.40477132797241,1.3585186034831442,1.1942909728465776,1.0414813965168561,1.174108473286699
84.45448923110962,1.298777386478221,1.332703128154952,1.1012226135217793,1.1372252714695603
84.50477457046509,1.298777386478221,1.3555098729238075,1.1012226135217793,1.1565599779628064
84.55454587936401,1.2939118330421477,1.2768447049941478,1.1060881669578526,1.1708018376949672
84.60476779937744,1.2939118330421477,1.1886790054495047,1.1060881669578526,1.1760912034937112
84.65470504760742,1.339395902230332,1.1757345159461359,1.0606040977696685,1.2224544659763703
84.70448231697083,1.339395902230332,1.2182721934179161,1.0606040977696685,1.1635739651504802
84.75457715988159,1.3137814848370701,1.2457621241485892,1.0862185151629302,1.1099834351053026
84.80476260185242,1.3137814848370701,1.2713640537783992,1.0862185151629302,1.10673703600825
84.85468792915344,1.2752482540063013,1.3025909510550444,1.124751745993699,1.0331460249875186
84.9045798778534,1.2752482540063013,1.3182126575128505,1.124751745993699,1.0311629331400103
84.95450091362,1.273341012136956,1.2970826873808958,1.1266589878630444,1.1294848903282917
85.00481581687927,1.273341012136956,1.2970826873808958,1.1266589878630444,1.1294848903282917
85.05457210540771,1.2330767758724053,1.2847991559696228,1.166923224127595,1.1182522710681628
85.10450506210327,1.2330767758724053,1.2293400048354346,1.166923224127595,1.1620750880925321
85.15454959869385,1.262073714157331,1.2100086240460541,1.1379262858426693,1.1513413258798764
85.20474791526794,1.262073714157331,1.192033339565637,1.1379262858426693,1.1527691484120313
85.2547218799591,1.262073714157331,1.205862861290957,1.1379262858426693,1.1823043465987935
85.30452561378479,1.3011992899535922,1.1879207693968554,1.0988007100464081,1.161337326378896
85.35452389717102,1.2846294746904952,1.1606457949912907,1.1153705253095052,1.1249397958795813
85.40476608276367,1.2846294746904952,1.1499864292881705,1.1153705253095052,1.1210028389382711
85.4548990726471,1.2846294746904952,1.1499864292881705,1.1153705253095052,1.1210028389382711
85.50473093986511,1.2810525018235532,1.257966709177031,1.1189474981764471,1.1539651147846155
85.55447793006897,1.2972635224211964,1.2233970387701463,1.102736477578804,1.2262134301150998
85.60475039482117,1.2972635224211964,1.2447499736758805,1.102736477578804,1.2069110732371269
85.65450048446655,1.30292028982642,1.2170128025274063,1.0970797101735803,1.1450343034658905
85.7045202255249,1.30292028982642,1.2419168366883881,1.0970797101735803,1.1640272996853511
85.75452446937561,1.2753078370103923,1.27156015684228,1.124692162989608,1.1342241786252518
85.80470252037048,1.2753078370103923,1.2608837811351568,1.124692162989608,1.1725089081167361
85.85451030731201,1.300035170413987,1.2538914049954575,1.0999648295860134,1.246473729496843
85.90450668334961,1.300035170413987,1.280591722677637,1.0999648295860134,1.229995038468473
85.95479083061218,1.300035170413987,1.280591722677637,1.0999648295860134,1.229995038468473
86.00477814674377,1.276546065374094,1.276254201609913,1.1234539346259063,1.1558488643249916
86.05448460578918,1.2524975488268304,1.2515674253013422,1.14750245117317,1.0794307678335413
86.10470294952393,1.2524975488268304,1.1966809446706779,1.14750245117317,1.117356654026276
86.15451836585999,1.2586738387010699,1.1680349260006335,1.1413261612989305,1.1566886410778163
86.20469927787781,1.2586738387010699,1.1879387765920395,1.1413261612989305,1.131582251989796
86.25448846817017,1.2623411438371581,1.246708215303817,1.1376588561628422,1.0888392449911972
86.30441546440125,1.2623411438371581,1.2821637562612054,1.1376588561628422,1.1054057236252977
86.35446166992188,1.2509744500650057,1.2891998209368953,1.1490255499349946,1.095042203273967
86.40468502044678,1.2509744500650057,1.2891998209368953,1.1490255499349946,1.095042203273967
86.45453548431396,1.2678165045881384,1.2738172911552992,1.132183495411862,1.2025043605278878
86.50469994544983,1.2678165045881384,1.2211733974080707,1.132183495411862,1.1717408050958258
86.55451154708862,1.2497066194133921,1.2215149039171251,1.1502933805866082,1.1307973653029422
86.60471701622009,1.2497066194133921,1.149125338821725,1.1502933805866082,1.1214566441756852
86.65448141098022,1.2738833814535402,1.1298713433995735,1.1261166185464602,1.0947889716897996
86.70475745201111,1.2738833814535402,1.1298713433995735,1.1261166185464602,1.0947889716897996
86.75467777252197,1.2738833814535402,1.1276689055783604,1.1261166185464602,1.0731496045190605
86.80471611022949,1.4740367322836183,1.1341942652440251,0.930806750833956,1.0712391687936464
86.85454964637756,1.6733708768759035,1.194170121111018,0.9660029607861619,1.0277585918965415
86.9048182964325,1.87444547709563,1.3907750047770295,0.9660029607861619,0.9842416549418858
86.9544792175293,2.0730891614828373,1.606586595482217,0.9544106880299528,0.9923976205402623
87.004723072052,2.2740645795736576,1.606586595482217,0.9544106880299528,0.9923976205402623
87.05458641052246,2.4735179334554935,1.878914993395223,1.046628541200438,1.0808568748715297
87.104820728302,2.5533714587995617,2.1042271428310206,1.046628541200438,1.1491167909937898
87.15450692176819,2.5533714587995617,2.3835830224920036,1.046628541200438,1.2744012606223587
87.20489931106567,2.560523338880962,2.3835830224920036,1.0394766611190378,1.2744012606223587
87.25479888916016,2.560523338880962,2.4286328392987038,1.0394766611190378,1.2540271282988378
87.30450582504272,2.560523338880962,2.301702565526679,1.0394766611190378,1.179567945497461
87.3546929359436,2.560523338880962,2.258961625066655,1.0394766611190378,1.1481348034729582
87.40479254722595,2.581782068409518,2.1573445464970793,1.0182179315904816,1.1291425808783777
87.45473790168762,2.581782068409518,2.135666282146053,1.0182179315904816,1.1614053267663624
87.50480604171753,2.4676679603507354,2.129736401260689,1.1323320396492644,1.189390273753139
87.55452632904053,2.4676679603507354,2.1670959176680364,1.1323320396492644,1.1888525425617693
87.60469460487366,2.499832505300879,2.158466731432731,1.1001674946991207,1.212270351602125
87.6547839641571,2.499832505300879,2.201441358430693,1.1001674946991207,1.312325086383376
87.70472836494446,2.392777075774297,2.175967470730606,1.2072229242257024,1.330894157715447
87.75450921058655,2.392777075774297,2.1977907110053865,1.2072229242257024,1.3370156662190023
87.80478358268738,2.393453900964083,2.1977907110053865,1.2065460990359167,1.3370156662190023
87.85462832450867,2.393453900964083,2.0569662225711633,1.2065460990359167,1.3474561829405545
87.90469741821289,2.410534495485691,2.0040110006023033,1.189465504514309,1.3710484239710874
87.95449924468994,2.410534495485691,2.00333049127292,1.189465504514309,1.364035367010311
88.00467729568481,2.3938922454021547,2.0479177125531365,1.206107754597845,1.3578337904351745
88.05462431907654,2.3938922454021547,2.0700799806679937,1.206107754597845,1.3333656624509498
88.1047294139862,2.3711002498854206,2.076291944400036,1.228899750114579,1.3516710508663752
88.15448379516602,2.3711002498854206,2.0062541645131127,1.228899750114579,1.4019037122230378
88.20479035377502,2.3683670031853667,2.0062541645131127,1.231632996814633,1.4019037122230378
88.25470924377441,2.3683670031853667,1.988809167574293,1.231632996814633,1.4774592369732462
88.30481004714966,2.3509790243043303,1.9096343681444334,1.2490209756956694,1.4466431921698049
88.35459542274475,2.3509790243043303,1.8996397235085165,1.2490209756956694,1.4298655468792831
88.4045057296753,2.2877965952613333,1.8927641193183518,1.3122034047386664,1.4340177540268106
88.45481753349304,2.2877965952613333,1.8927641193183518,1.3122034047386664,1.4340177540268106
88.50471138954163,2.2504544328426745,1.875375479489818,1.349545567157325,1.5091729814699706
88.5547194480896,2.2504544328426745,1.875375479489818,1.349545567157325,1.5091729814699706
88.60476636886597,2.219000398177273,1.7585215610066265,1.380999601822727,1.4785267422113744
88.65454149246216,2.219000398177273,1.8041542910961934,1.380999601822727,1.5061234721794734
88.70449542999268,2.198617697838333,1.8392747787271249,1.4013823021616665,1.5300241168470983
88.75493025779724,2.198617697838333,1.8392747787271249,1.4013823021616665,1.5300241168470983
88.80470085144043,2.200416276712956,1.8137710693293219,1.399583723287044,1.503954917390613
88.85480856895447,2.200416276712956,1.8555996013693834,1.399583723287044,1.553251787495423
88.90475606918335,2.2102142564999467,1.823541192758542,1.3897857435000531,1.5420403687257083
88.9545030593872,2.2102142564999467,1.8205014480814017,1.3897857435000531,1.5531708866903462
89.0047218799591,2.1945769160572124,1.8205014480814017,1.4054230839427873,1.5531708866903462
89.05484390258789,2.1945769160572124,1.8205014480814017,1.4054230839427873,1.5531708866903462
89.1047089099884,2.1399317450305255,1.79343113375729,1.4600682549694743,1.5626274128069393
89.1547338962555,2.1399317450305255,1.7836432308333472,1.4600682549694743,1.592616060289834
89.20478343963623,2.196660863677837,1.7588289684192189,1.4033391363221628,1.5959697838710882
89.25452327728271,2.196660863677837,1.8122515672569814,1.4033391363221628,1.5874696180457692
89.30471301078796,2.2178660172259397,1.8549013564869883,1.3821339827740602,1.5544379569972095
89.354745388031,2.2178660172259397,1.8549013564869883,1.3821339827740602,1.5544379569972095
89.40474581718445,2.137997141550424,1.9255937749895566,1.4620028584495754,1.4898935165800489
89.45485281944275,2.137997141550424,1.9303695302517334,1.4620028584495754,1.506422877554816
89.50466847419739,2.1380743964504405,1.8447383525840446,1.4619256035495591,1.5222779322545728
89.5545244216919,2.1380743964504405,1.7416923497816277,1.4619256035495591,1.573753928851912
89.60449767112732,2.10894124522181,1.7727344198715813,1.4910587547781893,1.5800886877936708
89.65470361709595,2.10894124522181,1.8465325604805516,1.4910587547781893,1.6036291764460535
89.70483827590942,2.1187282201678403,1.909206234369129,1.481271779832159,1.6139894621234845
89.75449967384338,2.1187282201678403,1.9959176184315932,1.481271779832159,1.624625806498421
89.80469274520874,2.1187282201678403,2.0074547649371297,1.481271779832159,1.625591352276738
89.85475420951843,2.1187282201678403,1.956385101052592,1.481271779832159,1.5880704458292634
89.90479588508606,2.0515144388339808,1.8417839640995752,1.5484855611660189,1.5488550473118892
89.95469284057617,2.0515144388339808,1.8202447196615275,1.5484855611660189,1.5613275414028807
90.00448632240295,2.0667181033172204,1.7453819852451604,1.5332818966827795,1.6177834316366262
90.05468964576721,2.0667181033172204,1.7426789691941782,1.5332818966827795,1.6381699911692147
90.10484004020691,2.0665943165157836,1.7487424310766522,1.5334056834842158,1.6314137508370306
90.15477156639099,2.0665943165157836,1.8043216167708467,1.5334056834842158,1.6277879332267458
90.20448517799377,2.0636193968506853,1.873506880019622,1.5363806031493144,1.6287705237695431
90.25472116470337,2.0636193968506853,1.8788506327442587,1.5363806031493144,1.6061066580425092
90.30477523803711,2.0491675900922686,1.8902554132356262,1.5508324099077313,1.614660002920999
90.35451602935791,2.0491675900922686,1.9115393890388634,1.5508324099077313,1.6045271607209628
90.4047863483429,2.005553680018581,1.9062088211445705,1.594446319981419,1.606300881622397
90.45467615127563,2.005553680018581,1.8779513506913912,1.594446319981419,1.6002300111477958
90.5044960975647,2.023153995403748,1.8750580592618526,1.5768460045962513,1.6331350921445573
90.5547251701355,2.023153995403748,1.893114105832558,1.5768460045962513,1.6460381455011421
90.60470724105835,2.0447251164876667,1.9039702377219134,1.555274883512333,1.6237553157849522
90.65471959114075,2.0447251164876667,1.8936741338312317,1.555274883512333,1.6082956242004662
90.70480251312256,2.0434055081809226,1.9851891991502217,1.556594491819077,1.6176301541971125
90.754714012146,2.0434055081809226,1.9985832499387086,1.556594491819077,1.5918345893519028
90.80472922325134,2.0434055081809226,1.9626999757381278,1.556594491819077,1.5805153386031474
90.85476350784302,2.0434055081809226,1.9321306107649323,1.556594491819077,1.584547546013649
90.90474963188171,2.0555942515706076,1.8687512049034518,1.544405748429392,1.6027084254638395
90.95450639724731,2.0555942515706076,1.818953426648611,1.544405748429392,1.6091649679440123
91.00451254844666,2.028307926000209,1.81984388064245,1.571692073999791,1.5865574746643731
91.05475854873657,2.028307926000209,1.8385440131338822,1.571692073999791,1.5936647249215325
91.10478067398071,2.0461841197527844,1.7961756045930048,1.5538158802472153,1.5733001563413196
91.15454626083374,2.0461841197527844,1.7913788549847893,1.5538158802472153,1.6201612315205796
91.20451140403748,2.0592002239353073,1.8192574784546194,1.540799776064692,1.6375797567949795
91.25476884841919,2.0592002239353073,1.9106458022137556,1.540799776064692,1.6706062166042126
91.30483365058899,2.0315623005577708,1.8853337142684485,1.5684376994422289,1.6466730168395158
91.35450410842896,2.0315623005577708,1.8587271451100489,1.5684376994422289,1.601937982507697
91.40476608276367,2.018215024326352,1.8532048206023495,1.5817849756736477,1.5934769391065184
91.45470070838928,2.018215024326352,1.8608168318447633,1.5817849756736477,1.6099508266107563
91.50447916984558,2.0800072587902734,1.805441182419437,1.5199927412097263,1.6142981693907852
91.55492806434631,2.0800072587902734,1.8456522327297131,1.5199927412097263,1.624622143951569
91.60466766357422,2.0744563734709542,1.9311394441711855,1.5255436265290456,1.6271094504526307
91.65448498725891,2.0744563734709542,1.9019987176353732,1.5255436265290456,1.5685536370558248
91.70469331741333,2.0744563734709542,1.8620248218951823,1.5255436265290456,1.575664950819589
91.75450277328491,2.0744563734709542,1.8448966496197534,1.5255436265290456,1.5573059344572224
91.80468344688416,2.0767549529006235,1.8350529153230721,1.5232450470993761,1.5663094100099466
91.85456657409668,2.0767549529006235,1.8577268708032284,1.5232450470993761,1.5544755892531277
91.90471053123474,2.0767549529006235,1.873035766659328,1.5232450470993761,1.5557781518665386
91.954758644104,2.0767549529006235,1.8947276322763498,1.5232450470993761,1.5573779461801327
92.0047504901886,2.0767549529006235,1.9742205541868687,1.5232450470993761,1.5928232568986513
92.05449604988098,2.0767549529006235,1.9781145010324885,1.5232450470993761,1.6171868512305871
92.10468435287476,2.0767549529006235,1.954766393444511,1.5232450470993761,1.62406084546828
92.15450263023376,2.0767549529006235,1.9311752989560032,1.5232450470993761,1.5819597635604752
92.20482444763184,2.0767549529006235,1.9570393487614193,1.5232450470993761,1.589506363507379
92.25457763671875,2.0767549529006235,1.8954761926506274,1.5232450470993761,1.6284287337407077
92.30474495887756,0.0,1.869092041502852,0.0,1.625703737970865
92.3546531200409,0.0,1.5527840339721233,0.0,1.4124587977535745
92.40480303764343,0.0,0.36157871828368865,0.0,0.5117251570680339
92.45449352264404,0.0,-0.5749209618775788,0.0,-0.04417019644754558
92.50469136238098,0.0,-0.5749209618775788,0.0,-0.04417019644754558
92.55468559265137,0.0,-0.16755829909927178,0.0,-0.006883329628858118
92.60473132133484,0.0,-0.03587923494393775,0.0,-0.0024779986663889223
163.10466194152832,0.1998910903930664,-5e-324,0.1998910903930664,5e-324
163.15468764305115,0.399993896484375,-5e-324,0.399993896484375,5e-324
163.2044882774353,0.5157738069228661,0.16517914587259294,0.5991964340209961,0.28340861997008326
163.25466465950012,0.5157738069228661,0.3085823425793648,0.7999019622802734,0.553259443525076
163.30472803115845,0.5157738069228661,0.3085823425793648,1.0001554489135742,0.553259443525076
163.35468077659607,0.5157738069228661,0.4651911074957314,1.1999664306640625,0.8878729614479886
163.40450239181519,0.5157738069228661,0.5211931603798141,1.3992528915405273,1.089497071399145
163.45477080345154,0.5157738069228661,0.5321487571352317,1.6003265380859375,1.1893651086904475
163.50468349456787,0.5157738069228661,0.5260206038553809,1.7999773025512695,1.2898516511494353
163.55453896522522,0.5157738069228661,0.6094064378099291,1.999399185180664,1.4225286777023551
163.6047215461731,0.0,0.663697287917971,0.0,1.5646758795453577
163.65468907356262,0.0,0.6887859697869442,0.0,1.6926726789715338
163.7045247554779,0.0,0.21464764904756353,0.0,0.3858315285396148
163.80467200279236,0.0,-0.021856479503725386,0.0,-0.3189861147015131
163.8547773361206,0.0,-0.013113887702235231,0.0,-0.2579195152764819
163.9047191143036,0.0,-0.013113887702235231,0.0,-0.2579195152764819
179.85485816001892,0.20125198364257812,-3.156724915747172e-163,0.20125198364257812,-3.0933676801214055e-161
179.90469574928284,0.4006023406982422,-1.1364209696689818e-163,0.4006023406982422,-1.1136123648437058e-161
179.95449900627136,0.5998153686523438,0.30352747839689254,0.5998153686523438,0.17227688214182854
180.0047152042389,0.6815404623163219,0.5545528616976738,0.8006801605224609,0.3228390757358074
180.05450892448425,0.6815404623163219,0.7074200351168632,0.9998550415039062,0.46014209905085557
180.1045000553131,0.6815404623163219,0.751442456131385,1.199819564819336,0.7225718166516681
180.15468406677246,0.6869783288479137,0.7376234435350932,1.4005556106567383,0.840739373331455
180.2047426700592,0.6869783288479137,0.7336333813256763,1.600790023803711,0.9410326027662681
180.25455331802368,0.7374008418025508,0.7682499582260333,1.800032615661621,1.2873744404231835
180.30475735664368,0.7374008418025508,0.8254247270115429,2.0008487701416016,1.490478419157815
180.35468697547913,0.7383895759797163,0.8558215175421792,2.2005672454833984,1.5675472198341913
180.40452599525452,0.7383895759797163,0.916901366875567,2.399923324584961,1.7614545068877496
180.4547679424286,0.7906034109757802,0.9490310777304165,2.60089111328125,1.914784657063635
180.50499653816223,0.7906034109757802,0.9369669352439973,2.8018054962158203,2.033257279551942
180.55450749397278,0.8594141195822718,0.9473395131040072,2.740585880417728,2.130865214022488
180.60474181175232,0.8594141195822718,0.969051744294469,2.740585880417728,2.277282375485596
180.65453100204468,0.8594141195822718,1.0442396228735624,2.740585880417728,2.3178447514895932
180.70473742485046,0.8594141195822718,1.0744686517199866,2.740585880417728,2.3101326810166003
180.7547070980072,0.9949348388512361,1.0748140809445736,2.6050651611487634,2.2580708618227754
180.8047046661377,0.9949348388512361,1.0707347487512526,2.6050651611487634,2.2907581885551496
180.8546335697174,1.0508280200529465,1.10268585545194,2.549171979947053,2.217151952739778
180.90449619293213,1.0508280200529465,1.1820211338904731,2.549171979947053,2.121388986029768
180.95467877388,1.0439651818429514,1.2547496912923062,2.5560348181570482,2.1156409386343515
181.00486397743225,1.0439651818429514,1.2666760238902546,2.5560348181570482,2.1021668649988206
181.0545573234558,1.112866353166767,1.2493479235016147,2.4871336468332323,2.0773578025320827
181.10448503494263,1.112866353166767,1.2175245596108093,2.4871336468332323,2.069256351081793
181.15473294258118,1.1367608048329152,1.21435360390766,2.4632391951670844,2.020232037120023
181.20484685897827,1.1367608048329152,1.2275709645678015,2.4632391951670844,1.9969598265963546
181.25481510162354,1.1289613026512928,1.2922185159458273,2.471038697348707,1.881650314121961
181.30469512939453,1.1289613026512928,1.3009010968645545,2.471038697348707,1.8674492510494707
181.3546600341797,1.173540549712345,1.28839287762026,2.4264594502876546,1.90472872121482
181.40480136871338,1.173540549712345,1.2650645590077638,2.4264594502876546,1.9120654288729961
181.4546341896057,1.208779719177651,1.2248500445991926,2.3912202808223486,1.9621166386943065
181.50456500053406,1.208779719177651,1.2691528528585232,2.3912202808223486,2.0258964261738512
181.55477023124695,1.206782929659647,1.2853251074428869,2.3932170703403526,2.028199695157816
181.6047489643097,1.206782929659647,1.303584286260921,2.3932170703403526,1.9973364434031762
181.65468955039978,1.2282477189213643,1.3272223479825205,2.3717522810786353,1.976140209247641
181.70473265647888,1.2282477189213643,1.3280259087304334,2.3717522810786353,2.018017349795093
181.75473928451538,1.2560905848380264,1.344827818469001,2.3439094151619733,2.0523067246294096
181.80489087104797,1.2560905848380264,1.344827818469001,2.3439094151619733,2.0523067246294096
181.85451936721802,1.3149822704017216,1.3661582313780136,2.285017729598278,2.022954718456857
181.9048295021057,1.3149822704017216,1.3661582313780136,2.285017729598278,2.022954718456857
181.95463967323303,1.3149822704017216,1.364326705625397,2.285017729598278,2.000434678063522
182.00467777252197,1.3541218248636544,1.3815911972847255,2.2458781751363452,2.0199442343470086
182.05460000038147,1.3660754173361676,1.3973995195982458,2.2339245826638323,1.9798041881283508
182.1044843196869,1.3660754173361676,1.4634144814596617,2.2339245826638323,2.0019526632081113
182.15469622612,1.4041924586928853,1.4566350023193135,2.1958075413071145,1.9625560623926155
182.204692363739,1.4041924586928853,1.4497027182723863,2.1958075413071145,1.9664856304241556
182.25451946258545,1.407627479491877,1.4565118562157442,2.1923725205081226,1.9643578018799306
182.30482363700867,1.407627479491877,1.486669536029416,2.1923725205081226,2.0054597480078296
182.35473012924194,1.407627479491877,1.486669536029416,2.1923725205081226,2.0054597480078296
182.4046757221222,1.4020470607074307,1.506279155354825,2.197952939292569,2.0446735306837334
182.45469999313354,1.4400556113825977,1.5004990690020779,2.159944388617402,2.0686986047360243
182.504549741745,1.4400556113825977,1.4942851041260063,2.159944388617402,1.9750785665154376
182.55469250679016,1.4965589758212334,1.48358842758546,2.103441024178766,1.8669496191658945
182.60479474067688,1.4965589758212334,1.48358842758546,2.103441024178766,1.8669496191658945
182.65452003479004,1.4606815448702686,1.502746403682788,2.139318455129731,1.866051128079508
182.70451283454895,1.4606815448702686,1.5928040443472156,2.139318455129731,1.886685515764478
182.75447702407837,1.4606815448702686,1.6038679110507519,2.139318455129731,1.8994865746461593
182.80477905273438,1.4606815448702686,1.6038679110507519,2.139318455129731,1.8994865746461593
182.85469341278076,1.4606815448702686,1.6038679110507519,2.139318455129731,1.8994865746461593
182.9045271873474,1.4606815448702686,1.5023867086877738,2.139318455129731,1.8202028082817763
182.95454120635986,1.4606815448702686,1.5138289331070298,2.139318455129731,1.8539622428539981
183.00474858283997,1.4606815448702686,1.5360986971380133,2.139318455129731,1.8418598390528054
183.05447959899902,1.4606815448702686,1.5484892722408685,2.139318455129731,1.8541106756977475
183.10470843315125,1.4606815448702686,1.5432778476395863,2.139318455129731,1.8846370450181569
183.15460300445557,0.0,1.5222585253257273,0.0,1.9234801270314268
183.2048065662384,0.0,1.5231936962806416,0.0,1.9163862787335046
183.25462937355042,0.0,0.8999613012614942,0.0,1.0580715483518608
183.3045380115509,0.0,-0.010846770115642904,0.0,-0.39448984643261553
183.3545000553131,0.0,-0.11438857989595502,0.0,-0.5910792881742988
183.40474128723145,0.0,-0.03669649086148561,0.0,-0.3404930878101304
191.65448546409607,0.19891834259033203,1.5220116694769549e-84,0.19891834259033203,-2.181861574223559e-84
191.7048318386078,0.40030384063720703,0.06335985064506532,0.40030384063720703,0.023759943991899492
191.75458216667175,0.5993051528930664,0.27981296205520634,0.5993051528930664,0.09686137744784355
191.80457854270935,0.799290657043457,0.6258539789237976,0.799290657043457,0.30913019122624397
191.85450291633606,0.0,0.8131387937063599,0.0,0.48912163713673595
191.904691696167,0.0,0.851560898237113,0.0,0.6250426705484149
191.95477628707886,0.0,0.851560898237113,0.0,0.6250426705484149
192.00450730323792,0.0,-0.07300933243969701,0.0,-0.10129872674144602
192.0546715259552,0.0,-0.21183820501139028,0.0,-0.24147454755686748
192.10453248023987,0.0,-0.10736762277282054,0.0,-0.15285935019603902
192.1545169353485,0.1999378204345703,-0.03126036167262831,0.1999378204345703,-0.05502936607057405
192.20474433898926,0.4008474349975586,0.0014182399268668723,0.4008474349975586,-0.019810571785406655
192.25486612319946,0.6013345718383789,0.156851002117004,0.6013345718383789,0.11261831718124042
192.30472445487976,0.8007678985595703,0.6094882477965368,0.8007678985595703,0.44292827104972216
192.35482168197632,1.0011568069458008,0.8439097877614408,1.0011568069458008,0.5889203369216194
192.4045078754425,1.1999015808105469,0.9468110016443506,1.1999015808105469,0.6745877559040572
192.45455646514893,1.4000959396362305,1.0460471014305892,1.4000959396362305,0.8332862220426054
192.5045289993286,1.5999860763549805,1.2560996315506088,1.5999860763549805,1.1815665661334438
192.5547435283661,1.8008441925048828,1.3944326389417763,1.8008441925048828,1.3114859330310624
192.60450768470764,1.9999008178710938,1.549532123157467,1.9999008178710938,1.4550838256235434
192.65461087226868,2.2003135681152344,1.8207496254382556,2.2003135681152344,1.730857388637542
192.7047688961029,2.4009456634521484,1.8207496254382556,2.4009456634521484,1.730857388637542
192.75475072860718,2.6008729934692383,2.10473630843922,2.6008729934692383,2.0275009079192934
192.80450010299683,2.799870491027832,2.3865916514790726,2.799870491027832,2.259306366993746
192.85461163520813,3.000316619873047,2.5314082450054887,3.000316619873047,2.402281089694653
192.9045135974884,3.1999244689941406,2.6579005484479477,3.1999244689941406,2.5627068677203733
192.954496383667,3.399855613708496,2.874102089601231,3.399855613708496,2.8066125220964238
193.00473427772522,3.5999999999999996,2.9970501615276834,3.5999999999999996,2.848608237752076
193.05450797080994,3.5999999999999996,3.097841227781924,3.5999999999999996,2.824932587950977
193.10469222068787,3.5999999999999996,3.2091867511506624,3.5999999999999996,2.9329777000461412
193.15451622009277,3.5999999999999996,3.3301818663247147,3.5999999999999996,3.220458426816534
193.2045612335205,3.5999999999999996,3.3252772150409595,3.5999999999999996,3.3074706359183565
193.25480914115906,3.5999999999999996,3.281401374029125,3.5999999999999996,3.261210306768743
193.3044729232788,3.5999999999999996,3.341141793317391,3.5999999999999996,2.8201547636643927
193.35451674461365,3.5999999999999996,3.385756068177268,3.5999999999999996,2.591134106185051
193.4047336578369,3.5999999999999996,3.3366752527048273,3.5999999999999996,2.5611564857003737
193.45450615882874,3.5999999999999996,3.3542860911568435,3.5999999999999996,2.5636124995555036
193.5045154094696,3.5999999999999996,3.3705778515200766,3.5999999999999996,2.5727206082536775
193.55449676513672,3.5999999999999996,3.4505457524365157,3.5999999999999996,2.6036162512363097
193.60471868515015,3.5999999999999996,3.4129446951355686,3.5999999999999996,2.5489388800928987
193.65461897850037,3.5999999999999996,3.39136955527566,3.5999999999999996,2.5600241743541954
193.70469307899475,3.5999999999999996,3.3863744833043894,3.5999999999999996,2.5931209155208066
193.75451159477234,3.5999999999999996,3.430325348095286,3.5999999999999996,2.645762074600639
193.8045072555542,3.5999999999999996,3.429902133554049,3.5999999999999996,2.5641114241877734
193.85478234291077,3.5999999999999996,3.4305532183205463,3.5999999999999996,2.55701632715462
193.9047029018402,3.5999999999999996,3.433128469203307,3.5999999999999996,2.616061919035429
193.9547791481018,3.5999999999999996,3.374395295551527,3.5999999999999996,2.6862708725432687
194.0047779083252,3.5999999999999996,3.371819774355093,3.5999999999999996,2.745397968217139
194.05469965934753,3.5999999999999996,3.3786959695979117,3.5999999999999996,2.7670333110538974
194.10448789596558,3.5999999999999996,3.4304487238728463,3.5999999999999996,2.801651710293843
194.15453433990479,3.5999999999999996,3.461085655584459,3.5999999999999996,2.8240371682723118
194.2047140598297,3.5999999999999996,3.468625723705718,3.5999999999999996,2.7828812553338915
194.25449395179749,3.5999999999999996,3.362460286397706,3.5999999999999996,2.6284254057593124
194.30447626113892,3.5999999999999996,3.1673563976004298,3.5999999999999996,2.4571781887304374
194.35450339317322,3.5999999999999996,3.1028198382466283,3.5999999999999996,2.3548495698103284
194.40451836585999,3.5999999999999996,3.1405200283959833,3.5999999999999996,2.3741063473747603
194.45449018478394,3.5999999999999996,3.1790904279196974,3.5999999999999996,2.4565881418511784
194.5046830177307,3.5999999999999996,3.1958331230513353,3.5999999999999996,2.466838905596454
194.55450582504272,3.5999999999999996,3.211538975880358,3.5999999999999996,2.5328305946458216
194.6045618057251,3.5999999999999996,3.108601684133701,3.5999999999999996,2.466545834064561
194.65477561950684,3.5999999999999996,2.9779955034591525,3.5999999999999996,2.4538556482506078
194.70460295677185,3.5999999999999996,2.976074951568222,3.5999999999999996,2.459918872153784
194.75455594062805,3.5999999999999996,2.9460465971275482,3.5999999999999996,2.5368869598994346
194.8047297000885,3.5999999999999996,2.863164627443945,3.5999999999999996,2.516283584700454
194.85450839996338,3.5999999999999996,2.850751010379027,3.5999999999999996,2.528578297996436
194.90450429916382,3.5999999999999996,3.084422572856128,3.5999999999999996,2.5010502832015806
194.954740524292,3.5999999999999996,3.154243272926204,3.5999999999999996,2.5753612457590265
195.00449514389038,3.5999999999999996,3.178953319107822,3.5999999999999996,2.644284721970302
195.05453252792358,3.5999999999999996,3.1194685707027903,3.5999999999999996,2.631770590577033
195.10475873947144,3.5999999999999996,3.1363400510383315,3.5999999999999996,2.5715376399636884
195.15454244613647,3.5999999999999996,3.28714336960671,3.5999999999999996,2.5679678581719623
195.20451474189758,3.5999999999999996,3.4100555796819734,3.5999999999999996,2.639663732917512
195.25473880767822,3.5999999999999996,3.441938913562219,3.5999999999999996,2.7223387945430533
195.30462551116943,3.5999999999999996,3.4554190371104454,3.5999999999999996,2.8246439006296002
195.3545343875885,3.5999999999999996,3.4684756946683537,3.5999999999999996,2.8630195131194784
195.4048342704773,3.5999999999999996,3.480106023029826,3.5999999999999996,2.9095045925483296
195.45471334457397,3.5999999999999996,3.5166856624161036,3.5999999999999996,3.0404057860841225
195.5047149658203,3.5999999999999996,3.5299335161736547,3.5999999999999996,3.1699772486854743
195.55466961860657,3.5999999999999996,3.506111759181891,3.5999999999999996,3.2085446861899785
195.6045162677765,3.5999999999999996,3.45778249845802,3.5999999999999996,3.185959657496576
195.65452885627747,3.5999999999999996,3.4690493076297013,3.5999999999999996,3.1012009050129765
195.70472621917725,3.5999999999999996,3.467340130718401,3.5999999999999996,3.0725427431848296
195.7545530796051,3.5999999999999996,3.486588890234894,3.5999999999999996,3.066583193408966
195.80474162101746,3.5999999999999996,3.534027877407169,3.5999999999999996,3.0820645274165344
195.8546802997589,3.5999999999999996,3.5125024129536646,3.5999999999999996,3.043114380915135
195.90452122688293,3.5999999999999996,3.4816859367938124,3.5999999999999996,3.1049513281151664
195.95476412773132,3.5999999999999996,3.4870793176931603,3.5999999999999996,3.125260238436401
196.00504231452942,3.5999999999999996,3.471204366157489,3.5999999999999996,3.1502722816774336
196.05448508262634,3.5999999999999996,3.413616192055954,3.5999999999999996,3.197740561381903
196.1047601699829,3.5999999999999996,3.3854624122547676,3.5999999999999996,3.2022098088083006
196.1545443534851,3.5999999999999996,3.416081830052157,3.5999999999999996,3.2655792332991505
196.20473432540894,3.5999999999999996,3.377688428469045,3.5999999999999996,3.2011954437722405
196.25449132919312,3.5999999999999996,3.3588772466328893,3.5999999999999996,3.164184834397899
196.30449032783508,3.5999999999999996,3.2291772257207016,3.5999999999999996,3.186415086568203
196.35474467277527,0.0,3.2291772257207016,0.0,3.186415086568203
196.404536485672,0.0,3.179236519744297,0.0,3.3400841686262215
196.45455932617188,0.0,1.9386373526133178,0.0,2.100428270690448
196.50474905967712,0.0,0.054302936778440836,0.0,0.1223252433155082
196.5547389984131,0.0,-0.8295948054840655,0.0,-0.8831490581888878
196.6044921875,0.0,-0.5337859067155227,0.0,-0.5721310731194741
196.6545021533966,0.0,-0.03748568765520946,0.0,-0.04534996234496805
196.70471334457397,0.0,0.2099278263847832,0.0,0.2001667057879435
196.75449538230896,0.0,0.22574847296481157,0.0,0.20325982781694335
196.8047857284546,0.0,0.07275921514938911,0.0,0.020144177430752277
286.75448203086853,0.0,-0.07364949307203293,0.0,-5e-324
286.80475425720215,0.0,-0.060497738616561894,0.0,-5e-324
286.85472559928894,0.0,-0.03175836331733322,0.0,-5e-324
286.9048547744751,0.0,-0.019055017990399933,0.0,-5e-324
664.7048871517181,0.0,-0.01663196235895157,0.0,5e-324
664.7547171115875,0.0,-0.020450081765651704,0.0,5e-324
722.5546579360962,-0.19984912872314453,-5e-324,0.19984912872314453,5e-324
722.6044726371765,-0.3991079330444336,-0.041579906642436985,0.3991079330444336,0.04989588856697083
722.6546075344086,-0.5996475219726562,-0.2858321539759636,0.5996475219726562,0.2805099210739136
722.705114364624,-0.8016748428344727,-0.2858321539759636,0.8016748428344727,0.2805099210739136
722.75457072258,-0.9995002746582031,-0.6827083277461052,0.9995002746582031,0.6163596236625672
722.8045656681061,-1.1994800567626953,-0.799691640654461,1.1994800567626953,0.7291642900914918
722.8546741008759,-1.3999137878417969,-0.8396275198429419,1.3999137878417969,0.8665437710034818
722.9045300483704,-1.5993375778198242,-0.7929087599266621,1.5993375778198242,0.9584242300420274
722.9544858932495,-1.7991609573364258,-0.8666506173165833,1.7991609573364258,1.0737111553336702
723.0045642852783,0.0,-1.0069726095897744,0.0,1.1741781873030255
723.0546960830688,0.0,-1.082529441820483,0.0,1.2988469258256956
723.104465007782,0.0,-0.038382331770947076,0.0,0.2473239662594171
723.1547698974609,0.0,0.40451234570421324,0.0,-0.3245930208320652
723.2047958374023,0.0,0.40451234570421324,0.0,-0.3245930208320652
723.2546536922455,0.0,0.1390139592416045,0.0,-0.1791542148082215
723.3044891357422,0.0,0.027033261971575292,0.0,-0.03869731039857584
723.3545291423798,0.0,0.018047955489242887,0.0,-0.022247012922963084
724.8547275066376,-0.20082473754882812,4.2823247344372723e-16,0.20082473754882812,-2.968719375938192e-16
724.9048001766205,-0.40111541748046875,5.5498928558307044e-17,0.40111541748046875,-3.847460311215896e-17
724.9544951915741,-0.5998954772949219,-0.04640317386388777,0.5998954772949219,0.14918870198726655
725.004860162735,-0.8013553619384766,-0.0856089848613739,0.8013553619384766,0.30081135321140284
725.0547547340393,-1.0009336471557617,-0.17661889940509795,1.0009336471557617,0.4340193353479385
725.1045260429382,-1.2000188827514648,-0.30351903473140873,1.2000188827514648,0.5690640429054916
725.1546812057495,-1.400639533996582,-0.42943210757303985,1.400639533996582,0.6040301282189567
725.2048106193542,-1.6011571884155273,-0.5500463319654301,1.6011571884155273,0.6716922602289538
725.2547183036804,-1.8007879257202148,-0.7447020270646227,1.8007879257202148,0.8762823801481827
725.3047153949738,-2.0007762908935547,-0.8956294199784022,2.0007762908935547,1.0596779654470958
725.3547141551971,-2.2007713317871094,-1.184388219997012,2.2007713317871094,1.2061845012436652
725.4048216342926,-2.4012012481689453,-1.3607633947198594,2.4012012481689453,1.3153877191995504
725.4547317028046,-2.600841522216797,-1.4904681028913858,2.600841522216797,1.442459805008945
725.5045034885406,-2.799928665161133,-1.6621815086315217,2.799928665161133,1.5882776968186998
725.5547380447388,-3.0008668899536133,-1.8019345469800285,3.0008668899536133,1.7450892207326616
725.6046781539917,-3.0879754774595547,-2.0009472322771904,3.200627326965332,1.927115953348951
725.6544978618622,0.0,-2.3106183728475322,0.0,2.2011991826879
725.7047445774078,0.0,-2.041386570485793,0.0,2.052866290385259
725.7546417713165,0.0,-2.041386570485793,0.0,2.052866290385259
725.8046939373016,0.0,0.6251309305037795,0.0,-0.547493970059787
725.8547487258911,0.0,1.1236482711889413,0.0,-1.0469910558450586
725.9046893119812,0.0,0.8602291256996895,0.0,-0.8426116987367285
725.9548051357269,0.0,0.1787435848407592,0.0,-0.2829282594072751
726.0046503543854,0.0,-0.051153478688440016,0.0,-0.1063971005289514
726.0548167228699,-0.20066547393798828,-0.20509082861897426,0.20066547393798828,0.06128505162594963
726.1047146320343,-0.4002571105957031,-0.09098987950619605,0.4002571105957031,0.02066203266572326
726.1544945240021,-0.5993766784667969,-0.22171045337644313,0.5993766784667969,0.19024924234550533
726.2048439979553,-0.8007745742797852,-0.22171045337644313,0.8007745742797852,0.19024924234550533
726.2546896934509,-1.000157356262207,-0.5082827937055698,1.000157356262207,0.5438663985487002
726.304708480835,-1.2002325057983398,-0.6053605031293299,1.2002325057983398,0.6627661952789847
726.354659318924,-1.4000358581542969,-0.6874046880479454,1.4000358581542969,0.718049906590565
726.4046449661255,-1.413114675272837,-0.7864814506203703,1.5999784469604492,0.7484479571840967
726.4545328617096,-1.413114675272837,-0.9371836737539219,1.799530029296875,0.8949917221764476
726.5047147274017,-1.413114675272837,-1.0095549758343403,2.0002574920654297,1.0460041236174018
726.5547032356262,-1.2131606423748877,-1.0218278909707728,2.200211524963379,1.182815597222754
726.6044881343842,-1.0140210473431495,-0.9500263311978864,2.399351119995117,1.4579789660429614
726.6546931266785,-0.8132010781659034,-0.8246689955657729,2.6001710891723633,1.532436660124862
726.7047092914581,-0.7575106043692541,-0.6635071272945169,2.8002357482910156,1.6305853502252114
726.7546994686127,-0.55754989575109,-0.5644239029464581,2.7824040502990663,1.6852095828234204
726.8047394752502,-0.382404050299066,-0.22539202772521288,2.7824040502990663,1.8857090090561188
726.8546845912933,-0.382404050299066,-0.05467218443786854,2.7824040502990663,1.964267230352484
726.9046974182129,-0.382404050299066,-0.03159363833678635,2.7824040502990663,1.9146482430651388
726.9547562599182,-0.382404050299066,-0.06025721526484325,2.7824040502990663,2.002619815448091
727.0047018527985,-0.382404050299066,-0.04447031033838174,2.7824040502990663,2.0414859489078316
727.0547037124634,-0.382404050299066,-0.014623651911412159,2.7824040502990663,1.886706895331299
727.1047985553741,-0.382404050299066,-0.005264514688108377,2.7824040502990663,1.9622514629482348
727.1544899940491,-0.382404050299066,-0.0011371351726314094,2.7824040502990663,1.946169747011833
727.2047119140625,-0.382404050299066,-0.0011371351726314094,2.7824040502990663,1.946169747011833
727.3545033931732,0.0,0.06843878383007694,0.0,0.27136732870593133
727.4047079086304,0.0,0.11838174943769116,0.0,-0.6511780176129778
727.4547278881073,0.0,0.13160922557584337,0.0,-0.843542681463963
727.5045447349548,0.0,0.07468028369527985,0.0,-0.3472576352228082
727.5544850826263,0.19976139068603516,0.034561192105943904,0.19976139068603516,-0.12501274868021095
727.604578256607,0.4001340866088867,0.026904604474568945,0.4001340866088867,-0.04500458952487594
727.6548285484314,0.60113525390625,0.20431059359545634,0.60113525390625,-0.0017390769125261996
727.7047328948975,0.8007526397705078,0.3443458423556991,0.8007526397705078,0.019746506428644714
727.7547876834869,1.000971794128418,0.8062860234019256,0.9671955033129489,0.1805505731509526
727.804701089859,1.2006254196166992,0.9055106439254937,1.0015870257567543,0.2805899369005203
727.8547048568726,1.2107976945450283,1.147850545364762,1.189202305454972,0.5987936603678574
727.9044971466064,1.2107976945450283,1.3613428175226043,1.189202305454972,0.8815090392324443
727.9547193050385,1.1722139835882783,1.4114940607467363,1.227786016411722,1.030854396854393
728.0046634674072,1.1722139835882783,1.3968893972844745,1.227786016411722,1.0815947292451449
728.0547790527344,1.1587217044310751,1.2964623172692369,1.2412782955689252,1.0491965641333243
728.1045188903809,1.1587217044310751,1.207808660975712,1.2412782955689252,1.0765548054403835
728.154736995697,1.1587217044310751,1.2078013065498892,1.2412782955689252,1.0940220941553154
728.2046489715576,1.1587217044310751,1.2432729688778577,1.2412782955689252,1.0867959328693022
728.2547283172607,1.1006692745852837,1.2636958129702234,1.2993307254147166,1.0693188119483663
728.3044493198395,1.1006692745852837,1.2230758264243222,1.2993307254147166,1.1276883956837036
728.3545048236847,1.0979514654680158,1.1952795265166622,1.3020485345319845,1.1926199821369903
728.4046726226807,1.0979514654680158,1.1887969521778343,1.3020485345319845,1.2394445929910085
728.4546880722046,1.0979514654680158,1.1534372168098992,1.3020485345319845,1.1985982964272026
728.5044977664948,1.0979514654680158,1.164692302646246,1.3020485345319845,1.1199576396668256
728.5547132492065,1.2125056666854508,1.197665050066235,1.1874943333145496,1.1439118506523718
728.6046743392944,1.2125056666854508,1.2007836226594648,1.1874943333145496,1.133516597342947
728.6547334194183,1.235255477838703,1.2140875717629982,1.1647445221612973,1.0985506299468728
728.7047295570374,1.235255477838703,1.235024971355605,1.1647445221612973,1.0576833856344119
728.7547585964203,1.2863697297154293,1.229875145884612,1.113630270284571,1.0187205280866585
728.8045921325684,1.2863697297154293,1.2630913609977694,1.113630270284571,1.079098315453757
728.8544919490814,1.2276214644171708,1.2683995898264455,1.1723785355828296,1.0968263571558818
728.9047863483429,1.2276214644171708,1.2599985799609308,1.1723785355828296,1.0905267968832506
728.9547643661499,1.2276214644171708,1.2599985799609308,1.1723785355828296,1.0905267968832506
729.0047025680542,1.2131199200290017,1.1929149850001253,1.1868800799709986,1.149994456422785
729.0545344352722,1.2283401738913928,1.1902920898362512,1.1716598261086075,1.2080489648529742
729.1044964790344,1.2283401738913928,1.2411266137816446,1.1716598261086075,1.1261226584394923
729.1546742916107,1.1985668930187128,1.28877159963815,1.2014331069812876,1.1374264711098725
729.2047498226166,1.1985668930187128,1.28877159963815,1.2014331069812876,1.1374264711098725
729.2547597885132,1.213890933843431,1.2484139855139058,1.1861090661565694,1.166619587387113
729.3048975467682,1.213890933843431,1.2140240569865441,1.1861090661565694,1.1441861659689434
729.3547642230988,1.213890933843431,1.2140240569865441,1.1861090661565694,1.1441861659689434
729.4047074317932,1.2106117154052303,1.193681585302011,1.18938828459477,1.1606304459669778
729.4547381401062,1.2478357432987834,1.1785125592386922,1.152164256701217,1.170452259048173
729.5047056674957,1.2478357432987834,1.1269108388079239,1.152164256701217,1.1390211279622373
729.5547134876251,1.248604584333261,1.1603037619562042,1.1513954156667394,1.143833912447631
729.6047360897064,1.248604584333261,1.217473919238424,1.1513954156667394,1.1105926545457805
729.654669046402,1.2383979589031542,1.2207847744390161,1.1616020410968462,1.074595796298865
729.7044792175293,1.2383979589031542,1.1943562173640325,1.1616020410968462,1.049802597167181
729.7547142505646,1.2155564051101395,1.1866501859591816,1.1844435948898608,1.0957065352685764
729.804639339447,1.2155564051101395,1.1713490421632775,1.1844435948898608,1.1167828517489142
729.8546869754791,1.2155564051101395,1.1713490421632775,1.1844435948898608,1.1167828517489142
729.9047298431396,1.2483753414902012,1.2116686701526498,1.1516246585097991,1.2258999200881893
729.9547991752625,1.2483753414902012,1.2116686701526498,1.1516246585097991,1.2258999200881893
730.0047385692596,1.230327451632257,1.276725940224293,1.1696725483677433,1.2054749446916473
730.0547814369202,1.221242133749557,1.2755012746990073,1.1787578662504434,1.1127743238618812
730.1048121452332,1.221242133749557,1.2495471957375124,1.1787578662504434,1.1125868273489417
730.1547167301178,1.2049729648954233,1.233202392687184,1.195027035104577,1.1361175529734875
730.2046632766724,1.2049729648954233,1.1799171548473057,1.195027035104577,1.1186326749054163
730.254730463028,1.2148020429672464,1.2111847227115828,1.185197957032754,1.1722131779287184
730.3044672012329,1.2148020429672464,1.2330107575123181,1.185197957032754,1.1712792632447369
730.3545155525208,1.2102544311759345,1.227098060326505,1.189745568824066,1.1572797030496604
730.4049735069275,1.2102544311759345,1.2019537405232956,1.189745568824066,1.1467571574621205
730.4547057151794,1.1999629668790113,1.1919374681581099,1.200037033120989,1.1191565000141983
730.5045776367188,1.1999629668790113,1.2174077681389364,1.200037033120989,1.1785449062064361
730.5547208786011,1.220602000657342,1.1820322794325437,1.1793979993426584,1.1859407904484893
730.6046993732452,1.220602000657342,1.145141152951978,1.1793979993426584,1.1848809271838316
730.6548805236816,1.215210942677075,1.1888910872032148,1.1847890573229254,1.2031974059266823
730.704532623291,1.215210942677075,1.2366605975165585,1.1847890573229254,1.2534127162869138
730.75470495224,1.2430982050063726,1.2089216367459756,1.1569017949936278,1.2616011021247635
730.8049013614655,1.2430982050063726,1.2089216367459756,1.1569017949936278,1.2616011021247635
730.8547112941742,1.3011696501161658,1.1921764697616217,1.0988303498838345,1.2281081777468683
730.9047935009003,1.3011696501161658,1.1921764697616217,1.0988303498838345,1.2281081777468683
730.9546904563904,1.289370372239433,1.211694580803677,1.1106296277605674,1.1382203099940753
731.0047359466553,1.289370372239433,1.263469327386748,1.1106296277605674,1.1459043978863193
731.0546274185181,1.2888766250201185,1.3230373295175544,1.111123374979882,1.1825853929238284
731.1044809818268,1.2888766250201185,1.3038368961530866,1.111123374979882,1.1861814754196427
731.1546809673309,1.2888766250201185,1.2876737716669302,1.111123374979882,1.161999620091501
731.204699754715,1.2888766250201185,1.2763592458799287,1.111123374979882,1.1388453711598814
731.254754781723,1.2888766250201185,1.2805964681041768,1.111123374979882,1.1677620817254675
731.3047814369202,1.2888766250201185,1.2635494460887737,1.111123374979882,1.2123997327834992
731.3548126220703,1.2888766250201185,1.2635494460887737,1.111123374979882,1.2123997327834992
731.4046800136566,1.2888766250201185,1.2635494460887737,1.111123374979882,1.2123997327834992
731.4548077583313,1.17129820216411,1.1478627645115882,1.2287017978358903,1.0131046432317277
731.5047919750214,1.17129820216411,1.175106247683209,1.2287017978358903,0.9968865521491738
731.5545148849487,1.1570000224665775,1.1534765578817756,1.2429999775334228,1.1198453882124841
731.6047806739807,1.1570000224665775,1.1534765578817756,1.2429999775334228,1.1198453882124841
731.6544923782349,1.1754503810403765,1.1226187052120251,1.2245496189596239,1.2454945870529386
731.7047674655914,1.1754503810403765,1.1390084183856064,1.2245496189596239,1.2833136258706133
731.7545113563538,1.1754503810403765,1.1987045617337178,1.2245496189596239,1.257150933846622
731.8046724796295,1.1754503810403765,1.2160870174682792,1.2245496189596239,1.2579572650330504
731.8545861244202,1.3247769873966664,1.1885902574104066,1.075223012603334,1.2558127946568933
731.9047319889069,1.3247769873966664,1.165122264281821,1.075223012603334,1.2131856169788864
731.9546720981598,1.2931909854389292,1.203522174473731,1.1068090145610712,1.1462394101556117
732.0047647953033,1.2931909854389292,1.311389001220272,1.1068090145610712,1.1008371914554587
732.0544819831848,1.183956208506139,1.3885726711294235,1.2160437914938613,1.0890046187547697
732.104691028595,1.183956208506139,1.3885726711294235,1.2160437914938613,1.0890046187547697
732.1546833515167,1.183956208506139,1.2130949104742106,1.2160437914938613,1.2143241606542168
732.2047798633575,1.2005473980984074,1.2130949104742106,1.199452601901593,1.2143241606542168
732.2548134326935,1.230596889298693,1.0922639965690275,1.1694031107013074,1.2696427825663066
732.3047561645508,1.230596889298693,1.1391501545790588,1.1694031107013074,1.2698680898037042
732.3545944690704,1.265682900117529,1.2150809617000968,1.1343170998824714,1.2188963344271118
732.4047598838806,1.265682900117529,1.2280074269269794,1.1343170998824714,1.2000567108735523
732.4545485973358,1.2532958634798823,1.2974668241447267,1.146704136520118,1.166673820371302
732.5046770572662,1.2532958634798823,1.281018453725793,1.146704136520118,1.1636279205637714
732.5546898841858,1.2877643201812385,1.1940817491609876,1.1122356798187618,1.1934010474738195
732.6047687530518,1.2877643201812385,1.1547073861264834,1.1122356798187618,1.2052785738297718
732.6545345783234,1.2422208460633164,1.147500946771037,1.157779153936684,1.2153648585315378
732.7047207355499,1.2422208460633164,1.1776161746922487,1.157779153936684,1.20509635151276
732.7548353672028,1.2422208460633164,1.1896885726894948,1.157779153936684,1.1982566996863424
732.8046767711639,1.2762659933759213,1.2292626797386372,1.123734006624079,1.154824991550529
732.8545689582825,1.2274980255868353,1.2458582818232191,1.172501974413165,1.1651876614784542
732.9046804904938,1.2274980255868353,1.2551591241260365,1.172501974413165,1.1401859276161912
732.9545502662659,1.2046180714188863,1.1661018601858615,1.195381928581114,1.0961995846986647
733.0046694278717,1.2046180714188863,1.0856691219259738,1.195381928581114,1.1242601606950715
733.0544865131378,1.2462845607556214,1.0353334688202023,1.153715439244379,1.1428669233402013
733.1048049926758,1.2462845607556214,1.0353334688202023,1.153715439244379,1.1428669233402013
733.1546730995178,1.2959271205658907,1.1020095012962807,1.1040728794341097,1.1212534282496314
733.2045288085938,1.2959271205658907,1.268771481898832,1.1040728794341097,1.1304201268315712
733.2546617984772,1.2394201428013782,1.3501316853955059,1.1605798571986221,1.1435095447240018
733.3047058582306,1.2394201428013782,1.3043399100993156,1.1605798571986221,1.1617649165846495
733.3545162677765,1.2409972325520406,1.2023087255535394,1.1590027674479597,1.1582130492230982
733.404590845108,1.2409972325520406,1.0539383545193692,1.1590027674479597,1.1556784837353384
733.4544899463654,1.298035768379597,1.0801295729162796,1.1019642316204032,1.1720753668156203
733.504855632782,1.298035768379597,1.0801295729162796,1.1019642316204032,1.1720753668156203
733.5546417236328,1.3252288113156931,1.1848952744843615,1.0747711886843072,1.0914049235711036
733.6048135757446,1.3252288113156931,1.2348230066695947,1.0747711886843072,1.0997969944857193
733.6545255184174,1.2907405869443884,1.2516791695165326,1.109259413055612,1.1100540485232817
733.7044849395752,1.2907405869443884,1.251315771256135,1.109259413055612,1.1178376506239123
733.7544951438904,1.2653875380478898,1.219521123903124,1.1346124619521105,1.1454363666940908
733.8046915531158,1.2653875380478898,1.1750578732742532,1.1346124619521105,1.1367713833917086
733.854517698288,1.2648505729583475,1.1358088392539143,1.135149427041653,1.1125527080918158
733.9047930240631,1.2648505729583475,1.1139163099839282,1.135149427041653,1.13322655302434
733.9547603130341,1.2648505729583475,1.1139163099839282,1.135149427041653,1.13322655302434
734.0047447681427,1.2994251781177488,1.1545539864981973,1.1005748218822515,1.1895306499518246
734.0545072555542,1.3165266062468168,1.1912695992857745,1.0834733937531835,1.1880212399381622
734.1047389507294,1.3165266062468168,1.2306323252512408,1.0834733937531835,1.1340953984147868
734.1546070575714,1.3100728148581946,1.217395217504265,1.0899271851418058,1.0508258847577534
734.204715013504,1.3100728148581946,1.2484447114298924,1.0899271851418058,1.0534599104469953
734.2545256614685,1.3100728148581946,1.2458651360837738,1.0899271851418058,1.1138883345377766
734.304681301117,1.3100728148581946,1.2211416732180638,1.0899271851418058,1.1554860465426082
734.3545360565186,1.2774947230843092,1.1990408290949532,1.1225052769156911,1.1776465055715621
734.4048206806183,1.2774947230843092,1.2178681337970343,1.1225052769156911,1.1883370716484647
734.4545905590057,1.2794636477734211,1.1827128283073132,1.1205363522265792,1.1388177003542994
734.5047564506531,1.2794636477734211,1.1973147947271927,1.1205363522265792,1.1574886438636927
734.5544941425323,1.2802837067417308,1.1904631528382397,1.1197162932582696,1.1711361574192862
734.6047511100769,1.2802837067417308,1.210524780981239,1.1197162932582696,1.190773235573531
734.6544787883759,1.2627238862940122,1.1981732309219228,1.1372761137059881,1.2030459452202895
734.7047829627991,1.2627238862940122,1.2012308275912398,1.1372761137059881,1.2124704246837483
734.7545018196106,1.2642966150084074,1.154040713299648,1.135703384991593,1.1949151139155398
734.8045115470886,1.2642966150084074,1.1774629643608099,1.135703384991593,1.17007961756291
734.854495048523,1.267617942869931,1.1752174481528628,1.1323820571300693,1.117963219474442
734.9047620296478,1.267617942869931,1.1752174481528628,1.1323820571300693,1.117963219474442
734.9545001983643,1.3070437526074805,1.2069329127259234,1.0929562473925198,1.1110762124507358
735.0047388076782,1.3070437526074805,1.24440002338602,1.0929562473925198,1.1665039121597551
735.0544772148132,1.267032313845478,1.322198357360035,1.1329676861545224,1.161219082201495
735.1048986911774,1.267032313845478,1.322198357360035,1.1329676861545224,1.161219082201495
735.15465092659,1.2633144055473575,1.3473376840493256,1.1366855944526428,1.2042504858332816
735.204747915268,1.2633144055473575,1.3290553099001154,1.1366855944526428,1.2142778343771663
735.2547070980072,1.2633144055473575,1.2238293732472834,1.1366855944526428,1.247217198411941
735.3046696186066,1.2879934917753166,1.202250103185245,1.1120065082246837,1.2278801656485747
735.3547275066376,1.2879934917753166,1.2119929433045797,1.1120065082246837,1.210739019913742
735.4045076370239,1.266755651552198,1.2738854922699003,1.1332443484478023,1.1408482594103253
735.4545292854309,1.26440316953341,1.3245454706375743,1.1355968304665904,1.154081747632407
735.5046727657318,1.26440316953341,1.3159224299535137,1.1355968304665904,1.175283648622459
735.5544803142548,1.26440316953341,1.3258990225112552,1.1355968304665904,1.2597623015039403
735.6045596599579,1.2448332152451107,1.3104337040275138,1.1551667847548897,1.2563845447752442
735.654702425003,1.2448332152451107,1.2960282272227932,1.1551667847548897,1.21123067374421
735.7049055099487,1.2109768313625713,1.3264716688471037,1.189023168637429,1.209065293284612
735.7546899318695,1.2109768313625713,1.277844090492947,1.189023168637429,1.1286886695649914
735.8046967983246,1.179175946663998,1.2573493356892007,1.2208240533360024,1.1345921613947565
735.854728937149,1.179175946663998,1.1492905419137434,1.2208240533360024,1.1739368342260135
735.9047145843506,1.1895315957744803,1.1409451032066233,1.21046840422552,1.183977271422134
735.9548354148865,1.1895315957744803,1.1541753449668817,1.21046840422552,1.1848864229347624
736.0048248767853,1.1895315957744803,1.1541753449668817,1.21046840422552,1.1848864229347624
736.0544941425323,1.1983695298978638,1.329556805572265,1.2016304701021365,1.1707867921038397
736.1046614646912,1.1485765623632123,1.3590256342940403,1.251423437636788,1.2144317867986176
736.1545066833496,1.1485765623632123,1.3226140583629444,1.251423437636788,1.2508821574198656
736.2047595977783,1.1836382478811691,1.2730678645995273,1.2163617521188312,1.2536412937884611
736.2546451091766,1.1836382478811691,1.21773425799228,1.2163617521188312,1.2813180516998202
736.3047053813934,1.163614935659822,1.214810783518447,1.2363850643401784,1.2666472036303569
736.3546185493469,1.163614935659822,1.244621692247305,1.2363850643401784,1.2344967021463449
736.4047729969025,1.190643138771553,1.2633397930194545,1.2093568612284473,1.2452322302073766
736.4544916152954,1.190643138771553,1.2824780120371972,1.2093568612284473,1.2647859948165292
736.5046784877777,1.1830992079993248,1.2895101776332567,1.2169007920006756,1.21510118117167
736.5546913146973,1.1830992079993248,1.2919891382674304,1.2169007920006756,1.1746662111409907
736.604697227478,1.1430535137619264,1.3016300191433405,1.256946486238074,1.1869669217346337
736.6545207500458,1.1430535137619264,1.2536466071833625,1.256946486238074,1.1912198894651032
736.7048263549805,1.2015612258222013,1.2536466071833625,1.198438774177799,1.1912198894651032
736.7548246383667,1.2015612258222013,1.2536466071833625,1.198438774177799,1.1912198894651032
736.8046834468842,1.202263909596032,1.2025909324585138,1.1977360904039684,1.1151143455799042
736.8546793460846,1.202263909596032,1.1943590619585245,1.1977360904039684,1.0437827975718035
736.9048776626587,1.2219128233622354,1.190626333857854,1.178087176637765,1.0088048023681553
736.9548392295837,1.2219128233622354,1.18008773948143,1.178087176637765,0.9634323469174163
737.0046977996826,1.2219128233622354,1.134663612563255,1.178087176637765,0.9783698824938543
737.0545871257782,1.2219128233622354,1.1704896754805942,1.178087176637765,0.9950259112621966
737.1044926643372,1.1490265286784527,1.1716625523609412,1.2509734713215477,1.0382717555751426
737.1548020839691,1.1490265286784527,1.1732607733741698,1.2509734713215477,1.0942441501375444
737.2046916484833,1.1652846954737826,1.133198334629606,1.2347153045262178,1.1175461534794475
737.2544889450073,1.1652846954737826,1.091575266473232,1.2347153045262178,1.1313187129908246
737.3047742843628,1.1608563888117496,1.0915341386513342,1.2391436111882508,1.1500301270254518
737.3546862602234,1.1608563888117496,1.120615435201909,1.2391436111882508,1.172344965253357
737.4047265052795,1.1378527938444025,1.1965391900972968,1.2621472061555978,1.1384009466547025
737.4547197818756,1.1378527938444025,1.2030223767063883,1.2621472061555978,1.1612094370113761
737.5048379898071,1.1578999698622852,1.194126221429229,1.2421000301377152,1.2518612052177658
737.554496049881,1.1578999698622852,1.1949556682911826,1.2421000301377152,1.2490041937294698
737.6045484542847,1.1241454322352864,1.198691516437792,1.275854567764714,1.230124021262995
737.6544990539551,1.1241454322352864,1.1969318208641995,1.275854567764714,1.2165634911147611
737.7047429084778,1.1597202839840939,1.1743441278057285,1.2402797160159065,1.1714323382695149
737.7544798851013,1.1597202839840939,1.145847943040974,1.2402797160159065,1.213486804461662
737.8048837184906,1.1406821735380464,1.165630722026794,1.259317826461954,1.222639823161191
737.8549315929413,1.1406821735380464,1.217961186402119,1.259317826461954,1.2127805414924477
737.9046607017517,1.1534058901624382,1.216384165608791,1.2465941098375621,1.2206791542695565
737.9548273086548,1.1534058901624382,1.2204733807587071,1.2465941098375621,1.2563142956928375
738.0048062801361,1.199340889060577,1.2152183357922817,1.2006591109394233,1.3837425061100093
738.0544946193695,1.199340889060577,1.2200976313029224,1.2006591109394233,1.3407722829158313
738.1047596931458,1.209152449250149,1.2284973323657926,1.1908475507498513,1.2326282781973554
738.1547844409943,1.209152449250149,1.2333618781679208,1.1908475507498513,1.1981864257794048
738.2047243118286,1.256782709548142,1.2399684041159154,1.1432172904518583,1.199981313376716
738.2545130252838,1.256782709548142,1.2347044798010616,1.1432172904518583,1.2230735338416534
738.3046863079071,1.2431017623950495,1.2519357103922615,1.1568982376049508,1.1966647046811643
738.3547172546387,1.2431017623950495,1.2519357103922615,1.1568982376049508,1.1966647046811643
738.4047260284424,1.2523977456629014,1.2145972126331823,1.147602254337099,1.1447072394019107
738.4545540809631,1.2523977456629014,1.201674404392489,1.147602254337099,1.1642931497332718
738.504700422287,1.2456993890974235,1.1887668738305026,1.1543006109025769,1.165330421790025
738.5548536777496,1.2456993890974235,1.1867561782022835,1.1543006109025769,1.159074446362993
738.6045613288879,1.2534879424714307,1.1521085516674705,1.1465120575285697,1.1490731122980382
738.6547229290009,1.2534879424714307,1.1774533134483118,1.1465120575285697,1.1811125427325915
738.7046797275543,1.284308873008187,1.1809721342946182,1.1156911269918133,1.19086472165242
738.7545201778412,1.284308873008187,1.206490581711236,1.1156911269918133,1.2057131432473247
738.8047060966492,1.3055352564856115,1.2326707311201464,1.0944647435143888,1.1862264884583804
738.8545911312103,1.3055352564856115,1.2298747206113947,1.0944647435143888,1.1425774340536352
738.904584646225,1.28558882608929,1.2282586778777438,1.1144111739107103,1.0965646902813728
738.9545660018921,1.28558882608929,1.258231951165672,1.1144111739107103,1.1000567941685866
739.0047223567963,1.28558882608929,1.258231951165672,1.1144111739107103,1.1000567941685866
739.0546898841858,1.28558882608929,1.2257109381720965,1.1144111739107103,1.1500970302859064
739.1047563552856,1.2247652928592248,1.181378189252575,1.1752347071407756,1.1897971121849698
739.1547017097473,1.2247652928592248,1.1537760484910344,1.1752347071407756,1.243293057264641
739.2047472000122,1.2612266008541573,1.0998569722901466,1.138773399145843,1.2582396162921508
739.2544853687286,1.2612266008541573,1.0734360493740467,1.138773399145843,1.275629512406275
739.3045163154602,1.3389030602820609,1.0833161596365342,1.0610969397179395,1.2159808511508294
739.3547782897949,1.3389030602820609,1.1469193049874629,1.0610969397179395,1.1946786225428387
739.4045166969299,1.3469373981311843,1.219484587997104,1.053062601868816,1.1494128270752713
739.4547147750854,1.3469373981311843,1.247059152301516,1.053062601868816,1.1427024113109403
739.5048725605011,1.3643914574735485,1.2378024598752377,1.0356085425264518,1.1486026539911278
739.5547757148743,1.3643914574735485,1.2166923964497398,1.0356085425264518,1.154856544405785
739.6044981479645,1.3745989286642701,1.1625811172871006,1.0254010713357302,1.1152139797454135
739.6545932292938,1.3745989286642701,1.1911594121461468,1.0254010713357302,1.0758274922840019
739.7046792507172,1.3178931394221702,1.2265971344282158,1.0821068605778301,1.0304004215027887
739.7545034885406,1.3178931394221702,1.2678479042614672,1.0821068605778301,1.016380991798377
739.804842710495,1.3030960927089046,1.3034359506943924,1.0969039072910958,1.0475118078361367
739.8548164367676,1.3030960927089046,1.284454735702913,1.0969039072910958,1.1791027255889899
739.904755115509,1.296269743326866,1.255771704069758,1.1037302566731344,1.1925604980014042
739.9548482894897,1.296269743326866,1.2396280452918915,1.1037302566731344,1.2017012978090211
740.0047090053558,1.295207996890777,1.2349081906504802,1.1047920031092233,1.20675769162283
740.05451130867,1.295207996890777,1.1878657022844465,1.1047920031092233,1.2023454705259682
740.104816198349,1.3417692263393972,1.1879183101493545,1.0582307736606031,1.1886861919988085
740.1544923782349,1.3417692263393972,1.2490158503015696,1.0582307736606031,1.1225891104650403
740.2044975757599,1.3068273193280253,1.2651124247822711,1.093172680671975,1.0779768130056349
740.2546925544739,1.3068273193280253,1.3087324040739614,1.093172680671975,1.1021613133265598
740.304678440094,1.2946718191914113,1.2916778565982179,1.105328180808589,1.1267765612237701
740.3547058105469,1.2946718191914113,1.290844844873161,1.105328180808589,1.1639930051863092
740.4045240879059,1.2946718191914113,1.252567001911609,1.105328180808589,1.2164894408719515
740.4546964168549,1.2946718191914113,1.252567001911609,1.105328180808589,1.2164894408719515
740.5046887397766,1.3177973112136914,1.2570616619862578,1.082202688786309,1.2433914599427665
740.5547530651093,1.3177973112136914,1.3212005835918474,1.082202688786309,1.249028372440663
740.6044764518738,1.3565770085425704,1.3912987281783367,1.04342299145743,1.2000832059160553
740.6547100543976,1.3565770085425704,1.4205135327520337,1.04342299145743,1.1900835930213738
740.7045226097107,1.2865203145422384,1.3305413455903086,1.113479685457762,1.1422215921643941
740.754590511322,1.2865203145422384,1.293960966985448,1.113479685457762,1.143006070481428
740.804765701294,1.3583078853226476,1.2457393544868316,1.0416921146773528,1.0987589874363024
740.8544840812683,1.3583078853226476,1.1883519507446316,1.0416921146773528,1.0604952589666004
740.9045078754425,1.4574473339652996,1.1937112909674081,0.9425526660347008,1.017019105529612
740.9546928405762,1.4574473339652996,1.2458901680273806,0.9425526660347008,0.9993294164809556
741.0047225952148,1.4021429270988817,1.3034032443796275,0.9978570729011186,0.9307892305352559
741.0550525188446,1.4021429270988817,1.3883037721893001,0.9978570729011186,0.9393991102396411
741.1047139167786,1.3523766794475884,1.4454335246134455,1.047623320552412,1.0130520330108896
741.1545078754425,1.3523766794475884,1.3383417016573855,1.047623320552412,1.1347772774604303
741.2047128677368,1.3355574807587793,1.2385572726598302,1.064442519241221,1.1979835735860114
741.2546904087067,1.3355574807587793,1.1974259281779858,1.064442519241221,1.18233201648364
741.3045930862427,1.3496288463791513,1.216151935981233,1.050371153620849,1.1448572459658486
741.3544838428497,1.3496288463791513,1.215985710338084,1.050371153620849,1.0912760254038918
741.4047145843506,1.3580355861805473,1.236088977425812,1.041964413819453,1.1157953127489166
741.4545447826385,1.3580355861805473,1.2550843046317761,1.041964413819453,1.1256335515117293
741.5045495033264,1.5580544689320122,1.3086237628296709,1.2419832965709179,1.1424388434291712
741.5544815063477,1.5670176579807937,1.37402179210501,1.4417113086558788,1.1861701982312383
741.6047270298004,1.59673175671629,1.433165634998502,1.642693402466914,1.3028992287073011
741.6547915935516,1.59673175671629,1.4684493799193459,1.8429516574717968,1.488081345740085
741.7048308849335,1.608698986357511,1.5509029671853933,1.9913010136424887,1.6896923004805298
741.7545385360718,1.608698986357511,1.555108987826718,1.9913010136424887,1.8250485424351055
741.8047194480896,1.5825915541653184,1.621063548399906,2.0174084458346813,1.8827207385594138
741.8548283576965,1.5825915541653184,1.621063548399906,2.0174084458346813,1.8827207385594138
741.9047906398773,1.668800932912047,1.6351082108878865,1.9311990670879526,1.9416723535897975
741.9545114040375,1.668800932912047,1.5821485043577528,1.9311990670879526,1.9054777836274712
742.0046305656433,1.6902350378632962,1.618899051702458,1.9097649621367034,1.8728892355729916
742.0548264980316,1.6902350378632962,1.618899051702458,1.9097649621367034,1.8728892355729916
742.1045761108398,1.7568650483765453,1.6528867068177406,1.8431349516234543,1.7729095595542832
742.1549890041351,1.7568650483765453,1.6501992743832807,1.8431349516234543,1.7002896920727817
742.2047414779663,1.7525960637372098,1.7114371371849635,1.8474039362627899,1.6640002509076761
742.2548604011536,1.7525960637372098,1.6826881571132144,1.8474039362627899,1.6202959385420663
742.3047151565552,1.7350135351732225,1.6876851799200892,1.864986464826777,1.6438529114071
742.354786157608,1.7350135351732225,1.6645839740104031,1.864986464826777,1.6316318523969335
742.4045422077179,1.743246943819949,1.5771749268961892,1.8567530561800507,1.670795342600977
742.454772233963,1.743246943819949,1.574772629177318,1.8567530561800507,1.7128037481105216
742.504683971405,1.7675448180092694,1.6005790208705948,1.8324551819907302,1.7389051867221315
742.5547246932983,1.7675448180092694,1.6270460215185412,1.8324551819907302,1.7682863313923307
742.604578256607,1.7675448180092694,1.7330035108155464,1.8324551819907302,1.7715370248573548
742.654727935791,1.7675448180092694,1.758144445579998,1.8324551819907302,1.7405802771145413
742.7048478126526,1.7869141442123178,1.8104749062162944,1.8130858557876819,1.7592454611549728
742.7544960975647,1.7869141442123178,1.7739374681628246,1.8130858557876819,1.751624423822426
742.8048601150513,1.7900316382690509,1.7838468329065977,1.8099683617309488,1.7948221010782706
742.8547928333282,1.7900316382690509,1.7838468329065977,1.8099683617309488,1.7948221010782706
742.9045789241791,1.7900316382690509,1.7298251731637746,1.8099683617309488,1.7986853378086547
742.9545402526855,1.826445327409057,1.6823357083582704,1.7735546725909426,1.7837561452713568
743.0047867298126,1.8469483761731988,1.7459597193112268,1.7530516238268008,1.8226519634918548
743.0548236370087,1.8469483761731988,1.7459597193112268,1.7530516238268008,1.8226519634918548
743.1044850349426,1.8469483761731988,1.8370717726741534,1.7530516238268008,1.8606994692858019
743.1547021865845,1.8451068737125382,1.841307929608618,1.7548931262874614,1.8648834375515924
743.2046873569489,1.831862067773885,1.7860682385397175,1.7681379322261146,1.791747432278705
743.2544822692871,1.831862067773885,1.7299090647580384,1.7681379322261146,1.722923378752327
743.3046851158142,1.8273342440524174,1.7697517647672987,1.7726657559475822,1.7156644943992232
743.3547937870026,1.8273342440524174,1.7404350623088654,1.7726657559475822,1.6813715626978836
743.4047980308533,1.8273342440524174,1.7404350623088654,1.7726657559475822,1.6813715626978836
743.4548332691193,1.8289954700932072,1.7557574287730637,1.7710045299067925,1.6681153020750943
743.504646062851,1.8000441218611862,1.8089758363608666,1.7999558781388134,1.7119203486975956
743.5544857978821,1.8000441218611862,1.7531736380224163,1.7999558781388134,1.7341500261078653
743.6048452854156,1.860035321742653,1.7014419586550495,1.7399646782573466,1.759468441199674
743.6546673774719,1.860035321742653,1.716036532560276,1.7399646782573466,1.7316460579603006
743.7047221660614,1.8590107248613301,1.7311021855733228,1.7409892751386695,1.6417024601686867
743.7545931339264,1.8590107248613301,1.815086516306213,1.7409892751386695,1.6033353115030122
743.8046238422394,1.8804885643550464,1.846180383884458,1.7195114356449532,1.6036303319302077
743.8545033931732,1.8804885643550464,1.8101300416162476,1.7195114356449532,1.665133073091273
743.904767036438,1.8804885643550464,1.8101300416162476,1.7195114356449532,1.665133073091273
743.9547634124756,1.895297591707653,1.833282596435458,1.7047024082923465,1.8324023319354708
744.0046739578247,1.924575473340752,1.8168930410979902,1.6754245266592476,1.8444941174890181
744.0547425746918,1.924575473340752,1.812774765478565,1.6754245266592476,1.7991492366280166
744.1046268939972,1.8984770269569489,1.810215277001451,1.7015229730430508,1.6643596681103086
744.1546876430511,1.8984770269569489,1.803440838763186,1.7015229730430508,1.634509055333554
744.2046828269958,1.8952449434998289,1.7693775235566145,1.7047550565001708,1.6370921832980703
744.2547791004181,1.8952449434998289,1.7655991031749003,1.7047550565001708,1.6754925693033453
744.3047907352448,1.8952449434998289,1.757901866079745,1.7047550565001708,1.7038379457568118
744.3547313213348,1.916004326893025,1.7978258674042795,1.6839956731069747,1.7217720773763057
744.4047517776489,1.916004326893025,1.8346937504230365,1.6839956731069747,1.736141635593569
744.4547123908997,1.916004326893025,1.8875791911049353,1.6839956731069747,1.7249546298391985
744.5044984817505,1.9482158157285834,1.8508937651072859,1.6517841842714163,1.708001126611496
744.5545055866241,1.9482158157285834,1.866006961851892,1.6517841842714163,1.7398058282485955
744.6044826507568,1.959285813006849,1.864959396422057,1.6407141869931507,1.6683390354260494
744.6544947624207,1.959285813006849,1.8733644476533466,1.6407141869931507,1.6612094145468959
744.7047076225281,1.959285813006849,1.8733644476533466,1.6407141869931507,1.6612094145468959
744.7545118331909,1.9911912832257321,1.847273399046428,1.6088087167742675,1.6772421534248383
744.8046190738678,1.9339860213124676,1.8586814962427738,1.666013978687532,1.6852044940729687
744.8545083999634,1.9339860213124676,1.8433332048974236,1.666013978687532,1.7401992114225813
744.9046304225922,1.9983716291886124,1.8652851106597066,1.6016283708113872,1.7817108411693448
744.954755783081,1.9983716291886124,1.8402990391179508,1.6016283708113872,1.7444728126810427
745.0045998096466,1.9268617249644422,1.8131088122245522,1.6731382750355575,1.6660098854548848
745.0544927120209,1.9268617249644422,1.7302019790188115,1.6731382750355575,1.584272882496414
745.1045241355896,1.9574326850177384,1.6881102202669016,1.6425673149822613,1.6442877320605866
745.1547577381134,1.9574326850177384,1.688533130109378,1.6425673149822613,1.6796210051116354
745.2047879695892,1.9574326850177384,1.688533130109378,1.6425673149822613,1.6796210051116354
745.2547450065613,1.9523928477369603,1.7732570338065234,1.6476071522630393,1.6792956360313889
745.304616689682,1.9531442632831184,1.8172893536501458,1.6468557367168812,1.6567710841226675
745.3548765182495,1.9531442632831184,1.816949477639675,1.6468557367168812,1.6629999138544118
745.4044890403748,1.9531442632831184,1.83678065294318,1.6468557367168812,1.7101509507147574
745.4547319412231,1.9531442632831184,1.828443159655187,1.6468557367168812,1.719510414683155
745.504711151123,1.9531442632831184,1.853820151087912,1.6468557367168812,1.7219326844712088
745.5544805526733,1.9531442632831184,1.880942639646179,1.6468557367168812,1.7115012486812113
745.6048059463501,1.9531442632831184,1.880942639646179,1.6468557367168812,1.7115012486812113
745.6547808647156,1.9531442632831184,1.880942639646179,1.6468557367168812,1.7115012486812113
745.7047443389893,1.9531442632831184,1.862979928676526,1.6468557367168812,1.6770645781405418
745.7547245025635,0.0,1.8183152160696547,0.0,1.7112980214033815
745.8044872283936,0.0,1.5472645762798098,0.0,1.5192946609150615
745.8545598983765,0.0,0.4192075715626564,0.0,0.5612020432814805
745.904699087143,0.0,-0.273055658835222,0.0,-0.022426433329647277
745.9549188613892,0.0,-0.45489272242668255,0.0,-0.13819557247451872
746.0046796798706,0.0,-0.17520602519172862,0.0,-0.04053448846140299
746.0546514987946,0.0,-0.05584288141080773,0.0,-0.002371539480205036
746.1046907901764,0.0,-0.03350572884648464,0.0,0.006497057642510143
772.9046189785004,-0.19954681396484375,-2.645025854798797e-103,0.19954681396484375,-5.215821515522569e-104
772.9544763565063,-0.39897632598876953,-0.041579906642436985,0.39897632598876953,0.03326392471790314
773.0044827461243,-0.5990018844604492,-0.15325164467096328,0.5990018844604492,0.11975012600421905
773.0544946193695,-0.7990493774414062,-0.4629490127635002,0.7990493774414062,0.37997329364299776
773.1045339107513,-0.99920654296875,-0.5630567199160575,0.99920654296875,0.5267174820783616
773.1548373699188,-1.2004203796386719,-0.6376623580278129,1.2004203796386719,0.6036094968563157
773.2048590183258,-1.4005069732666016,-0.7292733145745219,1.4005069732666016,0.6843551401512327
773.2544977664948,-1.5990619659423828,-0.8489902080939402,1.5990619659423828,0.8122543717335429
773.3047568798065,-1.8000984191894531,-0.8489902080939402,1.8000984191894531,0.8122543717335429
773.3547904491425,-2.000232696533203,-1.0116715156888234,2.000232696533203,1.1022116722453073
773.4045090675354,-2.1991071701049805,-1.1728174826093412,2.1991071701049805,1.2530397980852759
773.4544775485992,-2.3989810943603516,-1.391857657588222,2.3989810943603516,1.4201152069210876
773.5045511722565,-2.599275588989258,-1.5453355385387058,2.599275588989258,1.5922845414700464
773.5547068119049,-2.6784597091572486,-1.5453355385387058,2.799898147583008,1.5922845414700464
773.6047291755676,-2.6784597091572486,-1.5453355385387058,2.9999876022338867,1.5922845414700464
773.6547870635986,-2.6784597091572486,-2.064922411473586,3.20021915435791,1.922571770968926
773.7047412395477,-2.6784597091572486,-2.141842822753904,3.400035858154297,1.950016901238999
773.7544639110565,-2.6784597091572486,-2.166006728761474,3.598926544189453,2.3096476995491546
773.8047797679901,0.0,-2.0814630477737475,0.0,2.499421260483631
773.8547945022583,0.0,-2.0814630477737475,0.0,2.499421260483631
773.9046401977539,0.0,-0.3171203150420186,0.0,0.6874996624786585
773.954692363739,0.0,0.6874972147678567,0.0,-0.5574870418644335
774.0044963359833,0.0,0.685949343362849,0.0,-0.7868836450582206
774.0546584129333,0.0,0.2242618142078165,0.0,-0.33015000532885047
774.1047356128693,-0.20030879974365234,-0.06506541174018943,0.20030879974365234,0.009881700417448347
774.1545634269714,-0.39962005615234375,-0.1493432619481757,0.39962005615234375,0.050699776126609884
774.204696893692,-0.600153923034668,-0.1493432619481757,0.600153923034668,0.050699776126609884
774.2546398639679,-0.7999258041381836,-0.3882517961999683,0.7999258041381836,0.32274428159842017
774.3046894073486,-1.0001239776611328,-0.45077385717657475,1.0001239776611328,0.4224474268586008
774.3545298576355,-1.1994857788085938,-0.553822098237573,1.1994857788085938,0.5883595086023214
774.4047133922577,-1.2155729548825716,-0.5784462798013085,1.4002199172973633,0.6324326477578284
774.454775094986,-1.2155729548825716,-0.7063254637130836,1.6004667282104492,0.7357031725387073
774.5047283172607,-1.0235451937644164,-0.8106802268961217,1.8002796173095703,0.8034728105976687
774.5544834136963,-1.0235451937644164,-0.8209753200465496,1.9993000030517578,1.0620441051126255
774.60466837883,-0.844049421413565,-0.6383141505141516,2.200039863586426,1.2475594453263543
774.654702425003,-0.844049421413565,-0.5362050054342553,2.4001760482788086,1.3971432079880808
774.7047715187073,-0.6818298406769521,-0.5362050054342553,2.600452423095703,1.3971432079880808
774.7546761035919,-0.6818298406769521,-0.3452325890934549,2.8000707626342773,1.6262121390391604
774.8047297000885,-0.6818298406769521,-0.2881085496119052,3.0002851486206055,1.683977386632772
774.8545348644257,-0.6818298406769521,-0.2139149334162295,3.0818298406769524,1.9191601121786332
774.9048442840576,-0.6818298406769521,-0.2017490813540156,3.0818298406769524,2.1087723580967106
774.9545412063599,-0.6818298406769521,-0.17689927993083246,3.0818298406769524,2.183109817789938
775.0047082901001,-0.6818298406769521,-0.15954995511006442,3.0818298406769524,2.2075906960559895
775.0544900894165,-0.6818298406769521,-0.1946669616037083,3.0818298406769524,2.259939443863719
775.1046798229218,-0.6818298406769521,-0.20907578579426309,3.0818298406769524,2.2308589309921105
775.1547327041626,-0.6818298406769521,-0.2558325328058261,3.0818298406769524,2.165339163200983
775.2046813964844,0.0,-0.2699232576862728,0.0,2.2222773619037444
775.2546737194061,0.0,-0.2699232576862728,0.0,2.2222773619037444
775.3046951293945,0.0,-0.25356168142392416,0.0,2.2035279417341336
775.3547866344452,0.0,-0.25356168142392416,0.0,2.2035279417341336
775.4047319889069,0.0,0.16636542131751855,0.0,-0.14446157321560515
775.454779624939,0.0,0.24399053081327693,0.0,-1.1327272851340897
775.504515171051,0.0,0.10464119558813241,0.0,-0.7960107033053788
775.5547957420349,0.0,0.10464119558813241,0.0,-0.7960107033053788
775.6047134399414,0.0,0.012124497529154576,0.0,-0.07776769637427013
775.7046885490417,0.19980812072753906,0.0015713348797784328,0.19980812072753906,-0.008447907513988235
775.7544929981232,0.39902591705322266,0.0585512773354207,0.39902591705322266,0.012875760720503095
775.8046905994415,0.5998163223266602,0.2946238227901228,0.5998163223266602,0.0990090553914303
775.8547506332397,0.8000564575195312,0.2946238227901228,0.8000564575195312,0.0990090553914303
775.9047751426697,1.0001544952392578,0.772164479313788,1.0001544952392578,0.4072320349425218
775.9547791481018,1.2001705169677734,0.8541497799268347,1.0345506109036469,0.5021346263533915
776.004768371582,1.362704908042833,1.0268262438480014,1.0372950919571673,0.7088332528750688
776.0548248291016,1.362704908042833,1.2932114535034211,1.0372950919571673,1.0528436820896987
776.1047465801239,1.3128139659197058,1.437165086273927,1.0871860340802946,1.0793804974982448
776.1545655727386,1.3128139659197058,1.5162923570452023,1.0871860340802946,1.0428376103989214
776.2047173976898,1.2681829889777394,1.4426951397411067,1.131817011022261,1.0506359734136557
776.2545104026794,1.2681829889777394,1.3865462489945426,1.131817011022261,1.093764886784507
776.3047318458557,1.1600449616208746,1.3641505210413178,1.2399550383791258,1.1053218993711191
776.3547022342682,1.1600449616208746,1.2277028339185563,1.2399550383791258,1.1258840174367561
776.4047958850861,1.2346046478636965,1.200930629794493,1.1653953521363039,1.1467693096930107
776.4547729492188,1.2346046478636965,1.1761295048145621,1.1653953521363039,1.1580952791294052
776.5047221183777,1.197533525802931,1.2562619492002491,1.2024664741970694,1.2208986618394166
776.5544917583466,1.197533525802931,1.3332382650406205,1.2024664741970694,1.226024922953774
776.6046741008759,1.166192044256876,1.3199877957545891,1.2338079557431243,1.1857032408333048
776.6549088954926,1.166192044256876,1.2684122354999725,1.2338079557431243,1.1970409070259176
776.704758644104,1.1986732503589537,1.1864943420129614,1.2013267496410467,1.1696710317661467
776.754691362381,1.1986732503589537,1.1692755648635387,1.2013267496410467,1.1508655863601032
776.8045382499695,1.1986732503589537,1.1598347103056188,1.2013267496410467,1.1992159388423669
776.8547027111053,1.2004767504264178,1.1592467668815924,1.1995232495735826,1.1858979690776124
776.904706954956,1.232227501835317,1.158788615816753,1.1677724981646833,1.1531467996372884
776.9547202587128,1.232227501835317,1.1838250116183475,1.1677724981646833,1.1601001082301416
777.0046775341034,1.2230057455052337,1.179912837350635,1.1769942544947667,1.1344119855799775
777.0545084476471,1.2230057455052337,1.1963832761773685,1.1769942544947667,1.1334014705213225
777.1046845912933,1.2451302829513418,1.1996562046740968,1.1548697170486586,1.1571107854148979
777.1548855304718,1.2451302829513418,1.205902122125668,1.1548697170486586,1.1579615455759014
777.2045500278473,1.2162988684542086,1.188740623950592,1.1837011315457917,1.129822909184424
777.2545330524445,1.2162988684542086,1.178626445690076,1.1837011315457917,1.0876659883054054
777.3045315742493,1.2203669927868979,1.1475582269761373,1.1796330072131025,1.0511358189460738
777.354742527008,1.2203669927868979,1.1475582269761373,1.1796330072131025,1.0511358189460738
777.4046874046326,1.233778870362034,1.1579984626742372,1.1662211296379663,1.1271594451011093
777.4546830654144,1.233778870362034,1.190771839674908,1.1662211296379663,1.1652072269728495
777.5045051574707,1.232092227837489,1.2381597737052292,1.1679077721625113,1.1151053037431156
777.5547668933868,1.232092227837489,1.2381597737052292,1.1679077721625113,1.1151053037431156
777.604706287384,1.2231900096176445,1.271122291874224,1.176809990382356,1.1191505773577837
777.6548163890839,1.2231900096176445,1.2811287278347492,1.176809990382356,1.1201210395179362
777.7045710086823,1.2156835747117145,1.1960366356759051,1.1843164252882858,1.095359953964311
777.7547194957733,1.2156835747117145,1.1888608806365002,1.1843164252882858,1.0938049511459818
777.8047108650208,1.1710473084806012,1.2033560993564105,1.2289526915193991,1.070136199820543
777.8548099994659,1.1710473084806012,1.229330625773973,1.2289526915193991,1.0890418294395576
777.9047152996063,1.2148442472396448,1.225924403658452,1.1851557527603556,1.1466709185835924
777.9548377990723,1.2148442472396448,1.213723511213626,1.1851557527603556,1.152311456751657
778.0044858455658,1.164681107357512,1.2236887215103782,1.2353188926424883,1.1466687603898023
778.0547940731049,1.164681107357512,1.2828180169532089,1.2353188926424883,1.1980669433155242
778.104748249054,1.1662466491332089,1.2607296571415298,1.2337533508667915,1.2098790129589192
778.154773235321,1.1662466491332089,1.202167416542851,1.2337533508667915,1.2804561116340265
778.2047336101532,1.24629186972883,1.1712393611419498,1.1537081302711703,1.265951120545
778.2545800209045,1.24629186972883,1.1651075979417196,1.1537081302711703,1.1346947181989138
778.3044891357422,1.2335296242370837,1.206814690840684,1.1664703757629167,1.1209387861050146
778.3545799255371,1.2335296242370837,1.2517953888460789,1.1664703757629167,1.1317802935489527
778.4047429561615,1.2335296242370837,1.2006031814533995,1.1664703757629167,1.120228934394664
778.4544854164124,1.2335296242370837,1.1719899837729137,1.1664703757629167,1.1759692390672234
778.5047430992126,1.2544222076662943,1.1873825787743377,1.145577792333706,1.1589172253577185
778.5547873973846,1.2544222076662943,1.2301161718096894,1.145577792333706,1.1416984404171089
778.6046714782715,1.2446608286068168,1.2511551582238636,1.1553391713931835,1.184246463956043
778.6545166969299,1.2446608286068168,1.2928360162515498,1.1553391713931835,1.243189087639676
778.7047810554504,1.2488249523336086,1.2473211190106532,1.1511750476663918,1.20172832171813
778.7547929286957,1.2488249523336086,1.231070414817407,1.1511750476663918,1.1774014392877652
778.8044996261597,1.2432848942255084,1.2001794394145278,1.156715105774492,1.104575496651591
778.8548698425293,1.2432848942255084,1.2115065226727646,1.156715105774492,1.1012242923604614
778.9046556949615,1.234987361273829,1.2396447556685573,1.1650126387261714,1.1501829715105165
778.9544677734375,1.234987361273829,1.2457225663119327,1.1650126387261714,1.1277000504107246
779.0045838356018,1.2106963836111606,1.2311867121215023,1.1893036163888397,1.1210861062063326
779.0546810626984,1.2106963836111606,1.224929401040865,1.1893036163888397,1.1459813018460352
779.1047596931458,1.2202443885512126,1.1759626825192426,1.1797556114487877,1.1353204643661718
779.1545250415802,1.2202443885512126,1.1267520333191148,1.1797556114487877,1.123794523151909
779.204710483551,1.2254857917170032,1.1535524753878257,1.1745142082829971,1.1764543130179148
779.2548024654388,1.2254857917170032,1.2168114886814263,1.1745142082829971,1.2212180021111931
779.3047208786011,1.244797154956253,1.2191758122253622,1.1552028450437473,1.2085412927641188
779.3545484542847,1.244797154956253,1.2630438015362593,1.1552028450437473,1.2608979561175429
779.4046852588654,1.2614947948271438,1.2805450681150539,1.1385052051728566,1.2554975997355893
779.4547245502472,1.2614947948271438,1.2561806595556861,1.1385052051728566,1.2233276487792153
779.5045430660248,1.2832925614896313,1.2109196814143512,1.116707438510369,1.2010329862143263
779.5545635223389,1.2832925614896313,1.1692966730360856,1.116707438510369,1.052148284667375
779.6047358512878,1.2716798636664823,1.1375071279155493,1.128320136333518,1.0274198682857665
779.6545753479004,1.2716798636664823,1.1684804894428473,1.128320136333518,1.0664640032679955
779.7047810554504,1.2634157570848636,1.1823245050156481,1.1365842429151367,1.0361168633734388
779.7545433044434,1.2634157570848636,1.202950286519049,1.1365842429151367,1.0402037712514802
779.8047184944153,1.272458193366791,1.1890490815946568,1.1275418066332095,1.0518012650358917
779.854478597641,1.272458193366791,1.1838358394937085,1.1275418066332095,1.077711239499889
779.9046931266785,1.227341014918441,1.1746104331395846,1.1726589850815594,1.0624257773417485
779.9548156261444,1.227341014918441,1.1704611642111433,1.1726589850815594,1.049928107873097
780.0047347545624,1.227341014918441,1.1722567162988784,1.1726589850815594,1.1536881424590033
780.0546953678131,1.227341014918441,1.1773649503039243,1.1726589850815594,1.1828557430269766
780.1044733524323,1.2347142243481168,1.1981866898201308,1.1652857756518835,1.239365148363679
780.1547853946686,1.2347142243481168,1.2059213927529717,1.1652857756518835,1.2611375741308342
780.2048282623291,1.268498592929984,1.2012679986170218,1.1315014070700165,1.257095650153592
780.2545683383942,1.268498592929984,1.207376871366743,1.1315014070700165,1.235117212244394
780.3046824932098,1.2718071422228525,1.2282378079388536,1.1281928577771478,1.1990204627425156
780.3547916412354,1.2718071422228525,1.2282378079388536,1.1281928577771478,1.1990204627425156
780.4047231674194,1.3043291996041106,1.2088972605949104,1.0956708003958897,1.2030001570358222
780.4547598361969,1.3043291996041106,1.152727528012471,1.0956708003958897,1.1713945230093363
780.5046806335449,1.3117164663121403,1.1117994798171555,1.08828353368786,1.1334883413403067
780.55482006073,1.3117164663121403,1.176343310633975,1.08828353368786,1.16190134042549
780.6044933795929,1.3697842956293276,1.2297721584175865,1.0302157043706728,1.1659996505524441
780.6545128822327,1.3697842956293276,1.2331321196389737,1.0302157043706728,1.1130222485999726
780.7047896385193,1.2995637715162538,1.2579696735131458,1.1004362284837466,1.0715104510739013
780.7547121047974,1.2995637715162538,1.2579696735131458,1.1004362284837466,1.0715104510739013
780.804680109024,1.299833000756432,1.235363661923632,1.1001669992435683,1.1085163615224711
780.8548016548157,1.299833000756432,1.2055271265975385,1.1001669992435683,1.129418722514984
780.9047915935516,1.271037221717782,1.2073227066579957,1.1289627782822182,1.1593300668125652
780.9547345638275,1.271037221717782,1.2325252830547155,1.1289627782822182,1.1675770867249478
781.004741191864,1.2752125026831371,1.2287376692138456,1.1247874973168632,1.1355020828860203
781.054719209671,1.2752125026831371,1.2234082911781812,1.1247874973168632,1.1565487385996696
781.1045670509338,1.2639053792868424,1.2234085283650997,1.136094620713158,1.1462447548344796
781.1548299789429,1.2639053792868424,1.210819497655894,1.136094620713158,1.1236861576235915
781.204564332962,1.262932351237253,1.2034204393450256,1.1370676487627474,1.1620732604120954
781.2547078132629,1.262932351237253,1.1960631841316125,1.1370676487627474,1.1878868137988319
781.3047285079956,1.2717152219742032,1.2018861753059131,1.1282847780257972,1.147106730685333
781.3547537326813,1.2717152219742032,1.2219411700598968,1.1282847780257972,1.140688907055509
781.4046380519867,1.2680518091927555,1.2214976848232475,1.1319481908072448,1.1058846798950859
781.4547643661499,1.2680518091927555,1.2293957245731733,1.1319481908072448,1.0932862551479732
781.5046389102936,1.276159930836818,1.2188211773668751,1.1238400691631825,1.181785322483117
781.5549046993256,1.276159930836818,1.2188211773668751,1.1238400691631825,1.181785322483117
781.604621887207,1.276159930836818,1.1838724659731605,1.1238400691631825,1.2180008950515022
781.6546747684479,1.276159930836818,1.159148742727412,1.1238400691631825,1.230133764658334
781.7047493457794,1.3073921025866682,1.1978077256579305,1.0926078974133322,1.259002258556114
781.7546575069427,1.3073921025866682,1.2595547305547872,1.0926078974133322,1.240185655418763
781.8045251369476,1.2915731054553494,1.2934260559202557,1.108426894544651,1.210886243795298
781.854701757431,1.2915731054553494,1.320595400051641,1.108426894544651,1.1417874206834826
781.9047038555145,1.2915731054553494,1.2972560504176425,1.108426894544651,1.0949314778884527
781.9547097682953,1.254870731033566,1.1998049518755205,1.1451292689664343,1.148136774128765
782.0046908855438,1.2794017805470423,1.174824050711076,1.120598219452958,1.1688954732749783
782.0547368526459,1.2794017805470423,1.192414512031012,1.120598219452958,1.1895226634240361
782.1047375202179,1.2794017805470423,1.2227235256390174,1.120598219452958,1.2043564556059965
782.1547422409058,1.287070939203979,1.2610442682773697,1.1129290607960214,1.1591160711414712
782.2045526504517,1.466563530057523,1.2041642265368402,1.3121706989796151,1.1644789794705006
782.2545018196106,1.466563530057523,1.1878773640459381,1.5119673756153573,1.2009145982130178
782.3047857284546,1.466563530057523,1.1878773640459381,1.7131030109913339,1.2009145982130178
782.3547360897064,1.501270196372459,1.3075417467657906,1.912904455998658,1.3311855642846695
782.404682636261,1.4965626692558138,1.3621881218685217,2.103437330744186,1.4646705144233036
782.4546751976013,1.4965626692558138,1.4013879947161736,2.103437330744186,1.6236972482294987
782.5047433376312,1.4965626692558138,1.4312674195942916,2.103437330744186,1.730972604232499
782.5546998977661,1.4917628007681558,1.476750260242079,2.108237199231844,2.061310424897631
782.6045262813568,1.6057088147709035,1.5301313468152002,1.994291185229096,2.144262819705091
782.654679775238,1.6057088147709035,1.6084693780303083,1.994291185229096,2.027256334852198
782.7049272060394,1.6057088147709035,1.6084693780303083,1.994291185229096,2.027256334852198
782.7547454833984,1.6412700537670455,1.7067929034157772,1.9587299462329542,1.8068308345145985
782.804666519165,1.6012071862069555,1.7375964882910673,1.9987928137930442,1.801180583012111
782.8547337055206,1.6012071862069555,1.7494751797773989,1.9987928137930442,1.8200120622296359
782.9048171043396,1.6012071862069555,1.723279558817062,1.9987928137930442,1.823813563250257
782.9549479484558,1.6258742962586652,1.601604706497088,1.9741257037413344,1.792606050752754
783.0046141147614,1.7233830681332984,1.5405083250228504,1.8766169318667012,1.8081291967570143
783.054615020752,1.7233830681332984,1.596551288988627,1.8766169318667012,1.8199592344414097
783.1047849655151,1.7233830681332984,1.596551288988627,1.8766169318667012,1.8199592344414097
783.1546807289124,1.6940038318445712,1.6443932349309427,1.9059961681554285,1.6889593372632459
783.2047836780548,1.6940038318445712,1.6443932349309427,1.9059961681554285,1.6889593372632459
783.2548525333405,1.6940038318445712,1.6909299329918386,1.9059961681554285,1.68791534192816
783.3045387268066,1.7177772484278564,1.611450153684679,1.8822227515721432,1.7037597573546968
783.3545019626617,1.7177772484278564,1.5652093308315504,1.8822227515721432,1.76428522384459
783.4045367240906,1.7321321890764685,1.6170354918344318,1.8678678109235312,1.8011225069634076
783.4546890258789,1.7321321890764685,1.6210371873202025,1.8678678109235312,1.7387206557435961
783.5045561790466,1.65302395668784,1.724973652822492,1.9469760433121597,1.68727102286193
783.554719209671,1.65302395668784,1.7583693210259548,1.9469760433121597,1.7182922205112359
783.6045389175415,1.730343484879599,1.6927064732542805,1.8696565151204005,1.798266490964245
783.6547906398773,1.730343484879599,1.65081743988387,1.8696565151204005,1.8913640406137056
783.7047967910767,1.730343484879599,1.6474529540121092,1.8696565151204005,1.9082046405318587
783.7548949718475,1.7318522769768319,1.640265313606571,1.8681477230231678,1.8424290545977433
783.8047075271606,1.7318522769768319,1.640265313606571,1.8681477230231678,1.8424290545977433
783.8546802997589,1.7318522769768319,1.640265313606571,1.8681477230231678,1.8424290545977433
783.904584646225,1.7983679137960407,1.7474625331053828,1.801632086203959,1.8025253329071025
783.9548227787018,1.7983679137960407,1.7322358740502415,1.801632086203959,1.787449485861815
784.0045328140259,1.8008084942098117,1.815767807309443,1.799191505790188,1.8106025643524934
784.0548446178436,1.8008084942098117,1.815767807309443,1.799191505790188,1.8106025643524934
784.1045725345612,1.7254830982660343,1.8403130595622281,1.8745169017339653,1.8570273818298293
784.154714345932,1.7254830982660343,1.826750005176228,1.8745169017339653,1.8802870596071761
784.2046530246735,1.7254830982660343,1.811224368149377,1.8745169017339653,1.9098744681251456
784.2547171115875,1.7254830982660343,1.811224368149377,1.8745169017339653,1.9098744681251456
784.3045482635498,1.840018497907947,1.5541888594637,1.7599815020920526,1.7613220270129717
784.3545336723328,1.840018497907947,1.6802800662042787,1.7599815020920526,1.7449791996499875
784.4044938087463,1.8093987768259505,1.8118027651329789,1.7906012231740491,1.6792601741130702
784.4548845291138,1.8093987768259505,1.8118027651329789,1.7906012231740491,1.6792601741130702
784.5045328140259,1.8002492897040616,1.8164042134802525,1.799750710295938,1.6751287005963038
784.5547819137573,1.8002492897040616,1.7709609448743453,1.799750710295938,1.670355678953058
784.6045114994049,1.8044047805438481,1.7191383707311059,1.7955952194561515,1.7426902021248236
784.6547498703003,1.8044047805438481,1.790830297510134,1.7955952194561515,1.769056347558943
784.7047145366669,1.8328737995550783,1.7970562183524277,1.7671262004449213,1.7021698382675818
784.7546694278717,1.8328737995550783,1.736333696973268,1.7671262004449213,1.6396706614677967
784.8044948577881,1.82516054119329,1.7293692573065558,1.7748394588067096,1.6165282814664197
784.8547654151917,1.82516054119329,1.7028999891373513,1.7748394588067096,1.603515511093292
784.9046483039856,1.82516054119329,1.736415039774029,1.7748394588067096,1.6740888368616051
784.9547102451324,1.813617593898391,1.7308874197460702,1.7863824061016087,1.6934916979986159
785.004533290863,1.8995737956203382,1.7584788041327415,1.7004262043796614,1.786580399661683
785.0549309253693,1.8995737956203382,1.7717206695869592,1.7004262043796614,1.7155078831649972
785.1044824123383,1.897976425644093,1.7464729196737419,1.7020235743559067,1.6424284380675729
785.1547296047211,1.897976425644093,1.7309821395224456,1.7020235743559067,1.6210355759859905
785.204710483551,1.897976425644093,1.7669723194439773,1.7020235743559067,1.6441437855024514
785.2547755241394,1.9088763555620714,1.789929510173782,1.6911236444379283,1.6548751373765245
785.3048703670502,1.9088763555620714,1.8342759376869107,1.6911236444379283,1.6898834335611685
785.3547101020813,1.8724719956277494,1.874589716660856,1.7275280043722503,1.7883538757568784
785.4047272205353,1.8724719956277494,1.8267064313271264,1.7275280043722503,1.7833691930610078
785.454696893692,1.9077065984587072,1.8325821530925406,1.6922934015412925,1.7828198251627767
785.5047476291656,1.9077065984587072,1.760978578922664,1.6922934015412925,1.765133558744254
785.554541349411,1.9077065984587072,1.8171173180241023,1.6922934015412925,1.7624048254801408
785.604501247406,1.9077065984587072,1.883501853171538,1.6922934015412925,1.7705078695504752
785.6547312736511,1.9541633786743902,1.9241783782089534,1.6458366213256095,1.7575728240354855
785.7044756412506,1.9541633786743902,1.8919863459544253,1.6458366213256095,1.6668703024022482
785.754734992981,1.886868075896604,1.8919863459544253,1.7131319241033955,1.6668703024022482
785.8047959804535,1.886868075896604,1.8919863459544253,1.7131319241033955,1.6668703024022482
785.8548402786255,1.911861190993533,1.8307841747774063,1.6881388090064666,1.679924300366538
785.9047491550446,1.911861190993533,1.7579487799325006,1.6881388090064666,1.728572701592647
785.9548799991608,1.911861190993533,1.728363718910123,1.6881388090064666,1.7689499468680638
786.0046496391296,1.911861190993533,1.7483510879733073,1.6881388090064666,1.8189301273815341
786.0547456741333,1.911861190993533,1.7294037881395068,1.6881388090064666,1.7827961986634437
786.1045122146606,1.911861190993533,1.6764409706261338,1.6881388090064666,1.677519357939624
786.1546518802643,1.911861190993533,1.701228209683892,1.6881388090064666,1.6540965402388799
786.205235004425,1.911861190993533,1.79331144393072,1.6881388090064666,1.682600237045201
786.2544794082642,1.911861190993533,1.8206739536059544,1.6881388090064666,1.6824749887948423
786.3045072555542,1.911861190993533,1.7799359838175528,1.6881388090064666,1.675824519907183
786.3548014163971,0.0,1.7799359838175528,0.0,1.675824519907183
786.4047470092773,0.0,1.7638415809441612,0.0,1.7417424377283963
786.4546859264374,0.0,1.0161441498745325,0.0,1.078765817516381
786.5045194625854,0.0,-0.2455741631895552,0.0,-0.057913905565738485
786.5547008514404,0.0,-0.37669404153502883,0.0,-0.17291265053205485
786.6046979427338,0.0,-0.1657057866912254,0.0,-0.06383255045766638
786.654944896698,0.0,-0.019562579307915006,0.0,-0.015018473962639584
801.3047745227814,0.20102500915527344,-3.441895001540595e-148,0.20102500915527344,-2.6423923782822608e-148
801.354828119278,0.40123939514160156,0.03326392471790314,0.40123939514160156,0.041579906642436985
801.4047706127167,0.6010093688964844,0.22898250925540925,0.6010093688964844,0.25256821435689925
801.4544920921326,0.0,0.5145373852186204,0.0,0.5226256461853981
801.5045990943909,0.0,0.5769626323389817,0.0,0.54667935414011
801.554484128952,0.0,0.2215493002179077,0.0,0.1988706498487999
801.6049551963806,0.0,-0.03638878421868765,0.0,-0.011843575806228766
801.65460729599,0.0,-0.10670135244416547,0.0,-0.015103463758522893
801.704756975174,0.0,-0.0513220569182182,0.0,-0.005437246953068241
801.8047611713409,0.20075607299804688,-0.00033724093966298267,0.20075607299804688,-0.000704667205117644
801.8548309803009,0.4010353088378906,0.03319108067493594,0.4010353088378906,0.04974368045066542
801.9047873020172,0.600860595703125,0.2642862936682974,0.600860595703125,0.27740765629768876
801.9547843933105,0.8008489608764648,0.5294220640955261,0.8008489608764648,0.4860978687473315
802.004721403122,1.0005970001220703,0.7110380480777463,1.0005970001220703,0.6497809039831702
802.0545196533203,1.1997900009155273,0.8737322598728385,1.1997900009155273,0.8127133875112729
802.1047399044037,1.4006710052490234,1.1242012667424572,1.4006710052490234,1.0710497623948787
802.154497385025,1.599700927734375,1.2804492028153094,1.599700927734375,1.233807942614622
802.2044880390167,1.7996635437011719,1.4002714769218976,1.7996635437011719,1.3803126697584394
802.2546951770782,2.0004920959472656,1.6609572790755547,2.0004920959472656,1.5515926298227303
802.3045086860657,2.1997461318969727,1.80385318598844,2.1997461318969727,1.711753106715431
802.3545029163361,2.3997230529785156,1.9436561651290563,2.3997230529785156,1.8212923633821547
802.4047255516052,2.600613594055176,2.067497019312183,2.600613594055176,1.9880041418469336
802.4545769691467,2.8000192642211914,2.224068261745477,2.8000192642211914,2.181194863486161
802.5045416355133,2.9998779296875,2.4708115577236685,2.9998779296875,2.475458349607249
802.5547759532928,3.200815200805664,2.6101441879106475,3.200815200805664,2.611816985305021
802.6047039031982,3.400527000427246,2.7321237837922423,3.400527000427246,2.747845924936248
802.6544809341431,3.599635124206543,2.940641457178275,3.599635124206543,2.9340952075334217
802.7045178413391,3.5999999999999996,3.1692268375175288,3.5999999999999996,3.0554360426716265
802.7548236846924,3.5999999999999996,3.23882150853695,3.5999999999999996,3.1212051633805844
802.8045923709869,3.5999999999999996,3.3664457519233997,3.5999999999999996,3.2214169570378353
802.8545243740082,3.5999999999999996,3.40593491905791,3.5999999999999996,3.319118342917316
802.9047663211823,3.5999999999999996,3.32176368801783,3.5999999999999996,3.3769959171251607
802.9545595645905,3.5999999999999996,3.204686560758318,3.5999999999999996,3.3227090964187203
803.0046834945679,3.5999999999999996,3.1618930807878765,3.5999999999999996,3.3075504380148066
803.0545017719269,3.5999999999999996,3.2110312623985267,3.5999999999999996,3.212872661827754
803.1044602394104,3.5999999999999996,3.313787569160735,3.5999999999999996,3.217912663583309
803.1547827720642,3.5999999999999996,3.2929294596512824,3.5999999999999996,3.2106879673830333
803.2046484947205,3.5999999999999996,3.2896826082706276,3.5999999999999996,3.256969697620372
803.2547814846039,3.5999999999999996,3.3144237898067437,3.5999999999999996,3.355352851536586
803.3046019077301,3.5999999999999996,3.2950186193477684,3.5999999999999996,3.364248573185931
803.3547880649567,3.5999999999999996,3.260168504494127,3.5999999999999996,3.2444415114171257
803.4045343399048,3.5999999999999996,3.2484978598753322,3.5999999999999996,3.1450243290131192
803.4544582366943,3.5999999999999996,3.3892341753520903,3.5999999999999996,3.260938322693787
803.5047671794891,3.5999999999999996,3.4488071549181343,3.5999999999999996,3.3568827996792847
803.5547261238098,3.5999999999999996,3.381336362895162,3.5999999999999996,3.3450450953296107
803.6047189235687,3.5999999999999996,3.301820275212571,3.5999999999999996,3.325187294117854
803.6547555923462,3.5999999999999996,3.3225358857006713,3.5999999999999996,3.359697545206158
803.7047367095947,3.5999999999999996,3.360130096434636,3.5999999999999996,3.3530693874769324
803.7546961307526,3.5999999999999996,3.3631532281490863,3.5999999999999996,3.291089735961422
803.8047194480896,3.5999999999999996,3.4059380372710004,3.5999999999999996,3.325995346022772
803.8547403812408,3.5999999999999996,3.4245749073152654,3.5999999999999996,3.391976397077964
803.9044904708862,0.0,3.420750212221918,0.0,3.422024830998577
803.954820394516,0.0,3.3680986469565313,0.0,3.3658095734673488
804.0045373439789,0.0,2.0263376047222073,0.0,2.0658174611577182
804.0544848442078,0.0,-0.4966577003238815,0.0,-0.3909255020212195
804.1047990322113,0.0,-0.7882393804730732,0.0,-0.7870036966463707
804.1547043323517,0.0,-0.3166168838456306,0.0,-0.41203825021484314
804.2046756744385,0.0,-0.08186237869948343,0.0,-0.19732706677734146
804.2545354366302,0.0,0.21042940429812262,0.0,0.1407460317833843
804.3046827316284,0.0,0.09238654745924087,0.0,0.05482656180823882
804.5545156002045,-0.1998147964477539,-6.785680167651908e-05,-0.1998147964477539,0.0003432586247411441
804.6046822071075,-0.4004812240600586,-0.03170435377113621,-0.4004812240600586,-0.047396319349240525
804.6547780036926,-0.6008644104003906,-0.2794440331989024,-0.6008644104003906,-0.28509314080702
804.704705953598,0.0,-0.5227004221534786,0.0,-0.47680099446997665
804.7548718452454,0.0,-0.6482676610543836,0.0,-0.5850202237975194
804.8046896457672,0.0,-0.2401803412805024,0.0,-0.22194725392740702
804.8548076152802,0.0,0.056754746004223006,0.0,0.011574775152867797
804.9045271873474,0.0,0.11154593275700063,0.0,0.032885462107705744
804.9547455310822,0.0,0.06720631881373185,0.0,0.02298766347018993
805.0045464038849,0.0,0.014516564863766075,0.0,0.004965335309561025
805.0545933246613,-0.20018768310546875,0.005225963350955786,-0.20018768310546875,0.0017875207114419688
805.1046993732452,-0.40061187744140625,0.001881346806344083,-0.40061187744140625,0.0006435074561191087
805.1544930934906,-0.5997867584228516,-0.2666315582075093,-0.5997867584228516,-0.22697414037971456
805.2045085430145,-0.7998485565185547,-0.5034704165462867,-0.7998485565185547,-0.4476138320352629
805.2547383308411,-1.000767707824707,-0.5034704165462867,-1.000767707824707,-0.4476138320352629
805.3045003414154,-1.1998157501220703,-0.8282308596771784,-1.1998157501220703,-0.829070226146327
805.3546459674835,-1.4003982543945312,-1.0036606604481397,-1.4003982543945312,-1.0091036519265937
805.4047555923462,-1.6008367538452148,-1.1532550459369895,-1.6008367538452148,-1.1552145228692328
805.4544732570648,-1.7997074127197266,-1.3561633993324849,-1.7997074127197266,-1.3568084156827351
805.5047760009766,-2.000918388366699,-1.4736625255037743,-2.000918388366699,-1.5362646311396202
805.5548143386841,-2.2010717391967773,-1.5885671770890737,-2.2010717391967773,-1.662918848867673
805.6047768592834,-2.4009218215942383,-1.7191871355648107,-2.4009218215942383,-1.791162425187394
805.6548321247101,-2.6011428833007812,-1.9790848196889814,-2.6011428833007812,-2.0743698741236805
805.7045059204102,-2.799838066101074,-2.1178713071827597,-2.799838066101074,-2.256123673864823
805.754487991333,-2.9997663497924805,-2.2288182531053247,-2.9997663497924805,-2.4134927744681676
805.8046805858612,-3.2005367279052734,-2.373104894909421,-3.2005367279052734,-2.5118575723772656
805.8545775413513,-3.4001245498657227,-2.7218141146368606,-3.4001245498657227,-2.7732398912578793
805.904753446579,-3.5999999999999996,-2.9756884046030097,-3.5999999999999996,-2.965095772931694
805.9547047615051,-3.5999999999999996,-3.0456039111394917,-3.5999999999999996,-3.0200576869188067
806.0048086643219,-3.5999999999999996,-3.1834115524416284,-3.5999999999999996,-3.1576501540847897
806.0547211170197,-3.5999999999999996,-3.2867488743160393,-3.5999999999999996,-3.2961901743711817
806.1045122146606,-3.5999999999999996,-3.315144677685293,-3.5999999999999996,-3.357099520665471
806.1547107696533,-3.5999999999999996,-3.324983112714264,-3.5999999999999996,-3.297318959534907
806.2044999599457,-3.5999999999999996,-3.3005410549765495,-3.5999999999999996,-3.239894093621043
806.2545025348663,-3.5999999999999996,-3.359357701920345,-3.5999999999999996,-3.2742599361880877
806.304722070694,-3.5999999999999996,-3.342039833253458,-3.5999999999999996,-3.3280365650800796
806.3547239303589,-3.5999999999999996,-3.223762592000664,-3.5999999999999996,-3.2860757798533893
806.4047377109528,-3.5999999999999996,-3.1717282963953854,-3.5999999999999996,-3.2695592984168975
806.4547016620636,-3.5999999999999996,-3.185167113536445,-3.5999999999999996,-3.315405433581206
806.5044901371002,-3.5999999999999996,-3.279445801647774,-3.5999999999999996,-3.351485632582984
806.5547218322754,-3.5999999999999996,-3.368891408850767,-3.5999999999999996,-3.304537967225724
806.6047928333282,-3.5999999999999996,-3.387311109594113,-3.5999999999999996,-3.2548480446508457
806.6545805931091,-3.5999999999999996,-3.317505885081874,-3.5999999999999996,-3.3374289639910186
806.7046804428101,-3.5999999999999996,-3.1825775130691722,-3.5999999999999996,-3.3946253860516595
806.7547392845154,-3.5999999999999996,-3.0996217474020455,-3.5999999999999996,-3.3796747066208095
806.8047165870667,-3.5999999999999996,-3.082483330178628,-3.5999999999999996,-3.254054176961006
806.8545567989349,-3.5999999999999996,-3.3152878253287152,-3.5999999999999996,-3.262978031477728
806.9045686721802,-3.5999999999999996,-3.4340664661631375,-3.5999999999999996,-3.3617750290303463
806.9546449184418,-3.5999999999999996,-3.4418066352619667,-3.5999999999999996,-3.3726006132341277
807.0046627521515,-3.5999999999999996,-3.302601528525851,-3.5999999999999996,-3.2905177705994912
807.0545837879181,-3.5999999999999996,-3.2192440922557006,-3.5999999999999996,-3.2703737218418243
807.1047241687775,-3.5999999999999996,-3.2212910781681066,-3.5999999999999996,-3.2521716713633007
807.154718875885,-3.5999999999999996,-3.239939370049698,-3.5999999999999996,-3.251696051110954
807.2048354148865,-3.5999999999999996,-3.2829572385407673,-3.5999999999999996,-3.289997718673991
807.2545688152313,-3.5999999999999996,-3.3209280763452402,-3.5999999999999996,-3.317570047318421
807.3045148849487,-3.5999999999999996,-3.33392914990372,-3.5999999999999996,-3.274508341576868
807.3547751903534,-3.5999999999999996,-3.3064255840532297,-3.5999999999999996,-3.2759621230696014
807.4046909809113,-3.5999999999999996,-3.3088362548453443,-3.5999999999999996,-3.314933446214236
807.4547965526581,-3.5999999999999996,-3.3414560628069463,-3.5999999999999996,-3.3927549220915925
807.5046954154968,-3.5999999999999996,-3.403332660393704,-3.5999999999999996,-3.4495993887590037
807.5547313690186,-3.5999999999999996,-3.357056145386007,-3.5999999999999996,-3.4557165525361544
807.6045558452606,-3.5999999999999996,-3.2761954228339576,-3.5999999999999996,-3.4107489569904077
807.6547329425812,-3.5999999999999996,-3.245489521989512,-3.5999999999999996,-3.3318127817125918
807.7048044204712,-3.5999999999999996,-3.2613174071917372,-3.5999999999999996,-3.280410614951079
807.7544856071472,-3.5999999999999996,-3.22742167367717,-3.5999999999999996,-3.191354976322475
807.8047370910645,-3.5999999999999996,-3.22742167367717,-3.5999999999999996,-3.191354976322475
807.8545293807983,-3.5999999999999996,-3.2587907518321453,-3.5999999999999996,-3.3461171384244346
807.904708147049,-3.5999999999999996,-3.3337287499442407,-3.5999999999999996,-3.392355942568392
807.9546146392822,-3.5999999999999996,-3.3122320679316815,-3.5999999999999996,-3.3699496358530734
808.0047883987427,-3.5999999999999996,-3.288819493323203,-3.5999999999999996,-3.3237317575179466
808.0544974803925,-3.5999999999999996,-3.4465614777098788,-3.5999999999999996,-3.446336056226358
808.1047232151031,0.0,-3.4824612744316115,0.0,-3.4871321387650482
808.1547338962555,0.0,-3.48656152532486,0.0,-3.5226279656625934
808.204559803009,0.0,-2.1097004783078037,0.0,-2.2349404874489323
808.2547791004181,0.0,-0.2113605763408184,0.0,-0.36867656885548633
808.3047075271606,0.0,0.7756513824739705,0.0,0.566742816285023
808.3547093868256,0.0,0.6065521675017066,0.0,0.43963236775258924
808.4047112464905,0.0,0.18493646190166185,0.0,0.1644452388570061
808.4545531272888,0.0,0.024186425242422274,0.0,0.06974199268134539
808.5048151016235,0.0,-0.10388339712018049,0.0,0.008870298382928117
808.5545816421509,0.0,-0.031420073720013736,0.0,0.001915984450712473
823.4047138690948,0.0,-0.013616232717037201,0.0,-0.02384127359986305
823.4545710086823,0.0,-0.02556057507505417,0.0,-0.041377153189802174
823.504804611206,0.0,-0.03414975011841202,0.0,-0.0564756808966961
823.554652929306,0.0,-0.012293910042628328,0.0,-0.04615038519944786
823.9045767784119,0.0,-0.024922857845690018,0.0,-0.04432568743384184
824.1047990322113,0.0,-0.032960689467308714,0.0,-0.0009477626932214185
824.1545021533966,0.0,-0.06604417318389559,0.0,-0.029334409922058477
824.2047226428986,0.0,-0.02852789114458231,0.0,-0.055155976017604504
824.2546515464783,0.0,-0.01027004081204963,0.0,-0.04495529415617832
824.304491519928,0.0,-0.01786683581441853,0.0,-0.01569784998695708
824.3546435832977,0.0,-0.01077083348811941,0.0,-0.005651225995304547
824.504540681839,0.0,-0.018762992399251846,0.0,-0.0001581981600221573
824.5546927452087,0.0,-0.019426647392743725,0.0,-5.695133760797663e-05
824.6044886112213,0.0,-0.011427443495047214,0.0,-1.2301488923322951e-05
824.6546294689178,0.0,-0.028550329071672036,0.0,-0.014469956209783133
824.7047395706177,0.0,-0.03005353627470783,0.0,-0.04291549971472548
824.8545188903809,0.0,-0.02032446171499272,0.0,-0.005738440759577674
824.9046795368195,0.0,-0.026768970241511987,0.0,-0.0020658386734479627
846.8045418262482,0.19916629791259766,1.2870361345860391e-217,0.19916629791259766,2.133688295411838e-214
846.8546953201294,0.3997802734375,0.04989588856697083,0.3997802734375,0.03326392471790314
846.9047844409943,0.6001367568969727,0.04989588856697083,0.6001367568969727,0.03326392471790314
846.9547290802002,0.7999153137207031,0.5413211343860627,0.7999153137207031,0.5181728055524826
847.0047307014465,0.9999217987060547,0.6574319099292756,0.9999217987060547,0.6185949594049454
847.0545535087585,1.1992130279541016,0.9508750596821076,1.1992130279541016,0.8936401788030899
847.1048257350922,1.3566228761078705,0.9508750596821076,1.4003019332885742,0.8936401788030899
847.1546995639801,1.3566228761078705,1.0971831720818774,1.599797248840332,1.0761479967871384
847.2047090530396,1.3566228761078705,1.125284185513836,1.799835205078125,1.1254569073938772
847.2547974586487,1.3566228761078705,1.312770296920415,2.0001888275146484,1.385550989207771
847.3046844005585,1.3566228761078705,1.3801480042180094,2.1997365951538086,1.6117537737478542
847.3544776439667,0.0,1.37070717707912,0.0,1.9083831455357254
847.4045379161835,0.0,1.3670861612402434,0.0,2.0125852350967186
847.4547264575958,0.0,0.7765575748315943,0.0,1.2151735532132526
847.504477262497,0.0,-0.14261597832516812,0.0,-0.28504666645376764
847.5545966625214,0.0,-0.25009885736874093,0.0,-0.48112303838389714
847.604505777359,0.0,-0.15439404702271706,0.0,-0.2335855477759514
847.6546528339386,0.0,-0.03871229585201389,0.0,0.018076961891319507
847.7044825553894,0.0,0.021575675090380286,0.0,0.10726038774033059
847.7547810077667,0.0,0.021575675090380286,0.0,0.10726038774033059
850.2547833919525,0.20038127899169922,1.8410080468981978e-27,0.20038127899169922,7.019362056061029e-27
850.3047308921814,0.40017127990722656,1.1046048281389185e-27,0.40017127990722656,4.2116172336366175e-27
850.3545069694519,0.5992755889892578,0.2732393777370453,0.5992755889892578,0.2687249816060066
850.4047472476959,0.800236701965332,0.5291339767932892,0.800236701965332,0.47594971549272536
850.454573392868,0.9995412826538086,0.7360165481433869,0.9995412826538086,0.6270576325360298
850.5045623779297,1.114294110404432,0.8966070529985198,1.1994972229003906,0.8176875039714103
850.5547726154327,1.114294110404432,0.9803807085931695,1.4003381729125977,0.9654032012740681
850.6047625541687,1.114294110404432,1.028975423942828,1.6002979278564453,1.05325281744718
850.6546895503998,1.114294110404432,1.1284233796820025,1.8000059127807617,1.2868001120399652
850.7044878005981,1.114294110404432,1.1586636910772916,1.9991989135742188,1.6322894528245948
850.7547075748444,1.114294110404432,1.1584292391515945,2.200078010559082,1.8065094101930628
850.804703950882,1.114294110404432,1.143469023927826,2.4000635147094727,1.8825548105897296
850.8547565937042,1.114294110404432,1.1700631578927756,2.4857058895955677,1.9690382798222448
850.9045283794403,1.114294110404432,1.2029249024450368,2.4857058895955677,2.0685166234865573
850.9547379016876,0.0,1.1960738034283867,0.0,2.103507930940079
851.004691362381,0.0,1.1958131510755867,0.0,2.169932612720541
851.0546975135803,0.0,0.3737923999040218,0.0,0.6466868494580846
851.1047399044037,0.0,-0.07194826456038148,0.0,-0.3994844398034575
851.1549758911133,0.0,-0.1497154019341831,0.0,-0.5883017272238652
851.204737663269,0.0,-0.07330149988767973,0.0,-0.2127126159841318
851.2547059059143,0.0,-0.016884562362804903,0.0,0.020047231820541668
853.2545533180237,0.19943523406982422,-1.824325560337861e-22,0.19943523406982422,2.0729414628027332e-22
853.3047440052032,0.40019798278808594,-6.5675720172163e-23,0.40019798278808594,7.462589266089839e-23
853.3547775745392,0.6003322601318359,0.1904755547642708,0.6003322601318359,0.1358276852965355
853.4044427871704,0.7989931106567383,0.5822502604365349,0.7989931106567383,0.4523953939461708
853.454755783081,1.0002450942993164,0.7458100711550713,1.0002450942993164,0.6271110061997414
853.5047707557678,1.2003049850463867,0.8582865880219841,1.2003049850463867,0.726637886197361
853.5545287132263,1.3409867233527337,0.9801189739568961,1.399336814880371,0.8716210792890762
853.6045110225677,1.3409867233527337,1.2192699407376657,1.5992660522460938,1.104395531735144
853.6546778678894,1.3409867233527337,1.3192431507648639,1.7999334335327148,1.2541284119324643
853.7046880722046,1.3409867233527337,1.3199034683039765,1.999974250793457,1.4204064686979088
853.7546982765198,1.3409867233527337,1.3176588329534027,2.200015068054199,1.6717216308569123
853.8047115802765,1.3409867233527337,1.3683251135180101,2.259013276647266,1.8325849295492844
853.8547546863556,0.0,1.3964801785694254,0.0,1.954464818984361
853.9045450687408,0.0,1.412263580227376,0.0,2.0133346888840524
853.9547793865204,0.20093727111816406,0.8599036740295223,0.20093727111816406,1.232629701140654
854.0047078132629,0.4006509780883789,0.8599036740295223,0.4006509780883789,1.232629701140654
854.0544984340668,0.5998134613037109,-0.3242980347805402,0.5998134613037109,-0.5594377579535544
854.1049683094025,0.8016929626464844,-0.24114831428129563,0.8016929626464844,-0.4620655573752821
854.1547396183014,1.0007781982421875,0.5535371305314083,1.0007781982421875,0.4688326761695726
854.2046928405762,1.2005910873413086,1.0100610018408553,1.2005910873413086,0.9748153869714612
854.2547521591187,1.4008283615112305,1.2865628772872122,1.4008283615112305,1.221878429555074
854.3047013282776,1.4845335133085853,1.3592637672626053,1.6006250381469727,1.245441653836909
854.3546395301819,1.4845335133085853,1.3976769146086618,1.8003778457641602,1.2628558030779022
854.4047160148621,1.4845335133085853,1.3976769146086618,2.0006837844848633,1.2628558030779022
854.4548122882843,1.381560104605765,1.455546655448695,2.201068878173828,1.4473448389850088
854.5044963359833,1.381560104605765,1.457050113290114,2.2184398953942344,1.7573089069050272
854.5547451972961,1.381560104605765,1.357324128774248,2.2184398953942344,1.960812172863068
854.6046857833862,1.381560104605765,1.2991917009690197,2.2184398953942344,2.031459694471305
854.6544699668884,1.381560104605765,1.3096723129268864,2.2184398953942344,2.0274388115000033
854.7048065662384,1.381560104605765,1.3793701876371998,2.2184398953942344,1.9888451190134755
854.7547948360443,1.381560104605765,1.3793701876371998,2.2184398953942344,1.9888451190134755
854.8047125339508,1.5812308962317416,1.426787655843538,2.018769103768258,1.8732686977702158
854.8547079563141,1.5948054930052566,1.4341864542817744,2.005194506994743,1.9221354535025754
854.9044983386993,1.5948054930052566,1.4910373440024878,2.005194506994743,1.817511480086378
854.9544947147369,1.5948054930052566,1.4808352571953878,2.005194506994743,1.6981577161669725
855.0047340393066,1.5948054930052566,1.557478300889595,2.005194506994743,1.6795623093981742
855.0547778606415,1.5948054930052566,1.5568020506478297,2.005194506994743,1.685792195444317
855.1044886112213,1.5948054930052566,1.5749409386491595,2.005194506994743,1.738494062633636
855.1547646522522,1.6272928638067077,1.552392732439984,1.972707136193292,1.7228374863930478
855.2046527862549,1.6272928638067077,1.552392732439984,1.972707136193292,1.7228374863930478
855.2546911239624,1.587410012413362,1.5482583205398774,2.0125899875866375,1.7647180894095138
855.3047018051147,1.587410012413362,1.5410961780725785,2.0125899875866375,1.7986755253939068
855.3547711372375,1.6189472463034351,1.5680242612521245,1.9810527536965645,1.8367523866439428
855.4047203063965,1.6189472463034351,1.542027348323836,1.9810527536965645,1.827045893104478
855.4547641277313,1.6342798731085704,1.5779954936662342,1.9657201268914293,1.8319529970043673
855.5045065879822,1.6342798731085704,1.5943064935661106,1.9657201268914293,1.8051273692035292
855.554723739624,1.65144879910337,1.6296047203894881,1.9485512008966297,1.8216863585132461
855.6048469543457,1.65144879910337,1.6575038333628433,1.9485512008966297,1.8306031294237435
855.6547048091888,1.6312493520613272,1.710720549342739,1.9687506479386725,1.791910144348473
855.7047648429871,1.6312493520613272,1.6690308632360145,1.9687506479386725,1.7404245213625018
855.7544941902161,1.6312493520613272,1.542495083575949,1.9687506479386725,1.7065468471769543
855.8046946525574,1.6312493520613272,1.542495083575949,1.9687506479386725,1.7065468471769543
855.8546946048737,1.6312493520613272,1.5706624178775246,1.9687506479386725,1.8901474398236986
855.9046940803528,1.6312493520613272,1.5993599169664439,1.9687506479386725,1.9656865550197073
855.9544796943665,1.6312493520613272,1.5794851323970542,1.9687506479386725,2.0035403623266967
856.0047223567963,1.6312493520613272,1.6372181537511965,1.9687506479386725,1.9728296299249155
856.0547235012054,1.6312493520613272,1.671796015361417,1.9687506479386725,1.9173998486806234
856.1047308444977,1.6312493520613272,1.6604360887166671,1.9687506479386725,1.8711582214718627
856.1548027992249,1.6312493520613272,1.6604360887166671,1.9687506479386725,1.8711582214718627
856.2047214508057,1.7273240063410527,1.5692820922269421,1.872675993658947,1.798200855805088
856.2548093795776,1.8327540014371089,1.5933151427173853,1.7672459985628908,1.8159095800472291
856.3046689033508,1.8327540014371089,1.669322902557763,1.7672459985628908,1.8023227533061381
856.3545758724213,1.7732927090337174,1.8554631245464708,1.8267072909662823,1.7347049902039329
856.4047329425812,1.7732927090337174,1.8554631245464708,1.8267072909662823,1.7347049902039329
856.4546325206757,1.796139988250139,1.8860142401480093,1.8038600117498607,1.6470413639817667
856.5048015117645,1.796139988250139,1.850109253622497,1.8038600117498607,1.6069337627097386
856.5546793937683,1.796139988250139,1.850109253622497,1.8038600117498607,1.6069337627097386
856.6047205924988,1.796139988250139,1.6721368203526399,1.8038600117498607,1.5827277853169592
856.65478515625,1.796139988250139,1.6721368203526399,1.8038600117498607,1.5827277853169592
856.7047142982483,1.796139988250139,1.6088632927291124,1.8038600117498607,1.623844566944157
856.7546944618225,1.796139988250139,1.6472284189434367,1.8038600117498607,1.63958519876177
856.8045065402985,1.796139988250139,1.746927995287147,1.8038600117498607,1.6111071002418862
856.8547015190125,1.796139988250139,1.7030502148161295,1.8038600117498607,1.5797757014728213
856.9048974514008,1.796139988250139,1.6871085874849534,1.8038600117498607,1.5814639630971328
856.9544923305511,0.0,1.6833146103098762,0.0,1.6703797360337092
857.0046882629395,0.0,1.7120186741784134,0.0,1.7625499885109537
857.0547037124634,0.0,0.969213558040914,0.0,1.0688084681330017
857.1544713973999,0.0,-0.4324546407632528,0.0,-0.3009412996884032
857.2044949531555,0.0,-0.23329948816201088,0.0,-0.1542747622877065
857.2545866966248,0.20036697387695312,-0.011446875095967035,0.20036697387695312,-0.013575194697965517
857.304696559906,0.4008064270019531,0.023371805691359295,0.4008064270019531,-0.0005851341315444318
857.3546254634857,0.6005220413208008,0.17802071610373835,0.6005220413208008,0.13174131392894978
857.4047429561615,0.8009920120239258,0.43565643682223293,0.8009920120239258,0.36160644607350395
857.454517364502,1.0000896453857422,0.7986950573175611,1.0000896453857422,0.7299531575320831
857.5048019886017,1.201228141784668,0.9852461897200153,1.201228141784668,0.943763792858553
857.5545406341553,1.4001827239990234,1.05608218727824,1.4001827239990234,1.055404493932497
857.6047413349152,1.6009855270385742,1.0692483056683355,1.6009855270385742,1.0688416896608897
857.6545362472534,1.723148761258676,1.3828828546837202,1.8001651763916016,1.2916107310940648
857.7047276496887,1.723148761258676,1.471248234119131,1.8768512387413236,1.4006449779325618
857.7547080516815,0.0,1.6866348677457577,0.0,1.6761074256994368
857.8047461509705,0.0,1.7113780007451012,0.0,1.8438838073765533
857.85462641716,0.0,0.4732647821455075,0.0,0.642117905598635
857.9046075344086,0.0,-0.1895403235501454,0.0,-0.018316976553766323
857.9547369480133,0.0,-0.1895403235501454,0.0,-0.018316976553766323
858.0047476291656,0.0,-0.20381873741535578,0.0,-0.048293964408376584
858.0545585155487,0.0,-0.026309565526984706,0.0,-0.010431496312209342
858.1049122810364,0.0,0.011912506375524079,0.0,-0.003755338672395363
858.1545512676239,0.0,0.013792479891948465,0.0,-0.0013519219220623306
8199.704472780228,0.0,0.014819168707216265,0.0,0.009636559736530676
8199.754489421844,0.0,0.014819168707216265,0.0,0.009636559736530676
8199.804488420486,0.0,0.014819168707216265,0.0,0.009636559736530676
8211.704492330551,-0.20003795623779297,1.8192569716440869e-121,-0.20003795623779297,-1.0856487007395974e-121
8211.754466295242,-0.3999338150024414,5.09275519614159e-123,-0.3999338150024414,-3.039121546902398e-123
8211.804507493973,-0.6000986099243164,5.09275519614159e-123,-0.6000986099243164,-3.039121546902398e-123
8211.904486894608,0.0,-0.34815923957467076,0.0,-0.4169775365781784
8211.954491376877,0.0,-0.41553506605887414,0.0,-0.4719460081453323
8212.004501581192,0.0,-0.41553506605887414,0.0,-0.4719460081453323
8212.054491758347,0.0,-0.13103842434009463,0.0,-0.11302941323350016
8212.1044921875,0.0,-0.06252760780883163,0.0,-0.030261606162966144
8212.15446472168,0.0,-0.06252760780883163,0.0,-0.030261606162966144
8212.204470396042,0.0,-0.06252760780883163,0.0,-0.030261606162966144
8239.654690265656,0.0,-0.01330556869506836,0.0,-0.025699073183960648
8239.704730510712,0.0,-0.01330556869506836,0.0,-0.025699073183960648
8280.60451221466,0.0,-0.030011451333761215,0.0,6.704504647158422e-31
8280.65478682518,0.0,-0.023872092458009718,0.0,2.413621672977032e-31
8280.80453133583,0.0,-0.014971752989096055,0.0,6.756595966464982e-33
8280.854858875275,0.0,-0.017301483015228252,0.0,2.4323745479273932e-33
8281.354712963104,0.0,0.015707735979995523,0.0,3.2015328238076765e-38
8281.404849767685,0.0,0.017638061409392856,0.0,1.1525518165707634e-38
8281.45472407341,0.0,0.01049956575183368,0.0,2.489511923792849e-39
8384.904657840729,0.19965648651123047,5e-324,0.19965648651123047,5e-324
8384.954852819443,0.4004364013671875,5e-324,0.4004364013671875,5e-324
8385.004744291306,0.6000022888183594,5e-324,0.6000022888183594,5e-324
8385.054719686508,0.7999038696289062,0.11776668339967729,0.6168702805783008,0.10578340709209443
8385.104612350464,0.9994745254516602,0.347093532717228,0.6168702805783008,0.32548231036663056
8385.154725313187,1.1999263763427734,0.5972587335953713,0.6168702805783008,0.5540824585599899
8385.204717159271,1.3998937606811523,0.826557557660923,0.6168702805783008,0.7073841996232224
8385.254663228989,1.5996780395507812,0.9734636119169899,0.631494126098906,0.7398220625128586
8385.304670095444,1.6906915101465485,1.1354754628358927,0.7093084898534519,0.7140972635724392
8385.354795455933,1.6906915101465485,1.1864040769111304,0.7093084898534519,0.6810177577482609
8385.40469956398,1.6906915101465485,1.3051531819214053,0.7093084898534519,0.6602590565543276
8385.454612493515,1.5623666497762176,1.4299205021128336,0.8376333502237827,0.7272080678032593
8385.504534959793,1.4625355055893439,1.4918904975437624,0.9374644944106565,0.8091000735147031
8385.554824352264,1.4625355055893439,1.4824412492054762,0.9374644944106565,0.8674583298939431
8385.604776144028,1.4625355055893439,1.3952144370247626,0.9374644944106565,0.9833846138588654
8385.654628038406,1.4625355055893439,1.2401264471686972,0.9374644944106565,1.0777859799863838
8385.704534053802,1.3343037188043376,1.0837822733954345,1.0656962811956627,1.1011814348507623
8385.754894018173,1.3343037188043376,0.9863534633625419,1.0656962811956627,1.0527480866649879
8385.804734706879,1.3877826863657834,1.0399297832599474,1.012217313634217,1.0105603012849973
8385.854754686356,1.4013927876514156,1.1058154854470919,0.9986072123485848,1.0172001984146863
8385.90480017662,1.4013927876514156,1.1781844599233064,0.9986072123485848,1.0791542696867333
8385.95474934578,1.425729306648761,1.204995619172549,0.9742706933512393,1.121581188484929
8386.00484085083,1.425729306648761,1.197482624142657,0.9742706933512393,1.1544371193569547
8386.054565429688,1.425729306648761,1.1495944542250478,0.9742706933512393,1.1221230606766335
8386.10476231575,1.425729306648761,1.115274961563162,0.9742706933512393,1.0838490026187346
8386.154750585556,1.3921727235625654,1.1035179528375432,1.007827276437435,1.0199682532665053
8386.204772233963,1.3638441907085923,1.11611279128003,1.036155809291408,0.9903471095174643
8386.254730939865,1.3736457524583623,1.132781487505464,1.026354247541638,0.9816886004022394
8386.304713964462,1.3736457524583623,1.1528666669610124,1.026354247541638,1.003217478378235
8386.354778528214,1.3397777062501237,1.1407066960745924,1.0602222937498766,1.0011439274967737
8386.40477848053,1.3443647928885833,1.1491405713328047,1.055635207111417,1.0262688607705253
8386.454609155655,1.365641015314231,1.1564883597610351,1.0343589846857693,1.076631275884136
8386.504579544067,1.365641015314231,1.1714755704850421,1.0343589846857693,1.135050738360342
8386.5545566082,1.3509716246839956,1.1996713737553526,1.0490283753160048,1.1486415306946718
8386.604794502258,1.3509716246839956,1.1979717171136242,1.0490283753160048,1.1465638542307068
8386.654518127441,1.3321509104183782,1.2089822545134863,1.0678490895816222,1.1003293528013083
8386.704837560654,1.3321509104183782,1.1959270186835709,1.0678490895816222,1.0915971780009026
8386.754551172256,1.3436520999162167,1.1307392721515006,1.0563479000837837,1.0758357590742214
8386.804566860199,1.3559901440320683,1.1178724839141765,1.044009855967932,1.099731221663021
8386.854562044144,1.3416779224927353,1.1285413100904513,1.058322077507265,1.1181723314048277
8386.904691457748,1.3416779224927353,1.1285413100904513,1.058322077507265,1.1181723314048277
8386.954549074173,1.3457763149274982,1.140173060347476,1.0542236850725022,1.067026678663768
8387.00450205803,1.33405602348929,1.1010085377632994,1.0659439765107104,1.0599629344733754
8387.054515838623,1.364011699328035,1.079509006746033,1.0359883006719655,1.0687242601701807
8387.104773283005,1.3797629228387214,1.0606368582292909,1.020237077161279,1.082841816806149
8387.154543161392,1.4047498522260389,1.0883680958929076,0.9952501477739615,1.1121723253576796
8387.204537153244,1.4047498522260389,1.1423733370083242,0.9952501477739615,1.0835279702800098
8387.254715204239,1.403326755847073,1.1360965094910664,0.9966732441529274,1.052502958754157
8387.304793596268,1.395820627124361,1.1679183645944573,1.0041793728756394,1.029174609939857
8387.35452914238,1.4009509707684666,1.2589784298780131,0.9990490292315337,1.0409867814933165
8387.404742717743,1.4009509707684666,1.2671397110487561,0.9990490292315337,1.042523387179071
8387.454784870148,1.3849486169366065,1.2642825501203134,1.0150513830633938,1.067819400944219
8387.504613161087,1.3739441971817192,1.2326284285917137,1.0260558028182811,1.101198851222243
8387.554562568665,1.332738080390971,1.1812945092869134,1.0672619196090294,1.0815099927739307
8387.604676961899,1.332738080390971,1.146148200696194,1.0672619196090294,1.06134038160882
8387.654609441757,1.315626656499784,1.097802594613606,1.0843733435002163,0.9759385859631595
8387.70453619957,1.2968483540314715,1.1008353121202856,1.1031516459685289,0.9269885614751493
8387.754550218582,1.2778758525554748,1.0563356001539828,1.1221241474445256,0.898383278676464
8387.804731369019,1.2778758525554748,1.0563273687135148,1.1221241474445256,0.9310176273686626
8387.854691028595,1.265385411032354,1.069458765708362,1.1346145889676464,0.9825773012817957
8387.904704093933,1.264192193630788,1.119079466911419,1.1358078063692123,1.0648701777046106
8387.954516887665,1.2987265285401606,1.1414563642450322,1.1012734714598398,1.1077840539211694
8388.004711151123,1.2987265285401606,1.1381945939007334,1.1012734714598398,1.154800498928833
8388.054859876633,1.2963783862646878,1.107346808832035,1.1036216137353125,1.147590104739502
8388.10473895073,1.3204267234750524,1.1586531719879432,1.079573276524948,1.1398768510820751
8388.154537439346,1.3012936316290742,1.2074167795651958,1.0987063683709262,1.11343401741036
8388.204780101776,1.3012936316290742,1.2171032739045788,1.0987063683709262,1.0924333932556447
8388.254711151123,1.3012936316290742,1.2631024376998867,1.0987063683709262,1.1104461742362166
8388.30475115776,1.2327405579717523,1.2638617798012683,1.167259442028248,1.1007977769227308
8388.354710578918,1.2327405579717523,1.2653258434887715,1.167259442028248,1.1251640002292924
8388.404509305954,1.2926666462260896,1.1952435752852912,1.1073333537739107,1.1426733141075085
8388.454516172409,1.293538768894294,1.120514084617048,1.1064612311057063,1.1799965931748333
8388.504512310028,1.28355089573221,1.091390374798685,1.1164491042677904,1.200974172369539
8388.554494380951,1.281409609949413,1.0987536442872678,1.1185903900505874,1.147707786327326
8388.604504823685,1.281409609949413,1.1061458420490073,1.1185903900505874,1.0728289054032767
8388.65453529358,1.2809933896726087,1.112198823633248,1.1190066103273917,1.0538728344272352
8388.704993724823,1.25874495634219,1.157610657432957,1.1412550436578104,1.1133182468830625
8388.754546642303,1.2177130502542366,1.1613343254442712,1.1822869497457638,1.1240285887014316
8388.8047747612,1.2177130502542366,1.118267620648707,1.1822869497457638,1.1205557103285115
8388.854742765427,1.2608064881593126,1.0726067537232988,1.1391935118406877,1.1334243171928735
8388.904598712921,1.2469244443040082,1.0361529367267401,1.1530755556959922,1.1735349638528256
8388.95470547676,1.2469244443040082,1.0262857858097307,1.1530755556959922,1.2158503392910944
8389.00474858284,1.302754178820959,1.012121869936791,1.0972458211790415,1.1947929808941837
8389.054693460464,1.3222353707173062,1.0548485113913562,1.0777646292826941,1.216476324180866
8389.104692935944,1.3222353707173062,1.0742957826694695,1.0777646292826941,1.1840662735582024
8389.154716014862,1.3222353707173062,1.0742957826694695,1.0777646292826941,1.1840662735582024
8389.204519987106,1.3428640401369496,1.2368021734939108,1.0571359598630508,1.0968335271461802
8389.254785060883,1.3428640401369496,1.2368021734939108,1.0571359598630508,1.0968335271461802
8389.304759263992,1.3428640401369496,1.2368021734939108,1.0571359598630508,1.0968335271461802
8389.354741334915,1.233199791334907,1.3003426059531749,1.1668002086650933,1.0422608652866727
8389.40482211113,1.2047992833357728,1.3003426059531749,1.1952007166642276,1.0422608652866727
8389.454596757889,1.2047992833357728,1.2360365827579742,1.1952007166642276,1.0527341439182
8389.50450849533,1.2027802814234172,1.2360365827579742,1.1972197185765832,1.0527341439182
8389.554824352264,1.2027802814234172,1.2360365827579742,1.1972197185765832,1.0527341439182
8389.604848384857,1.2335589488017227,1.190982642289701,1.1664410511982777,1.2036770746977052
8389.654783964157,1.1790638664678705,1.1813575402001755,1.2209361335321298,1.242625699393208
8389.704786539078,1.1790638664678705,1.1813575402001755,1.2209361335321298,1.242625699393208
8389.754490852356,1.1790638664678705,1.1220428911955946,1.2209361335321298,1.2847695389386489
8389.804815530777,1.3015677145064795,1.1461971025533555,1.098432285493521,1.3114004158375545
8389.85479593277,1.3015677145064795,1.1461971025533555,1.098432285493521,1.3114004158375545
8389.904524803162,1.2883219519459983,1.1532728446474296,1.111678048054002,1.196091429357074
8389.95470046997,1.2920749349369327,1.1687466009229792,1.1079250650630676,1.183349785783495
8390.004794836044,1.2920749349369327,1.1687466009229792,1.1079250650630676,1.183349785783495
8390.054750680923,1.321068323949882,1.2974339473348047,1.0789316760501184,1.0522946184195203
8390.10481762886,1.2970460115715392,1.2974339473348047,1.1029539884284612,1.0522946184195203
8390.154523849487,1.2672836745611498,1.2748137550347958,1.1327163254388506,1.0745920677964984
8390.204686403275,1.2672836745611498,1.2748137550347958,1.1327163254388506,1.0745920677964984
8390.254809141159,1.2672836745611498,1.2748137550347958,1.1327163254388506,1.0745920677964984
8390.304574251175,1.2672836745611498,1.1475140993416701,1.1327163254388506,1.1845574129144636
8390.354744195938,1.270852864780624,1.1475140993416701,1.1291471352193763,1.1845574129144636
8390.404913663864,1.270852864780624,1.1475140993416701,1.1291471352193763,1.1845574129144636
8390.454801082611,1.270852864780624,1.1475140993416701,1.1291471352193763,1.1845574129144636
8390.504619121552,1.2473480504526742,1.1453059686905984,1.1526519495473262,1.2168175966639376
8390.554854393005,1.2473480504526742,1.1453059686905984,1.1526519495473262,1.2168175966639376
8390.604843854904,1.2473480504526742,1.1453059686905984,1.1526519495473262,1.2168175966639376
8390.656483888626,1.2473480504526742,1.2238805176812344,1.1526519495473262,1.1023524718177238
8390.704838514328,1.222944057515286,1.2238805176812344,1.1770559424847145,1.1023524718177238
8390.75471830368,1.222944057515286,1.2238805176812344,1.1770559424847145,1.1023524718177238
8390.804816961288,1.222944057515286,1.2238805176812344,1.1770559424847145,1.1023524718177238
8390.854571819305,1.2453651495541407,1.1886137174864826,1.1546348504458597,1.1274372013148057
8390.904727458954,1.189270825086541,1.1886137174864826,1.2107291749134594,1.1274372013148057
8390.954694271088,1.189270825086541,1.1886137174864826,1.2107291749134594,1.1274372013148057
8391.00463962555,1.189270825086541,1.1118500001506115,1.2107291749134594,1.1719643802333672
8391.054798603058,1.2234293514887027,1.1118500001506115,1.1765706485112977,1.1719643802333672
8391.104826927185,1.2234293514887027,1.1118500001506115,1.1765706485112977,1.1719643802333672
8391.154549360275,1.2234293514887027,1.105876113713228,1.1765706485112977,1.1171221750298685
8391.204773902893,1.23514901395899,1.105876113713228,1.1648509860410103,1.1171221750298685
8391.254734039307,1.23514901395899,1.105876113713228,1.1648509860410103,1.1171221750298685
8391.304698467255,1.23514901395899,1.105876113713228,1.1648509860410103,1.1171221750298685
8391.355755329132,1.0309215664492244,1.275365364834399,1.369078433550776,1.1936969122026655
8391.40480351448,0.9915693235905855,1.275365364834399,1.565271174944819,1.1936969122026655
8391.454820156097,0.9915693235905855,1.275365364834399,1.765337741412104,1.1936969122026655
8391.504885435104,0.9639180055925792,1.2212737334013588,1.9655988574399361,1.184375899679134
8391.55485701561,0.9029081278939517,1.2212737334013588,2.1654851794614203,1.184375899679134
8391.604822158813,0.9029081278939517,1.2212737334013588,2.3653457522763617,1.184375899679134
8391.654520511627,0.9564849533227696,0.983262541189851,2.5641391635312445,1.547298771394375
8391.704760074615,0.9687492553543872,0.9690115227073799,2.6312507446456124,1.6207329644281168
8391.754848003387,0.9687492553543872,0.9690115227073799,2.6312507446456124,1.6207329644281168
8391.804485559464,1.1006432281683876,0.9511926017642403,2.499356771831612,2.0709349335188865
8391.854803085327,1.3019133316229774,1.0302829171681633,2.2980866683770222,2.1879566681954383
8391.904834747314,1.380462604705842,1.0302829171681633,2.2195373952941577,2.1879566681954383
8391.95467042923,1.380462604705842,1.2780455515539744,2.2195373952941577,2.277472156179278
8392.00478887558,1.4744378621155172,1.353322825774914,2.1255621378844824,2.198081432516771
8392.054809570312,1.4744378621155172,1.353322825774914,2.1255621378844824,2.198081432516771
8392.10468506813,1.4744378621155172,1.353322825774914,2.1255621378844824,2.198081432516771
8392.154731988907,1.530326707307977,1.8182325675111244,2.069673292692023,1.58196440093092
8392.204715013504,1.530326707307977,1.8182325675111244,2.069673292692023,1.58196440093092
8392.254800081253,1.530326707307977,1.8182325675111244,2.069673292692023,1.58196440093092
8392.304620742798,1.530326707307977,1.8405032896672113,2.069673292692023,1.4632450848382867
8392.354712247849,1.331651912920053,1.8405032896672113,2.2683480870799464,1.4632450848382867
8392.404726743698,1.331651912920053,1.8405032896672113,2.2683480870799464,1.4632450848382867
8392.45487165451,1.3753013938239749,1.6399465645124987,2.224698606176025,1.7721073744396896
8392.504741668701,1.3753013938239749,1.6399465645124987,2.224698606176025,1.7721073744396896
8392.55478644371,1.3753013938239749,1.6399465645124987,2.224698606176025,1.7721073744396896
8392.604779958725,1.3753013938239749,1.6399465645124987,2.224698606176025,1.7721073744396896
8392.654685258865,1.5472043273091138,1.3675442152986057,2.052795672690886,2.0840848639686724
8392.704817771912,1.5472043273091138,1.3675442152986057,2.052795672690886,2.0840848639686724
8392.754937171936,1.5472043273091138,1.3675442152986057,2.052795672690886,2.0840848639686724
8392.804702758789,1.7462666747212232,1.4096271190594845,1.8537333252787764,1.8378928875710372
8392.854845762253,1.7549009318916264,1.4096271190594845,1.8450990681083732,1.8378928875710372
8392.904929876328,1.7549009318916264,1.4096271190594845,1.8450990681083732,1.8378928875710372
8392.954513311386,1.6007984012112018,1.813604688576373,1.9992015987887979,1.540266979646987
8393.004848480225,1.6007984012112018,1.813604688576373,1.9992015987887979,1.540266979646987
8393.054530620575,1.6007984012112018,2.083724553461506,1.9992015987887979,1.4763672254008262
8393.104813098907,1.4652566633035913,2.083724553461506,2.1347433366964084,1.4763672254008262
8393.154503822327,1.527168605955755,2.0468047155304125,2.0728313940442447,1.6325368306963441
8393.204847812653,1.527168605955755,1.993153076968394,2.0728313940442447,1.7445923460679529
8393.254945516586,1.527168605955755,1.993153076968394,2.0728313940442447,1.7445923460679529
8393.304559707642,1.5635861099207073,1.4201779861162638,2.0364138900792925,2.1057334157996603
8393.354698896408,1.6035020769172363,1.4201779861162638,1.9964979230827633,2.1057334157996603
8393.404882669449,1.6035020769172363,1.4201779861162638,1.9964979230827633,2.1057334157996603
8393.454531669617,1.7229411596415574,1.343641221237855,1.8770588403584423,1.9338399678611966
8393.504896402359,1.8519415478855477,1.343641221237855,1.748058452114452,1.9338399678611966
8393.554864883423,1.8519415478855477,1.343641221237855,1.748058452114452,1.9338399678611966
8393.604735136032,1.8519415478855477,1.6639356431548376,1.748058452114452,1.6648967966577226
8393.654790401459,1.8782940418476286,1.7249155174007762,1.721705958152371,1.624825066634465
8393.70496916771,1.8782940418476286,1.7249155174007762,1.721705958152371,1.624825066634465
8393.75454711914,1.8782940418476286,2.1751087832026643,1.721705958152371,1.396857215853676
8393.80480337143,1.7451874100551843,2.176263256524382,1.8548125899448153,1.432112928564635
8393.854840278625,1.7451874100551843,2.176263256524382,1.8548125899448153,1.432112928564635
8393.904890298843,1.7451874100551843,2.176263256524382,1.8548125899448153,1.432112928564635
8393.954684734344,1.71863356202986,1.9466657487274197,1.8813664379701396,1.6156280618037175
8394.004833221436,1.71863356202986,1.9466657487274197,1.8813664379701396,1.6156280618037175
8394.054820775986,1.71863356202986,1.9466657487274197,1.8813664379701396,1.6156280618037175
8394.104709863663,1.7369917872794223,1.5856688165625799,1.8630082127205774,1.9072533916018193
8394.154835939407,1.7369917872794223,1.5856688165625799,1.8630082127205774,1.9072533916018193
8394.20477437973,1.7369917872794223,1.5856688165625799,1.8630082127205774,1.9072533916018193
8394.255175113678,1.8622636597337374,1.655008622531557,1.7377363402662622,1.96062500028136
8394.304811000824,1.8462691862354266,1.655008622531557,1.753730813764573,1.96062500028136
8394.354716062546,1.8462691862354266,1.655008622531557,1.753730813764573,1.96062500028136
8394.404663085938,1.7705070029055263,1.887879617639817,1.8294929970944733,1.800205598556218
8394.45470571518,1.7705070029055263,1.9102719829251988,1.8294929970944733,1.737085849215518
8394.504917621613,1.7705070029055263,1.9102719829251988,1.8294929970944733,1.737085849215518
8394.554594278336,1.7678918196624602,2.0388569217173975,1.8321081803375394,1.508345033572926
8394.604809045792,1.7678918196624602,2.0278369296341374,1.8321081803375394,1.4619842921774469
8394.654941558838,1.7678918196624602,2.0278369296341374,1.8321081803375394,1.4619842921774469
8394.704539299011,1.7678918196624602,1.8063371709450426,1.8321081803375394,1.6588547353517105
8394.754717588425,1.82351884320538,1.727620156494638,1.7764811567946197,1.7142427995545322
8394.80477142334,1.82351884320538,1.727620156494638,1.7764811567946197,1.7142427995545322
8394.85465312004,1.82351884320538,1.656102280698538,1.7764811567946197,2.013735119152879
8394.904626131058,1.8447835762650922,1.656102280698538,1.7552164237349075,2.013735119152879
8394.95471739769,1.8447835762650922,1.656102280698538,1.7552164237349075,2.013735119152879
8395.004587650299,1.6453025658280804,1.9812071306294259,1.9546974341719192,1.889717584058125
8395.054805517197,1.8461740334184125,2.0568314542046817,1.7538259665815872,1.7707129747894281
8395.104698181152,1.831558988692526,2.15430747567433,1.7684410113074736,1.6845471345624998
8395.154901504517,1.831558988692526,1.9849112096982642,1.7684410113074736,1.6893367391791942
8395.204802036285,1.8289183598494547,1.7824861644586605,1.771081640150545,1.6334942205655696
8395.254786014557,1.8985234398487019,1.628272725542093,1.7014765601512978,1.6021035441365763
8395.304519891739,1.8985234398487019,1.6441855263947385,1.7014765601512978,1.6178760836818311
8395.354786396027,1.8985234398487019,1.7314337288941957,1.7014765601512978,1.6430793062555251
8395.404745101929,1.8985234398487019,1.8689220832206972,1.7014765601512978,1.590193852986364
8395.454804897308,1.8985234398487019,1.9338472492605985,1.7014765601512978,1.5892370171089656
8395.504668712616,1.8985234398487019,1.950490744368215,1.7014765601512978,1.621218257906664
8395.55477142334,1.8985234398487019,1.9188461797676013,1.7014765601512978,1.672865710412012
8395.604776382446,0.0,1.8868395744767734,0.0,1.7274200064258145
8395.654750347137,0.0,1.8903714224937063,0.0,1.7756505182617797
8395.704609394073,0.0,0.4509726355008661,0.0,0.43282133481765983
8395.754822731018,0.0,-0.23966810740712718,0.0,-0.155914791315084
8395.804775238037,0.0,-0.3592099725163582,0.0,-0.19476343645666314
8395.854745149612,0.0,-0.17628452479088075,0.0,-0.054274874463132394
8395.904574394226,0.0,-0.0323105024072305,0.0,-0.015842963543934118
8395.954816579819,0.0,0.0116529649458131,0.0,-0.009861457242036758
8435.354714155197,0.1997823715209961,5e-324,0.1997823715209961,-5e-324
8435.404690504074,0.3996877670288086,5e-324,0.3996877670288086,-5e-324
8435.45471906662,0.5998020172119141,5e-324,0.5998020172119141,-5e-324
8435.504760026932,0.7999658584594727,5e-324,0.7999658584594727,-5e-324
8435.554730415344,0.999847412109375,5e-324,0.999847412109375,-5e-324
8435.604734897614,1.1998653411865234,5e-324,1.1998653411865234,-5e-324
8435.654632091522,1.399454116821289,5e-324,1.399454116821289,-5e-324
8435.704618930817,1.5994014739990234,5e-324,1.5994014739990234,-5e-324
8435.75469660759,1.7997121810913086,5e-324,1.7568515599522185,-5e-324
8435.804502487183,1.8431484400477811,5e-324,1.7568515599522185,-5e-324
8435.854598522186,1.8431484400477811,5e-324,1.7568515599522185,-5e-324
8435.904841184616,1.8431484400477811,5e-324,1.7568515599522185,-5e-324
8435.954703092575,1.8431484400477811,5e-324,1.7568515599522185,-5e-324
8436.0045003891,1.8431484400477811,5e-324,1.7568515599522185,-5e-324
8436.054701089859,1.8431484400477811,5e-324,1.7568515599522185,-5e-324
8436.104817390442,1.8431484400477811,5e-324,1.7568515599522185,-5e-324
8436.154688119888,1.8431484400477811,5e-324,1.7568515599522185,-5e-324
8436.204717636108,1.8431484400477811,5e-324,1.7568515599522185,-5e-324
8436.254723072052,1.8431484400477811,5e-324,1.7568515599522185,-5e-324
8436.304752588272,1.8431484400477811,5e-324,1.7568515599522185,-5e-324
8436.35478568077,1.8431484400477811,5e-324,1.7568515599522185,-5e-324
8436.404770374298,1.8431484400477811,5e-324,1.7568515599522185,-5e-324
8436.454766273499,1.8431484400477811,5e-324,1.7568515599522185,-5e-324
8436.504719018936,1.8431484400477811,5e-324,1.7568515599522185,-5e-324
8436.55478310585,1.8431484400477811,5e-324,1.7568515599522185,-5e-324
8436.604815721512,1.8431484400477811,5e-324,1.7568515599522185,-5e-324
8436.65464258194,1.8431484400477811,5e-324,1.7568515599522185,-5e-324
8436.704696655273,1.8431484400477811,5e-324,1.7568515599522185,-5e-324
8436.75473189354,1.8431484400477811,5e-324,1.7568515599522185,-5e-324
8436.804703235626,1.8431484400477811,5e-324,1.7568515599522185,-5e-324
8436.854751110077,1.8431484400477811,5e-324,1.7568515599522185,-5e-324
8436.904728889465,1.8431484400477811,5e-324,1.7568515599522185,-5e-324
8436.954604148865,1.8431484400477811,5e-324,1.7568515599522185,-5e-324
8437.004727363586,1.8431484400477811,5e-324,1.7568515599522185,-5e-324
8437.054727554321,1.8431484400477811,5e-324,1.7568515599522185,-5e-324
8437.104766130447,1.8431484400477811,5e-324,1.7568515599522185,-5e-324
8437.154718637466,1.8431484400477811,5e-324,1.7568515599522185,-5e-324
8437.20482301712,1.8431484400477811,5e-324,1.7568515599522185,-5e-324
8437.254622220993,1.8431484400477811,5e-324,1.7568515599522185,-5e-324
8437.30471253395,1.8431484400477811,5e-324,1.7568515599522185,-5e-324
8437.35479259491,1.8431484400477811,5e-324,1.7568515599522185,-5e-324
8437.404685258865,1.8431484400477811,5e-324,1.7568515599522185,-5e-324
8437.454549312592,1.8431484400477811,5e-324,1.7568515599522185,-5e-324
8437.50481247902,1.8431484400477811,5e-324,1.7568515599522185,-5e-324
8437.554835319519,1.8431484400477811,5e-324,1.7568515599522185,-5e-324
8437.604875564575,1.8431484400477811,5e-324,1.7568515599522185,-5e-324
8437.654693126678,1.8431484400477811,5e-324,1.7568515599522185,-5e-324
8437.704847335815,1.8431484400477811,5e-324,1.7568515599522185,-5e-324
8437.75473165512,1.8431484400477811,5e-324,1.7568515599522185,-5e-324
8437.80468583107,1.8431484400477811,5e-324,1.7568515599522185,-5e-324
8437.85480594635,1.8431484400477811,5e-324,1.7568515599522185,-5e-324
8437.904568195343,1.8431484400477811,5e-324,1.7568515599522185,-5e-324
8437.95469379425,1.8431484400477811,5e-324,1.7568515599522185,-5e-324
8438.004583358765,1.8431484400477811,5e-324,1.7568515599522185,-5e-324
8438.054493904114,1.8431484400477811,5e-324,1.7568515599522185,-5e-324
8438.10459280014,1.8431484400477811,5e-324,1.7568515599522185,-5e-324
8438.154696702957,1.8431484400477811,5e-324,1.7568515599522185,-5e-324
8438.204849720001,1.8431484400477811,5e-324,1.7568515599522185,-5e-324
8438.254715204239,1.8431484400477811,5e-324,1.7568515599522185,-5e-324
8438.304812192917,1.8431484400477811,5e-324,1.7568515599522185,-5e-324
8438.35478401184,1.8431484400477811,5e-324,1.7568515599522185,-5e-324
8438.404570817947,1.8431484400477811,5e-324,1.7568515599522185,-5e-324
8438.454694509506,1.8431484400477811,5e-324,1.7568515599522185,-5e-324
8438.504690647125,1.8431484400477811,5e-324,1.7568515599522185,-5e-324
8438.554641485214,1.8431484400477811,5e-324,1.7568515599522185,-5e-324
8438.604689121246,1.8431484400477811,5e-324,1.7568515599522185,-5e-324
8438.654795646667,1.8431484400477811,5e-324,1.7568515599522185,-5e-324
8438.7047123909,1.8431484400477811,5e-324,1.7568515599522185,-5e-324
8438.754705905914,1.8431484400477811,5e-324,1.7568515599522185,-5e-324
8438.804906606674,1.8431484400477811,5e-324,1.7568515599522185,-5e-324
8438.854509830475,1.8431484400477811,5e-324,1.7568515599522185,-5e-324
8438.904716968536,1.8431484400477811,5e-324,1.7568515599522185,-5e-324
8438.954856395721,1.8431484400477811,5e-324,1.7568515599522185,-5e-324
8439.004810094833,1.8431484400477811,5e-324,1.7568515599522185,-5e-324
8439.054768323898,1.8431484400477811,5e-324,1.7568515599522185,-5e-324
8439.1048309803,1.8431484400477811,5e-324,1.7568515599522185,-5e-324
8439.154813051224,1.8431484400477811,5e-324,1.7568515599522185,-5e-324
8439.204872608185,1.8431484400477811,0.012909570038318635,1.7568515599522185,0.0208295513689518
8439.254786968231,1.8431484400477811,0.012909570038318635,1.7568515599522185,0.0208295513689518
8439.304778814316,1.8431484400477811,0.012909570038318635,1.7568515599522185,0.0208295513689518
8439.354481458664,1.8431484400477811,0.00036138533982467647,1.7568515599522185,0.0015516704297275543
8439.404706001282,1.8431484400477811,0.00036138533982467647,1.7568515599522185,0.0015516704297275543
8439.454693317413,1.8431484400477811,0.00036138533982467647,1.7568515599522185,0.0015516704297275543
8439.504736423492,1.8431484400477811,1.68607944148601e-05,1.7568515599522185,0.023289320696586978
8439.554867506027,1.8431484400477811,1.68607944148601e-05,1.7568515599522185,0.023289320696586978
8439.604762792587,1.8431484400477811,1.68607944148601e-05,1.7568515599522185,0.023289320696586978
8439.654697656631,1.8431484400477811,-0.0006300920258659901,1.7568515599522185,0.000771147204874857
8439.704813718796,1.8431484400477811,-0.00037805521551959406,1.7568515599522185,0.0004626883229249142
8439.754718065262,1.8431484400477811,-0.00037805521551959406,1.7568515599522185,0.0004626883229249142
8439.804546117783,1.8431484400477811,-0.00013609987758705385,1.7568515599522185,0.00016656779625296908
8439.854708433151,1.8431484400477811,-1.7638544135282177e-05,1.7568515599522185,2.158718639438479e-05
8439.9048538208,1.8431484400477811,-1.7638544135282177e-05,1.7568515599522185,2.158718639438479e-05
8439.954602479935,1.8431484400477811,-8.229439151757252e-07,1.7568515599522185,1.0071717684164164e-06
8440.004750728607,1.8431484400477811,-4.937663491054351e-07,1.7568515599522185,6.043030610498498e-07
8440.054785728455,1.8431484400477811,-1.7775588567795662e-07,1.7568515599522185,2.1754910197794592e-07
8440.104679822922,1.8431484400477811,-6.399211884406437e-08,1.7568515599522185,7.831767671206053e-08
8440.154792785645,1.8431484400477811,-2.3037162783863174e-08,1.7568515599522185,2.8194363616341784e-08
8440.204735040665,1.8431484400477811,-8.293378602190742e-09,1.7568515599522185,1.0149970901883042e-08
8440.254743814468,1.8431484400477811,-2.985616296788667e-09,1.7568515599522185,3.653989524677895e-09
8440.304695129395,1.8431484400477811,-1.07482186684392e-09,1.7568515599522185,1.315436228884042e-09
8440.354716300964,1.8431484400477811,-3.8693587206381115e-10,1.7568515599522185,4.735570423982551e-10
8440.40475320816,1.8431484400477811,-1.39296913942972e-10,1.7568515599522185,1.7048053526337182e-10
8440.454699516296,1.8431484400477811,-5.014688901946992e-11,1.7568515599522185,6.137299269481385e-11
8440.504702091217,1.8431484400477811,-1.8052880047009172e-11,1.7568515599522185,2.2094277370132985e-11
8440.554778337479,1.8431484400477811,-6.499036816923301e-12,1.7568515599522185,7.953939853247873e-12
8440.604723453522,1.8431484400477811,-2.339653254092388e-12,1.7568515599522185,2.8634183471692342e-12
8440.65491271019,1.8431484400477811,-8.422751714732596e-13,1.7568515599522185,1.0308306049809243e-12
8440.70470571518,1.8431484400477811,-3.0321906173037343e-13,1.7568515599522185,3.710990177931327e-13
8440.754690170288,1.8431484400477811,-1.0915886222293443e-13,1.7568515599522185,1.3359564640552776e-13
8440.804767131805,1.8431484400477811,-3.929719040025639e-14,1.7568515599522185,4.809443270599e-14
8440.854684829712,1.8431484400477811,-1.4146988544092297e-14,1.7568515599522185,1.7313995774156397e-14
8440.904789924622,1.8431484400477811,-5.092915875873227e-15,1.7568515599522185,6.233038478696303e-15
8440.954660654068,1.8431484400477811,-1.8334497153143618e-15,1.7568515599522185,2.243893852330669e-15
8441.0047249794,1.8431484400477811,-6.600418975131703e-16,1.7568515599522185,8.078017868390408e-16
8441.054728269577,1.8431484400477811,-2.3761508310474126e-16,1.7568515599522185,2.9080864326205466e-16
8441.104762792587,1.8431484400477811,-8.554142991770685e-17,1.7568515599522185,1.0469111157433967e-16
8441.154777288437,1.8431484400477811,-3.0794914770374466e-17,1.7568515599522185,3.7688800166762277e-17
8441.204879045486,1.8431484400477811,-1.1086169317334807e-17,1.7568515599522185,1.3567968060034417e-17
8441.254627227783,1.8431484400477811,-3.99102095424053e-18,1.7568515599522185,4.8844685016123905e-18
8441.30469751358,1.8431484400477811,-1.4367675435265905e-18,1.7568515599522185,1.7584086605804603e-18
8441.35470867157,1.8431484400477811,-5.172363156695726e-19,1.7568515599522185,6.330271178089657e-19
8441.404807567596,1.8431484400477811,0.3270952466130257,1.7568515599522185,0.29937530785799027
8441.454720973969,1.8431484400477811,1.8940478335499764,1.7568515599522185,1.7011170097470283
8441.50471997261,1.8431484400477811,3.2205597557072636,1.7568515599522185,2.9382155600171087
8441.554741859436,1.8431484400477811,3.9611960028688236,1.7568515599522185,3.642978501188068
8441.604865074158,1.8431484400477811,4.246521817746643,1.7568515599522185,3.9523963136198432
8441.65469455719,1.8431484400477811,4.108940744556028,1.7568515599522185,3.8407873345394963
8441.704716682434,1.8431484400477811,3.765539049204721,1.7568515599522185,3.5293974220626367
8441.75468301773,1.8431484400477811,3.3922689768421175,1.7568515599522185,3.18391288303874
8441.804681301117,1.8431484400477811,3.091979866483719,1.7568515599522185,2.9623633753664804
8441.854736328125,1.8431484400477811,2.9212559766503254,1.7568515599522185,2.8779686545636958
8441.904702425003,1.8431484400477811,2.9105936970805675,1.7568515599522185,2.897355775426866
8441.954723119736,1.8431484400477811,2.817198534720977,1.7568515599522185,2.8789606310335545
8442.00471496582,1.8431484400477811,2.820145204036417,1.7568515599522185,2.8590115720298677
8442.054726362228,1.8431484400477811,2.9134281424411475,1.7568515599522185,2.8620649819707915
8442.104763269424,1.8431484400477811,2.9754762726209765,1.7568515599522185,2.953147339050867
8442.154784679413,1.8431484400477811,3.0746830681746795,1.7568515599522185,3.0423364569753044
8442.204720020294,1.8431484400477811,3.058369316331825,1.7568515599522185,3.049496571898805
8442.254710674286,1.8431484400477811,2.9506790343543106,1.7568515599522185,2.9413010504294683
8442.304740428925,1.8431484400477811,2.896557883153685,1.7568515599522185,2.8716455349844425
8442.354729175568,1.8431484400477811,2.879952801131127,1.7568515599522185,2.805735914094033
8442.404812812805,1.8431484400477811,2.9355986212001746,1.7568515599522185,2.8174047117886953
8442.454685688019,1.8431484400477811,2.9605353675236645,1.7568515599522185,2.8378962485358006
8442.504701852798,1.8431484400477811,2.972480754922045,1.7568515599522185,2.872447302640613
8442.55469751358,1.8431484400477811,2.9040610245002076,1.7568515599522185,2.875264662754942
8442.604721069336,1.8431484400477811,2.8799673456358708,1.7568515599522185,2.923654410214094
8442.654695034027,1.8431484400477811,2.9248484899428293,1.7568515599522185,3.0244008682862047
8442.704750537872,1.8431484400477811,2.9358122681317376,1.7568515599522185,3.1053935140143083
8442.754719018936,1.8431484400477811,2.9722883630301107,1.7568515599522185,3.0918077081359714
8442.804845809937,1.8431484400477811,2.9586384747685988,1.7568515599522185,2.9670155423850044
8442.85471367836,1.8431484400477811,2.92326952651484,1.7568515599522185,2.8445114270914873
8442.904765605927,1.8431484400477811,2.864540096409356,1.7568515599522185,2.776533841230963
8442.95470380783,1.8431484400477811,2.799339779479707,1.7568515599522185,2.7267173573273995
8443.00470495224,1.8431484400477811,2.80151933011892,1.7568515599522185,2.7662277190052955
8443.05476641655,1.8431484400477811,2.843384929576454,1.7568515599522185,2.823750008398181
8443.104681968689,1.8431484400477811,2.864392939118959,1.7568515599522185,2.849647947282989
8443.154701471329,1.8431484400477811,2.884237783995301,1.7568515599522185,2.8761149220936533
8443.204737186432,1.8431484400477811,2.9108072344709743,1.7568515599522185,2.8524431695916546
8443.25474190712,1.8431484400477811,2.9239758190244194,1.7568515599522185,2.7742590252296315
8443.304705381393,1.8431484400477811,2.964641516330114,1.7568515599522185,2.7058377603436536
8443.354694604874,1.8431484400477811,2.9572245973070634,1.7568515599522185,2.637093041172446
8443.404631614685,1.8431484400477811,2.9465072595257817,1.7568515599522185,2.664940281092222
8443.454721450806,1.8431484400477811,2.975645386332724,1.7568515599522185,2.75730797888485
8443.504675626755,1.8431484400477811,2.9694081985310747,1.7568515599522185,2.7931472584306505
8443.554689407349,1.8431484400477811,2.8869882217653764,1.7568515599522185,2.820975517917847
8443.604615211487,1.8431484400477811,2.853585512337977,1.7568515599522185,2.8353649720034033
8443.654707431793,1.8431484400477811,2.8248219314448457,1.7568515599522185,2.7786017016582854
8443.704705238342,1.8431484400477811,2.8201176961624297,1.7568515599522185,2.7092306240563335
8443.754713535309,1.8431484400477811,2.847317638418893,1.7568515599522185,2.6818926110365835
8443.804513454437,1.8431484400477811,2.937438885731611,1.7568515599522185,2.693497851301407
8443.854725599289,1.8431484400477811,2.9059107305783707,1.7568515599522185,2.6625262944753025
8443.904729127884,1.8431484400477811,2.836494493562413,1.7568515599522185,2.629637748558106
8443.954735279083,1.8431484400477811,2.7242465408493493,1.7568515599522185,2.6948924530751475
8444.004525184631,1.8431484400477811,2.672391142553666,1.7568515599522185,2.729310958476316
8444.05472946167,1.8431484400477811,2.6279634750524634,1.7568515599522185,2.708684902722508
8444.10455775261,1.8431484400477811,2.785390228866947,1.7568515599522185,2.7196994226458986
8444.154544115067,1.8431484400477811,2.83688848883131,1.7568515599522185,2.6830916071397066
8444.204747915268,1.8431484400477811,2.9218102554691967,1.7568515599522185,2.711722353962779
8444.254698991776,1.8431484400477811,2.869059772260659,1.7568515599522185,2.6384182571891737
8444.304517745972,1.8431484400477811,2.7431065706898945,1.7568515599522185,2.6583608851330616
8444.354490995407,1.8431484400477811,2.734437205856687,1.7568515599522185,2.6999370598374774
8444.404632806778,1.8431484400477811,2.7749792594190765,1.7568515599522185,2.759157221683704
8444.454755067825,1.8431484400477811,2.730042242710936,1.7568515599522185,2.6628201155074276
8444.504779577255,1.8431484400477811,2.6778290356535246,1.7568515599522185,2.485449977453035
8444.554691791534,1.8431484400477811,2.6773744327547027,1.7568515599522185,2.380902500534826
8444.604732751846,1.8431484400477811,2.763288313247748,1.7568515599522185,2.449049462646761
8444.654685020447,1.8431484400477811,2.7508629896991206,1.7568515599522185,2.5174751435889666
8444.70468711853,1.8431484400477811,2.7559596421272547,1.7568515599522185,2.673270650691051
8444.754513263702,1.8431484400477811,2.717497586796915,1.7568515599522185,2.7552077965687247
8444.804701566696,1.8431484400477811,2.6628272530974364,1.7568515599522185,2.7313346026391105
8444.854709863663,1.8431484400477811,2.664317808063319,1.7568515599522185,2.7254783710736152
8444.904713869095,1.8431484400477811,2.5995092635791863,1.7568515599522185,2.6295104837738794
8444.954552412033,1.8431484400477811,2.6390154719566636,1.7568515599522185,2.5018566898033856
8445.00454545021,1.8431484400477811,2.7005956301766156,1.7568515599522185,2.4906838673898877
8445.054733276367,1.8431484400477811,2.691455658058972,1.7568515599522185,2.4856751882165256
8445.104508638382,1.8431484400477811,2.68845670752587,1.7568515599522185,2.6193117931083827
8445.154521942139,1.8431484400477811,2.658009915350182,1.7568515599522185,2.672266792104101
8445.204732894897,1.8431484400477811,2.6481635026921646,1.7568515599522185,2.6913675253662204
8445.254833459854,1.8431484400477811,2.675898313026064,1.7568515599522185,2.675331508579471
8445.304732322693,1.8431484400477811,2.7200209138991,1.7568515599522185,2.5913457377419298
8445.354685783386,1.8431484400477811,2.810444979056869,1.7568515599522185,2.526360319931481
8445.404652833939,1.8431484400477811,2.7972819734723293,1.7568515599522185,2.487122706698879
8445.454527139664,1.8431484400477811,2.8019908775377234,1.7568515599522185,2.4563395392691505
8445.504711389542,1.8431484400477811,2.773118860095022,1.7568515599522185,2.471721375691617
8445.554502010345,1.8431484400477811,2.5720048737316965,1.7568515599522185,2.442422086772192
8445.604721069336,1.8431484400477811,2.5700457091206097,1.7568515599522185,2.4922961323123385
8445.654556512833,1.8431484400477811,2.545975591553841,1.7568515599522185,2.551634886164548
8445.704708814621,1.8431484400477811,2.518573037274834,1.7568515599522185,2.5427586187714826
8445.7547082901,1.8431484400477811,2.5166601055222118,1.7568515599522185,2.5368813592122015
8445.804686307907,1.8431484400477811,2.541632193804647,1.7568515599522185,2.5384575337621933
8445.854693889618,1.8431484400477811,2.5715308923056837,1.7568515599522185,2.5224879959983837
8445.904509067535,1.8431484400477811,2.660236179940176,1.7568515599522185,2.5571231275030826
8445.954708337784,1.8431484400477811,2.6376445699139617,1.7568515599522185,2.4858751283608265
8446.00482583046,1.8431484400477811,2.6376445699139617,1.7568515599522185,2.4858751283608265
8446.0549325943,1.8431484400477811,2.6376445699139617,1.7568515599522185,2.4858751283608265
8446.10469198227,1.8431484400477811,2.5210081509407467,1.7568515599522185,2.409102731367587
8446.154710054398,1.8431484400477811,2.475536462246994,1.7568515599522185,2.4272087002112768
8446.204738378525,1.8431484400477811,2.484266904561384,1.7568515599522185,2.4198364299886572
8446.254721403122,1.8431484400477811,2.4953431275732507,1.7568515599522185,2.3512410312540464
8446.304818868637,1.8431484400477811,2.512843427202005,1.7568515599522185,2.329906844722526
8446.354681491852,1.8431484400477811,2.543606206348264,1.7568515599522185,2.355449670658337
8446.404720783234,1.8431484400477811,2.602708312715551,1.7568515599522185,2.386040323056874
8446.4547123909,1.8431484400477811,2.580253234758595,1.7568515599522185,2.2537468199182245
8446.504734277725,1.8431484400477811,2.3797499842969296,1.7568515599522185,2.024179334893745
8446.554629087448,1.8431484400477811,1.730116957110761,1.7568515599522185,1.4676440219663212
8446.604714393616,1.8431484400477811,1.507064049368834,1.7568515599522185,1.3300299856871116
8446.654755592346,1.8431484400477811,1.3248932403060443,1.7568515599522185,1.1399852471522003
8446.704553365707,1.8431484400477811,0.9150162729635092,1.7568515599522185,0.6990041545218076
8446.754503250122,1.8431484400477811,0.6698548672085137,1.7568515599522185,0.5131248537726109
8446.804730176926,1.8431484400477811,0.5682325290134627,1.7568515599522185,0.4314266266838851
8446.854731082916,1.8431484400477811,0.3715486071046976,1.7568515599522185,0.27356683095989737
8446.90476346016,1.8431484400477811,0.16036863743794397,1.7568515599522185,0.13573965149175446
8446.954741477966,1.8431484400477811,0.05241048199963249,1.7568515599522185,0.0488662745370316
8447.004754304886,1.8431484400477811,0.018867773519867695,1.7568515599522185,0.017591858833331375
8447.054890871048,1.8431484400477811,0.00679239846715237,1.7568515599522185,0.006333069179999294
8447.104720830917,1.8431484400477811,0.0024452634481748527,1.7568515599522185,0.0022799049047997457
8447.154733657837,1.8431484400477811,0.0008802948413429469,1.7568515599522185,0.0008207657657279084
8447.204662561417,1.8431484400477811,0.0003169061428834609,1.7568515599522185,0.000295475675662047
8447.254677772522,1.8431484400477811,0.00011408621143804592,1.7568515599522185,0.00010637124323833692
8447.304847717285,1.8431484400477811,4.107103611769653e-05,1.7568515599522185,3.829364756580129e-05
8447.354587316513,1.8431484400477811,1.478557300237075e-05,1.7568515599522185,1.3785713123688462e-05
8447.404777526855,1.8431484400477811,5.3228062808534696e-06,1.7568515599522185,4.962856724527846e-06
8447.454718828201,1.8431484400477811,1.916210261107249e-06,1.7568515599522185,1.7866284208300243e-06
8447.5045170784,1.8431484400477811,4.1390141639916573e-07,1.7568515599522185,3.859117388992852e-07
8447.554719924927,1.8431484400477811,2.483408498394994e-07,1.7568515599522185,2.3154704333957111e-07
8447.604627847672,1.8431484400477811,8.940270594221978e-08,1.7568515599522185,8.335693560224559e-08
8447.65476679802,1.8431484400477811,3.2184974139199116e-08,1.7568515599522185,3.000849681680841e-08
8447.704540252686,1.8431484400477811,6.951954414067008e-09,1.7568515599522185,6.481835312430616e-09
8447.75474524498,1.8431484400477811,4.171172648440205e-09,1.7568515599522185,3.8891011874583696e-09
8447.804764986038,1.8431484400477811,1.5016221534384735e-09,1.7568515599522185,1.400076427485013e-09
8447.854735851288,1.8431484400477811,5.405839752378503e-10,1.7568515599522185,5.040275138946047e-10
8447.904691696167,1.8431484400477811,1.9461023108562612e-10,1.7568515599522185,1.8144990500205768e-10
8447.9546084404,1.8431484400477811,7.005968319082539e-11,1.7568515599522185,6.532196580074076e-11
8448.004898548126,1.8431484400477811,2.522148594869714e-11,1.7568515599522185,2.3515907688266672e-11
8448.05470943451,1.8431484400477811,9.07973494153097e-12,1.7568515599522185,8.465726767776001e-12
8448.104830026627,1.8431484400477811,3.2687045789511488e-12,1.7568515599522185,3.0476616363993604e-12
8448.154693603516,1.8431484400477811,1.1767336484224136e-12,1.7568515599522185,1.0971581891037696e-12
8448.204642534256,1.8431484400477811,4.2362411343206884e-13,1.7568515599522185,3.9497694807735706e-13
8448.254759788513,1.8431484400477811,1.5250468083554478e-13,1.7568515599522185,1.4219170130784855e-13
8448.304690361023,1.8431484400477811,5.490168510079611e-14,1.7568515599522185,5.118901247082548e-14
8448.35474896431,1.8431484400477811,1.9764606636286598e-14,1.7568515599522185,1.842804448949717e-14
8448.404796123505,1.8431484400477811,7.115258389063175e-15,1.7568515599522185,6.634096016218981e-15
8448.45469737053,1.8431484400477811,2.561493020062743e-15,1.7568515599522185,2.388274565838833e-15
8448.504707574844,1.8431484400477811,9.221374872225873e-16,1.7568515599522185,8.597788437019798e-16
8448.55488562584,1.8431484400477811,3.319694954001314e-16,1.7568515599522185,3.0952038373271273e-16
8448.604826927185,1.8431484400477811,1.195090183440473e-16,1.7568515599522185,1.1142733814377657e-16
8448.65471315384,1.8431484400477811,4.302324660385702e-17,1.7568515599522185,4.011384173175956e-17
8448.704709768295,1.8431484400477811,1.5488368777388527e-17,1.7568515599522185,1.444098302343344e-17
8448.754523277283,1.8431484400477811,5.5758127598598696e-18,1.7568515599522185,5.198753888436038e-18
8448.804713964462,1.8431484400477811,2.007292593549553e-18,1.7568515599522185,1.8715513998369738e-18
8448.854756593704,1.8431484400477811,7.22625333677839e-19,1.7568515599522185,6.737585039413105e-19
8448.904660701752,1.8431484400477811,2.6014512012402204e-19,1.7568515599522185,2.4255306141887177e-19
8448.95477938652,1.8431484400477811,9.365224324464793e-20,1.7568515599522185,8.731910211079383e-20
8449.004653930664,1.8431484400477811,3.3714807568073256e-20,1.7568515599522185,3.1434876759885776e-20
8449.05470752716,1.8431484400477811,1.2137330724506372e-20,1.7568515599522185,1.131655563355888e-20
8449.104838371277,1.8431484400477811,7.282398434703824e-21,1.7568515599522185,6.789933380135327e-21
8449.154695272446,1.8431484400477811,7.282398434703824e-21,1.7568515599522185,6.789933380135327e-21
8449.204711437225,1.8431484400477811,3.397675813695415e-22,1.7568515599522185,3.167911317835937e-22
8449.254690885544,1.8431484400477811,3.397675813695415e-22,1.7568515599522185,3.167911317835937e-22
8449.304715394974,1.8431484400477811,3.397675813695415e-22,1.7568515599522185,3.167911317835937e-22
8449.354762077332,1.8431484400477811,1.5852196276377324e-23,1.7568515599522185,1.4780207044495347e-23
8449.404834032059,1.8431484400477811,1.5852196276377324e-23,1.7568515599522185,1.4780207044495347e-23
8449.454542398453,1.8431484400477811,1.2326667824511003e-24,1.7568515599522185,1.149308899779958e-24
8449.504716157913,1.8431484400477811,7.396000694706601e-25,1.7568515599522185,6.895853398679748e-25
8449.55497598648,1.8431484400477811,7.396000694706601e-25,1.7568515599522185,6.895853398679748e-25
8449.60460138321,1.8431484400477811,5.751130140203853e-26,1.7568515599522185,5.362215602813371e-26
8449.654778718948,1.8431484400477811,3.4506780841223116e-26,1.7568515599522185,3.2173293616880225e-26
8449.704908370972,1.8431484400477811,3.4506780841223116e-26,1.7568515599522185,3.2173293616880225e-26
8449.754794836044,1.8431484400477811,2.6832472782135096e-27,1.7568515599522185,2.5017953116486063e-27
8449.80475640297,1.8431484400477811,1.6099483669281057e-27,1.7568515599522185,1.5010771869891638e-27
8449.854745149612,1.8431484400477811,1.6099483669281057e-27,1.7568515599522185,1.5010771869891638e-27
8449.904705524445,1.8431484400477811,1.2518958501232948e-28,1.7568515599522185,1.1672376206027735e-28
8449.954778671265,1.8431484400477811,7.511375100739769e-29,1.7568515599522185,7.00342572361664e-29
8450.004786729813,1.8431484400477811,7.511375100739769e-29,1.7568515599522185,7.00342572361664e-29
8450.054692268372,1.8431484400477811,5.840845278335244e-30,1.7568515599522185,5.445863842684299e-30
8450.104854345322,1.8431484400477811,3.504507167001146e-30,1.7568515599522185,3.2675183056105794e-30
8450.154492616653,1.8431484400477811,4.541841288433485e-31,1.7568515599522185,4.2347037240713105e-31
8450.20471739769,1.8431484400477811,4.541841288433485e-31,1.7568515599522185,4.2347037240713105e-31
8450.254868030548,1.8431484400477811,4.541841288433485e-31,1.7568515599522185,4.2347037240713105e-31
8450.30452656746,1.8431484400477811,1.271424882918916e-32,1.7568515599522185,1.1854460217016261e-32
8450.354744434357,1.8431484400477811,1.271424882918916e-32,1.7568515599522185,1.1854460217016261e-32
8450.404873847961,1.8431484400477811,1.271424882918916e-32,1.7568515599522185,1.1854460217016261e-32
8450.454693555832,1.8431484400477811,1.271424882918916e-32,1.7568515599522185,1.1854460217016261e-32
8450.504782676697,1.8431484400477811,3.5591759602478956e-34,1.7568515599522185,3.318490175310664e-34
8450.554908037186,1.8431484400477811,2.135505576148737e-34,1.7568515599522185,1.991094105186398e-34
8450.60478234291,1.8431484400477811,2.135505576148737e-34,1.7568515599522185,1.991094105186398e-34
8450.654864311218,1.8431484400477811,1.6605691360132575e-35,1.7568515599522185,1.5482747761929427e-35
8450.70482468605,1.8431484400477811,9.963414816079545e-36,1.7568515599522185,9.289648657157656e-36
8450.75482916832,1.8431484400477811,9.963414816079545e-36,1.7568515599522185,9.289648657157656e-36
8450.804614543915,1.8431484400477811,4.648530816590072e-37,1.7568515599522185,4.334178477483476e-37
8450.854772567749,1.8431484400477811,2.789118489954043e-37,1.7568515599522185,2.6005070864900855e-37
8450.904810905457,1.8431484400477811,2.789118489954043e-37,1.7568515599522185,2.6005070864900855e-37
8450.954691410065,1.8431484400477811,2.789118489954043e-37,1.7568515599522185,2.6005070864900855e-37
8451.004747390747,1.8431484400477811,7.807746736037749e-39,1.7568515599522185,7.279755517636886e-39
8451.054886579514,1.8431484400477811,7.807746736037749e-39,1.7568515599522185,7.279755517636886e-39
8451.104901313782,1.8431484400477811,7.807746736037749e-39,1.7568515599522185,7.279755517636886e-39
8451.15468788147,1.8431484400477811,3.6427823171657708e-40,1.7568515599522185,3.3964427343086647e-40
8451.204762935638,1.8431484400477811,2.1856693902994622e-40,1.7568515599522185,2.0378656405851986e-40
8451.25481057167,1.8431484400477811,2.1856693902994622e-40,1.7568515599522185,2.0378656405851986e-40
8451.304722309113,1.8431484400477811,2.1856693902994622e-40,1.7568515599522185,2.0378656405851986e-40
8451.35474061966,1.8431484400477811,6.1184754644287e-42,1.7568515599522185,5.7047195596285805e-42
8451.404726743698,1.8431484400477811,6.1184754644287e-42,1.7568515599522185,5.7047195596285805e-42
8451.454725265503,1.8431484400477811,6.1184754644287e-42,1.7568515599522185,5.7047195596285805e-42
8451.50468325615,1.8431484400477811,2.8546359126838534e-43,1.7568515599522185,2.6615939577403098e-43
8451.554872989655,1.8431484400477811,2.8546359126838534e-43,1.7568515599522185,2.6615939577403098e-43
8451.604731559753,1.8431484400477811,2.8546359126838534e-43,1.7568515599522185,2.6615939577403098e-43
8451.654689073563,1.8431484400477811,1.3318589314217781e-44,1.7568515599522185,1.241793276923319e-44
8451.704945325851,1.8431484400477811,7.991153588530668e-45,1.7568515599522185,7.450759661539913e-45
8451.75486445427,1.8431484400477811,7.991153588530668e-45,1.7568515599522185,7.450759661539913e-45
8451.804694414139,1.8431484400477811,6.2139210304414464e-46,1.7568515599522185,5.793710712813435e-46
8451.854747533798,1.8431484400477811,3.728352618264868e-46,1.7568515599522185,3.476226427688061e-46
8451.904873132706,1.8431484400477811,3.728352618264868e-46,1.7568515599522185,3.476226427688061e-46
8451.954866170883,1.8431484400477811,2.899166995962761e-47,1.7568515599522185,2.703113670170236e-47
8452.004690647125,1.8431484400477811,1.7395001975776564e-47,1.7568515599522185,1.6218682021021413e-47
8452.054696559906,1.8431484400477811,1.7395001975776564e-47,1.7568515599522185,1.6218682021021413e-47
8452.10473394394,1.8431484400477811,8.115812121818312e-49,1.7568515599522185,7.56698828372775e-49
8452.154801368713,1.8431484400477811,8.115812121818312e-49,1.7568515599522185,7.56698828372775e-49
8452.204738855362,1.8431484400477811,8.115812121818312e-49,1.7568515599522185,7.56698828372775e-49
8452.25467467308,1.8431484400477811,3.7865133035555514e-50,1.7568515599522185,3.530454053656019e-50
8452.304678916931,1.8431484400477811,2.271907982133331e-50,1.7568515599522185,2.118272432193611e-50
8452.354712247849,1.8431484400477811,2.271907982133331e-50,1.7568515599522185,2.118272432193611e-50
8452.404550790787,1.8431484400477811,1.0599813881441267e-51,1.7568515599522185,9.883011859642508e-52
8452.45468044281,1.8431484400477811,1.0599813881441267e-51,1.7568515599522185,9.883011859642508e-52
8452.50478720665,1.8431484400477811,1.0599813881441267e-51,1.7568515599522185,9.883011859642508e-52
8452.554854631424,1.8431484400477811,1.0599813881441267e-51,1.7568515599522185,9.883011859642508e-52
8452.604550361633,1.8431484400477811,1.7803616992290847e-53,1.7568515599522185,1.6599664847645303e-53
8452.654830217361,1.8431484400477811,1.7803616992290847e-53,1.7568515599522185,1.6599664847645303e-53
8452.704666852951,1.8431484400477811,1.7803616992290847e-53,1.7568515599522185,1.6599664847645303e-53
8452.75476717949,1.8431484400477811,8.306455543923217e-55,1.7568515599522185,7.744739631317391e-55
8452.80481171608,1.8431484400477811,4.9838733263539305e-55,1.7568515599522185,4.6468437787904345e-55
8452.854912757874,1.8431484400477811,4.9838733263539305e-55,1.7568515599522185,4.6468437787904345e-55
8452.904661655426,1.8431484400477811,3.875459898572816e-56,1.7568515599522185,3.613385722387441e-56
8452.954752206802,1.8431484400477811,3.875459898572816e-56,1.7568515599522185,3.613385722387441e-56
8453.004725456238,1.8431484400477811,3.875459898572816e-56,1.7568515599522185,3.613385722387441e-56
8453.054765224457,1.8431484400477811,3.013557617130221e-57,1.7568515599522185,2.809768737728474e-57
8453.10454583168,1.8431484400477811,6.509284453001276e-58,1.7568515599522185,6.069100473493503e-58
8453.154886484146,1.8431484400477811,3.9055706718007654e-58,1.7568515599522185,3.641460284096102e-58
8453.204713582993,1.8431484400477811,3.9055706718007654e-58,1.7568515599522185,3.641460284096102e-58
8453.254732847214,1.8431484400477811,3.9055706718007654e-58,1.7568515599522185,3.641460284096102e-58
8453.304809093475,1.8431484400477811,3.9055706718007654e-58,1.7568515599522185,3.641460284096102e-58
8453.354815721512,1.8431484400477811,3.9055706718007654e-58,1.7568515599522185,3.641460284096102e-58
8453.404824018478,1.8431484400477811,3.9055706718007654e-58,1.7568515599522185,3.641460284096102e-58
8453.454771280289,1.8431484400477811,6.559858989487312e-60,1.7568515599522185,6.116254956532357e-60
8453.504871368408,1.8431484400477811,6.559858989487312e-60,1.7568515599522185,6.116254956532357e-60
8453.55452990532,1.8431484400477811,2.361549236215432e-60,1.7568515599522185,2.2018517843516485e-60
8453.604720592499,1.8431484400477811,3.966495881935217e-62,1.7568515599522185,3.6982654866255773e-62
8453.654947757721,1.8431484400477811,3.966495881935217e-62,1.7568515599522185,3.6982654866255773e-62
8453.704825162888,1.8431484400477811,3.966495881935217e-62,1.7568515599522185,3.6982654866255773e-62
8453.75481724739,1.8431484400477811,1.1103649912054168e-63,1.7568515599522185,1.0352776472640174e-63
8453.804736375809,1.8431484400477811,1.1103649912054168e-63,1.7568515599522185,1.0352776472640174e-63
8453.854764223099,1.8431484400477811,1.1103649912054168e-63,1.7568515599522185,1.0352776472640174e-63
8453.904819011688,1.8431484400477811,5.1805189029679904e-65,1.7568515599522185,4.830191391074999e-65
8453.954709768295,1.8431484400477811,5.1805189029679904e-65,1.7568515599522185,4.830191391074999e-65
8454.004730939865,1.8431484400477811,5.1805189029679904e-65,1.7568515599522185,4.830191391074999e-65
8454.054688930511,1.8431484400477811,2.417022899368745e-66,1.7568515599522185,2.2535740954199518e-66
8454.104686021805,1.8431484400477811,2.417022899368745e-66,1.7568515599522185,2.2535740954199518e-66
8454.154865980148,1.8431484400477811,2.417022899368745e-66,1.7568515599522185,2.2535740954199518e-66
8454.204892635345,1.8431484400477811,1.1276862039294815e-67,1.7568515599522185,1.0514275299591324e-67
8454.254791021347,1.8431484400477811,6.766117223576889e-68,1.7568515599522185,6.308565179754795e-68
8454.304827451706,1.8431484400477811,6.766117223576889e-68,1.7568515599522185,6.308565179754795e-68
8454.35452747345,1.8431484400477811,3.1567996518320326e-69,1.7568515599522185,2.9433241702663967e-69
8454.404716014862,1.8431484400477811,3.1567996518320326e-69,1.7568515599522185,2.9433241702663967e-69
8454.454767465591,1.8431484400477811,3.1567996518320326e-69,1.7568515599522185,2.9433241702663967e-69
8454.504615068436,1.8431484400477811,1.4728364455587527e-70,1.7568515599522185,1.37323732487949e-70
8454.55471611023,1.8431484400477811,8.837018673352517e-71,1.7568515599522185,8.23942394927694e-71
8454.604689598083,1.8431484400477811,8.837018673352517e-71,1.7568515599522185,8.23942394927694e-71
8454.654484272003,1.8431484400477811,4.1229994322393503e-72,1.7568515599522185,3.8441856377746486e-72
8454.70471072197,1.8431484400477811,4.1229994322393503e-72,1.7568515599522185,3.8441856377746486e-72
8454.754695653915,1.8431484400477811,4.1229994322393503e-72,1.7568515599522185,3.8441856377746486e-72
8454.804451465607,1.8431484400477811,8.905678773636995e-73,1.7568515599522185,8.303440977593241e-73
8454.854816198349,1.8431484400477811,1.1541759690633543e-73,1.7568515599522185,1.0761259506960837e-73
8454.904820680618,1.8431484400477811,1.1541759690633543e-73,1.7568515599522185,1.0761259506960837e-73
8454.954504013062,1.8431484400477811,8.974872335436641e-75,1.7568515599522185,8.367955392612746e-75
8455.00451016426,1.8431484400477811,5.384923401261984e-75,1.7568515599522185,5.020773235567647e-75
8455.054515123367,1.8431484400477811,1.9385724244543143e-75,1.7568515599522185,1.807478364804353e-75
8455.10456085205,1.8431484400477811,6.978860728035531e-76,1.7568515599522185,6.50692211329567e-76
8455.154508590698,1.8431484400477811,2.5123898620927912e-76,1.7568515599522185,2.342491960786441e-76
8455.204529762268,1.8431484400477811,9.044603503534047e-77,1.7568515599522185,8.432971058831188e-77
8455.254511117935,1.8431484400477811,3.2560572612722563e-77,1.7568515599522185,3.0358695811792276e-77
8455.304547786713,1.8431484400477811,1.172180614058012e-77,1.7568515599522185,1.0929130492245219e-77
8455.354755878448,1.8431484400477811,4.219850210608843e-78,1.7568515599522185,3.9344869772082783e-78
8455.40477514267,1.8431484400477811,1.5191460758191835e-78,1.7568515599522185,1.41641531179498e-78
8455.454570055008,1.8431484400477811,5.46892587294906e-79,1.7568515599522185,5.099095122461928e-79
8455.5045337677,1.8431484400477811,1.9688133142616617e-79,1.7568515599522185,1.8356742440862938e-79
8455.554712057114,1.8431484400477811,7.087727931341981e-80,1.7568515599522185,6.608427278710658e-80
8455.604694604874,1.8431484400477811,2.551582055283113e-80,1.7568515599522185,2.379033820335837e-80
8455.654694318771,1.8431484400477811,9.185695399019206e-81,1.7568515599522185,8.564521753209013e-81
8455.704500198364,1.8431484400477811,3.306850343646914e-81,1.7568515599522185,3.0832278311552445e-81
8455.754707574844,1.8431484400477811,1.1904661237128891e-81,1.7568515599522185,1.1099620192158878e-81
8455.804518222809,1.8431484400477811,4.285678045366401e-82,1.7568515599522185,3.995863269177196e-82
8455.854523181915,1.8431484400477811,1.5428440963319043e-82,1.7568515599522185,1.4385107769037903e-82
8455.904754638672,1.8431484400477811,5.554238746794856e-83,1.7568515599522185,5.178638796853645e-83
8455.95471572876,1.8431484400477811,1.999525948846148e-83,1.7568515599522185,1.8643099668673122e-83
8456.004802465439,1.8431484400477811,7.1982934158461325e-84,1.7568515599522185,6.711515880722323e-84
8456.054747343063,1.8431484400477811,2.5913856297046077e-84,1.7568515599522185,2.416145717060036e-84
8456.104733228683,1.8431484400477811,9.328988266936587e-85,1.7568515599522185,8.69812458141613e-85
8456.154674053192,1.8431484400477811,3.3584357760971707e-85,1.7568515599522185,3.1313248493098066e-85
8456.204697847366,1.8431484400477811,1.2090368793949813e-85,1.7568515599522185,1.1272769457515303e-85
8456.254689693451,1.8431484400477811,4.352532765821932e-86,1.7568515599522185,4.058197004705509e-86
8456.304708242416,1.8431484400477811,1.5669117956958955e-86,1.7568515599522185,1.460950921693983e-86
8456.35482287407,1.8431484400477811,5.640882464505223e-87,1.7568515599522185,5.259423318098338e-87
8456.404764413834,1.8431484400477811,2.0307176872218802e-87,1.7568515599522185,1.8933923945154016e-87
8456.454734563828,1.8431484400477811,7.310583673998768e-88,1.7568515599522185,6.816212620255445e-88
8456.504697561264,1.8431484400477811,2.6318101226395565e-88,1.7568515599522185,2.4538365432919602e-88
8456.554722547531,1.8431484400477811,9.474516441502403e-89,1.7568515599522185,8.833811555851055e-89
8456.60493183136,1.8431484400477811,3.410825918940864e-89,1.7568515599522185,3.1801721601063795e-89
8456.654447317123,1.8431484400477811,7.367383984912266e-90,1.7568515599522185,6.869171865829778e-90
8456.70457315445,1.8431484400477811,2.6522582345684158e-90,1.7568515599522185,2.47290187169872e-90
8456.754493236542,1.8431484400477811,9.548129644446296e-91,1.7568515599522185,8.902446738115392e-91
8456.804712295532,1.8431484400477811,3.437326672000666e-91,1.7568515599522185,3.204880825721541e-91
8456.854507923126,1.8431484400477811,1.2374376019202398e-91,1.7568515599522185,1.1537570972597545e-91
8456.904708862305,1.8431484400477811,4.4547753669128636e-92,1.7568515599522185,4.153525550135116e-92
8456.95469880104,1.8431484400477811,1.6037191320886308e-92,1.7568515599522185,1.4952691980486416e-92
8457.004706859589,1.8431484400477811,9.622314792531785e-93,1.7568515599522185,8.97161518829185e-93
8457.05493092537,1.8431484400477811,3.4640333253114424e-93,1.7568515599522185,3.2297814677850656e-93
8457.10458612442,1.8431484400477811,1.2470519971121193e-93,1.7568515599522185,1.1627213284026236e-93
8457.154632091522,1.8431484400477811,4.489387189603629e-94,1.7568515599522185,4.1857967822494447e-94
8457.204733133316,1.8431484400477811,1.6161793882573064e-94,1.7568515599522185,1.5068868416098e-94
8457.254754304886,1.8431484400477811,5.818245797726302e-95,1.7568515599522185,5.4247926297952796e-95
8457.304782152176,1.8431484400477811,2.0945684871814686e-95,1.7568515599522185,1.9529253467263005e-95
8457.354716062546,1.8431484400477811,7.540446553853287e-96,1.7568515599522185,7.030531248214682e-96
8457.404703617096,1.8431484400477811,2.714560759387183e-96,1.7568515599522185,2.530991249357285e-96
8457.454899549484,1.8431484400477811,9.772418733793858e-97,1.7568515599522185,9.111568497686226e-97
8457.504732847214,1.8431484400477811,3.518070744165789e-97,1.7568515599522185,3.280164659167041e-97
8457.55475974083,1.8431484400477811,1.2665054678996839e-97,1.7568515599522185,1.1808592773001347e-97
8457.604749441147,1.8431484400477811,4.5594196844388614e-98,1.7568515599522185,4.251093398280484e-98
8457.654720783234,1.8431484400477811,1.64139108639799e-98,1.7568515599522185,1.5303936233809744e-98
8457.704776525497,1.8431484400477811,5.909007911032764e-99,1.7568515599522185,5.509417044171507e-99
8457.754794836044,1.8431484400477811,2.1272428479717948e-99,1.7568515599522185,1.9833901359017424e-99
8457.804768562317,1.8431484400477811,7.65807425269846e-100,1.7568515599522185,7.140204489246273e-100
8457.854744672775,1.8431484400477811,2.7569067309714454e-100,1.7568515599522185,2.570473616128658e-100
8457.904737710953,1.8431484400477811,9.924864231497202e-101,1.7568515599522185,9.253705018063168e-101
8457.954707622528,1.8431484400477811,3.5729511233389926e-101,1.7568515599522185,3.33133380650274e-101
8458.004777669907,1.8431484400477811,1.2862624044020374e-101,1.7568515599522185,1.1992801703409865e-101
8458.054729938507,1.8431484400477811,4.630544655847334e-102,1.7568515599522185,4.3174086132275506e-102
8458.104618787766,1.8431484400477811,1.6669960761050402e-102,1.7568515599522185,1.5542671007619181e-102
8458.154731750488,1.8431484400477811,6.001185873978145e-103,1.7568515599522185,5.595361562742905e-103
8458.204794883728,1.8431484400477811,2.1604269146321319e-103,1.7568515599522185,2.0143301625874457e-103
8458.254842281342,1.8431484400477811,7.777536892675674e-104,1.7568515599522185,7.251588585314804e-104
8458.30474448204,1.8431484400477811,2.7999132813632424e-104,1.7568515599522185,2.6105718907133292e-104
8458.35460305214,1.8431484400477811,1.0079687812907671e-104,1.7568515599522185,9.398058806567983e-105
8458.404660463333,1.8431484400477811,3.628687612646761e-105,1.7568515599522185,3.3833011703644736e-105
8458.454708099365,1.8431484400477811,1.306327540552834e-105,1.7568515599522185,1.2179884213312105e-105
8458.504698991776,1.8431484400477811,4.702779145990202e-106,1.7568515599522185,4.384758316792358e-106
8458.55472445488,1.8431484400477811,1.6930004925564726e-106,1.7568515599522185,1.578512994045249e-106
8458.604772567749,1.8431484400477811,6.0948017732033e-107,1.7568515599522185,5.682646778562895e-107
8458.654715538025,1.8431484400477811,2.194128638353188e-107,1.7568515599522185,2.0457528402826423e-107
8458.704768419266,1.8431484400477811,7.898863098071476e-108,1.7568515599522185,7.364710225017512e-108
8458.754673480988,1.8431484400477811,2.8435907153057314e-108,1.7568515599522185,2.651295681006304e-108
8458.80471420288,1.8431484400477811,1.0236926575100632e-108,1.7568515599522185,9.544664451622693e-109
8458.854612112045,1.8431484400477811,3.685293567036227e-109,1.7568515599522185,3.4360792025841696e-109
8458.904740571976,1.8431484400477811,1.3267056841330418e-109,1.7568515599522185,1.236988512930301e-109
8458.954627037048,1.8431484400477811,4.776140462878951e-110,1.7568515599522185,4.4531586465490834e-110
8459.004761219025,1.8431484400477811,1.7194105666364223e-110,1.7568515599522185,1.6031371127576698e-110
8459.054663419724,1.8431484400477811,6.18987803989112e-111,1.7568515599522185,5.7712936059276106e-111
8459.104687213898,1.8431484400477811,2.228356094360803e-111,1.7568515599522185,2.0776656981339393e-111
8459.154715538025,1.8431484400477811,8.02208193969889e-112,1.7568515599522185,7.479596513282182e-112
8459.20465040207,1.8431484400477811,2.8879494982916004e-112,1.7568515599522185,2.692654744781585e-112
8459.254648447037,1.8431484400477811,1.039661819384976e-112,1.7568515599522185,9.693557081213705e-113
8459.304681539536,1.8431484400477811,3.742782549785914e-113,1.7568515599522185,3.489680549236934e-113
8460.454760789871,0.2002277374267578,2.3342755097328566e-123,0.2002277374267578,2.176422416883614e-123
8460.504722356796,0.4000740051269531,8.403391835038282e-124,0.4000740051269531,7.83512070078101e-124
8460.554699897766,0.5999841690063477,3.025221060613782e-124,0.5999841690063477,2.8206434522811634e-124
8463.404734373093,0.19992542266845703,1.5488154024118756e-149,0.19992542266845703,-9.121362942694512e-08
8463.45475268364,0.39999866485595703,5.575735448682751e-150,0.39999866485595703,-3.283690659370024e-08
8463.504860401154,0.6004295349121094,0.05322227478027344,0.6004295349121094,0.04656948010156901
8463.554722547531,0.0,0.298576961517334,0.0,0.23364579031478294
8463.604697465897,0.0,0.5997937597846985,0.0,0.44336284881691074
8463.654764413834,0.0,0.8543371490722657,0.0,0.6403382600040195
8463.704567670822,0.0,0.6029449986965332,0.0,0.3981719421395406
8463.75478219986,0.0,0.17027933091107153,0.0,0.06630087251837531
8463.804780006409,0.19999122619628906,-0.101692659174741,0.19999122619628906,-0.108675630013792
8463.855033159256,0.4010038375854492,-0.21091230720830229,0.4010038375854492,-0.16818724791549977
8463.904734611511,0.5998096466064453,-0.1704960605879507,0.5998096466064453,-0.09818255309585333
8463.954752922058,0.7998828887939453,0.07562186838221976,0.7998828887939453,0.0985628948057046
8464.004725933075,0.0,0.45044331260096704,0.0,0.37196000404754936
8464.054814338684,0.0,0.7426150554689348,0.0,0.6220536613020885
8464.1047539711,0.0,0.8447360941334117,0.0,0.7457881440850251
8464.154790878296,0.0,0.8447360941334117,0.0,0.7457881440850251
8464.204494714737,0.0,0.8447360941334117,0.0,0.7457881440850251
8464.254703521729,0.0,0.8447360941334117,0.0,0.7457881440850251
8464.304747104645,0.0,0.8447360941334117,0.0,0.7457881440850251
8464.354536056519,0.0,-0.40816401478088016,0.0,-0.3637743660291761
8464.40450167656,0.0,-0.40816401478088016,0.0,-0.3637743660291761
8464.454501628876,0.0,-0.4325044855208523,0.0,-0.3719642454859675
8464.504504203796,0.0,-0.42093054680414954,0.0,-0.36014763083917267
8464.554781913757,0.0,-0.42093054680414954,0.0,-0.36014763083917267
8464.604488372803,0.0,0.02285231213450981,0.0,0.018767164389697555
8464.65472817421,0.0,0.07241242564130158,0.0,0.03571906461740008
8464.70501756668,0.0,0.07241242564130158,0.0,0.03571906461740008
8464.75473165512,0.0,0.1381438880548389,0.0,0.020684736722501585
8464.80471611023,0.0,0.08288633283290334,0.0,0.008542944269652646
8464.854896068573,0.0,0.08288633283290334,0.0,0.008542944269652646
8472.404604911804,-0.19959449768066406,1.078364401841631e-69,0.19959449768066406,1.1114506665269352e-70
8472.454624414444,-0.3996725082397461,3.882111846629871e-70,0.3996725082397461,4.0012223994969664e-71
8472.504798650742,-0.6003694534301758,1.3975602647867535e-70,0.6003694534301758,1.440440063818908e-71
8472.554712295532,-0.8000240325927734,-0.15661763042211535,0.8000240325927734,0.12473971068859101
8472.604748725891,-1.0001697540283203,-0.3931795569300652,1.0001697540283203,0.3359656158208847
8472.65452337265,-1.0375168371841048,-0.6391729216113091,1.1992683410644531,0.5720064004583358
8472.704746246338,-1.0375168371841048,-0.7583333480477715,1.4001598358154297,0.795359011661644
8472.754752159119,-1.0375168371841048,-0.8260127220673699,1.6001834869384766,0.9262332902568466
8472.804659128189,0.0,-0.7910992782398464,0.0,0.9802780051070888
8472.85452580452,0.0,-0.68958714417521,0.0,1.0670299160136618
8472.904696464539,0.0,-0.5662544655033488,0.0,1.1917788038606825
8472.954832077026,0.0,-0.1190925674043371,0.0,0.5778750967963474
8473.004517555237,-0.19874191284179688,0.22942172397128557,0.19874191284179688,-0.10583992509899365
8473.054532766342,-0.3351775556670131,0.3585750850759214,0.3988027572631836,-0.49843215123006523
8473.104710817337,-0.3351775556670131,0.2894150051852083,0.5995149612426758,-0.5626938051290112
8473.154735803604,-0.3351775556670131,-0.016841994820355824,0.7996149063110352,-0.1805416625013398
8473.204638957977,-0.3351775556670131,-0.3031244124525736,0.9992275238037109,0.2896273345492919
8473.254556417465,-0.3351775556670131,-0.37390560551478685,1.198897361755371,0.6617691687611094
8473.304806947708,-0.3351775556670131,-0.22375332824228125,1.3998994827270508,0.8729125275087601
8473.354585170746,-0.4167377307814315,-0.08055119816722124,1.5990123748779297,0.8823738913728802
8473.404587745667,-0.34111362275142265,-0.028998431340199644,1.7990226745605469,0.8568073435185197
8473.454516887665,-0.34111362275142265,-0.018359416613105035,1.998739242553711,0.9045612653574173
8473.504859685898,-0.29110417932401256,-0.018359416613105035,2.20011043548584,0.9045612653574173
8473.554769992828,-0.29110417932401256,-0.003538252562314623,2.399751663208008,1.3410622055973924
8473.604871749878,-0.29110417932401256,-0.0021229515373887738,2.60015869140625,1.4699157819537114
8473.654495239258,-0.29110417932401256,-0.00045855753207597503,2.6911041793240127,1.729912735244012
8473.704776525497,-0.29110417932401256,-0.000275134519245585,2.6911041793240127,1.7863858802440025
8473.754712104797,-0.29110417932401256,-9.90484269284106e-05,2.6911041793240127,1.9153525208230826
8473.904712200165,0.0,0.02375717126985543,0.0,1.690628277216058
8473.954906702042,0.0,0.08256480826852378,0.0,0.3657995505167367
8474.004619121552,0.0,0.11661466711968538,0.0,-0.5990522893774514
8474.054777145386,0.0,0.11383135111645587,0.0,-0.8902511903944494
8474.10467505455,0.0,0.07786812511032484,0.0,-0.6310603151072103
8474.15473484993,-0.051458587463870886,0.036015866256757956,0.2002391815185547,-0.21786781237181563
8474.204626083374,-0.023811156562894675,0.012965711852432863,0.39980411529541016,-0.014021361776554116
8474.254698753357,-0.023811156562894675,-0.011040307438187036,0.6000947952270508,0.1557279317408692
8474.304800748825,-0.023811156562894675,-0.003974510677747333,0.8005027770996094,0.3138122506915292
8474.35468506813,-0.009107199797478094,-0.0014308238439890398,1.000040054321289,0.44531463198585847
8474.404587745667,0.012105662972689002,-0.0005150965838360543,1.199650764465332,0.5792458568074352
8474.454798698425,0.012105662972689002,-0.00018543477018097954,1.4004945755004883,0.7243612270614403
8474.504815101624,0.07064016382536309,0.042854434936668566,1.600560188293457,0.8448048112771833
8474.55477142334,0.11536991428577803,0.20002264858106117,1.8003854751586914,0.9513299731486532
8474.604598283768,0.1326793609201733,0.35142511277491817,1.9996929168701172,1.074285103132969
8474.65477013588,0.1326793609201733,0.43483937316809285,2.200380325317383,1.2487016105356141
8474.704709291458,0.13550573546578648,0.4664723737252027,2.264494264534214,1.4232486027611133
8474.754709482193,0.18019368321210005,0.45469431268735905,2.2198063167879,1.6389564778137031
8474.8048017025,0.18019368321210005,0.4367313141378075,2.2198063167879,1.7183323015830931
8474.85483956337,0.2572663826561581,0.4101143820793263,2.1427336173438425,1.6497812358163124
8474.904800891876,0.32883592695592434,0.41280215896525974,2.071164073044076,1.633656404767835
8474.95475101471,0.365890719857204,0.46026615470895405,2.0341092801427965,1.6013865431622518
8475.0045003891,0.3779472037893521,0.5259495133289668,2.022052796210648,1.4939235434702343
8475.054897785187,0.3779472037893521,0.5579316742704739,2.022052796210648,1.3696664131559602
8475.104726076126,0.3662455054937682,0.594000556259862,2.033754494506232,1.243955635078347
8475.15468454361,0.2877277343745729,0.5988061397753399,2.1122722656254274,1.1977975546291815
8475.204689502716,0.18521218358068237,0.5682255638652649,2.214787816419318,1.1942137972940687
8475.254798412323,0.18521218358068237,0.5230884663944342,2.214787816419318,1.2359790741120462
8475.304821968079,0.13748030438706405,0.45153071568077435,2.2625196956129363,1.2519641568201072
8475.354823827744,0.09147097149945838,0.3635205844128095,2.308529028500542,1.431992771921299
8475.404636144638,0.08478560772904964,0.29339626022877563,2.315214392270951,1.671320208083776
8475.454855680466,0.08478560772904964,0.29339626022877563,2.315214392270951,1.671320208083776
8475.504813671112,0.08478560772904964,0.2803912683436852,2.315214392270951,1.9712521512061216
8475.554640293121,0.284092095766159,0.3114222845116704,2.1159079042338416,1.841701269581909
8475.604504823685,0.4264818326358102,0.34140957810924466,1.9735181673641902,1.7663754727011902
8475.65476846695,0.44942915049454624,0.36633887798230413,1.9505708495054541,1.661145066221928
8475.70497250557,0.48583011402891796,0.48048792330255713,1.9141698859710825,1.5763042098285112
8475.754701137543,0.48583011402891796,0.6036860992234848,1.9141698859710825,1.3946118411779889
8475.804785490036,0.44093775660617074,0.6954958742757524,1.9590622433938296,1.2671305077920134
8475.854771137238,0.44093775660617074,0.7644025482857186,1.9590622433938296,1.2995761467569986
8475.904778242111,0.44093775660617074,0.7143326496407019,1.9590622433938296,1.3939064395506593
8475.954784870148,0.30474770278879515,0.6376990304705368,2.0952522972112053,1.5693565053491385
8476.004786491394,0.3689461875898019,0.5755164418095422,2.0310538124101987,1.687388104537079
8476.054732084274,0.44441276100413984,0.5348355577042367,1.9555872389958604,1.7374351509829578
8476.1045525074,0.5264476080309267,0.5251800515288354,1.8735523919690737,1.703227766338118
8476.15485739708,0.5264476080309267,0.5414430629504052,1.8735523919690737,1.6465368108689051
8476.204758882523,0.5417405369285914,0.6225985240206359,1.858259463071409,1.5217670835282537
8476.254605293274,0.5417405369285914,0.7001263648724045,1.858259463071409,1.4400220753154565
8476.304762125015,0.5417405369285914,0.7504712611599738,1.858259463071409,1.3913726988339927
8476.35468697548,0.4705224039711079,0.7328793526946535,1.9294775960288923,1.3474183696355047
8476.404577732086,0.42505758880612654,0.710755321547712,1.9749424111938738,1.410665343445979
8476.454503774643,0.3941924577132533,0.6400757765169114,2.005807542286747,1.5183841765793953
8476.505212783813,0.3941924577132533,0.579033179356879,2.005807542286747,1.6283610384776397
8476.554800987244,0.4271110543599498,0.5261872052934977,1.9728889456400505,1.6684754343431307
8476.604521274567,0.47896861973435034,0.5174466290397839,1.92103138026565,1.644614679274599
8476.654736757278,0.5357109704858901,0.5449526614543222,1.8642890295141101,1.6561452326742319
8476.704514026642,0.5357109704858901,0.5807568182920131,1.8642890295141101,1.6080793539607825
8476.754782438278,0.5637289251833252,0.6304874664679068,1.836271074816675,1.565054278371011
8476.804813623428,0.5658417377985504,0.6881344096470439,1.8341582622014498,1.5072833350171835
8476.854610681534,0.5745463126122422,0.7216072813251697,1.8254536873877583,1.4858477968288728
8476.904591560364,0.5745463126122422,0.7384095025865705,1.8254536873877583,1.5416008493297078
8476.954610347748,0.5787629923785552,0.7287503397277046,1.8212370076214452,1.5792279384491246
8477.004494190216,0.6084617588105734,0.7039573782376427,1.791538241189427,1.5678735259279275
8477.05474805832,0.6084617588105734,0.6782956597933284,1.791538241189427,1.5372530132450342
8477.104722738266,0.6084617588105734,0.6948625139377992,1.791538241189427,1.5879301992625359
8477.154612779617,0.6530482014330655,0.7121185216420584,1.746951798566935,1.554776240619553
8477.204684019089,0.6752623077658558,0.7230554897706636,1.7247376922341444,1.4912518152830123
8477.254627943039,0.6684663376180454,0.7314613465948436,1.7315336623819548,1.4079932077850266
8477.304723024368,0.6684663376180454,0.7636155058556866,1.7315336623819548,1.4103256691977513
8477.354527711868,0.6684663376180454,0.7771868289571073,1.7315336623819548,1.4449282513672757
8477.404846668243,0.652448324579378,0.7789929855502288,1.7475516754206224,1.4590547696718363
8477.454549074173,0.6620336041161187,0.7541698389757862,1.7379663958838818,1.4724061423290535
8477.504747629166,0.6620336041161187,0.757922052389712,1.7379663958838818,1.468620560184077
8477.5548787117,0.6597344316813695,0.7302308579848995,1.7402655683186308,1.4796951418930133
8477.60482954979,0.6779591488212723,0.7329644787514253,1.7220408511787282,1.5525401737384978
8477.65461730957,0.7165751416755746,0.7393966780258672,1.6834248583244258,1.609475964525687
8477.704810619354,0.7165751416755746,0.7602605199630305,1.6834248583244258,1.5961906269381096
8477.754873991013,0.7332808536887088,0.7844058886461942,1.6667191463112916,1.6215551622577782
8477.804750204086,0.7332808536887088,0.8181900959715899,1.6667191463112916,1.611429116530476
8477.854629039764,0.7972743382302424,0.8344474833550091,1.602725661769758,1.5626795559179514
8477.904749155045,0.7972743382302424,0.8618363953116668,1.602725661769758,1.4901162744421386
8477.954810380936,0.8039484032316865,0.8601582723790335,1.596051596768314,1.4747498212167724
8478.00476717949,0.8079919354939933,0.8641775302148078,1.592008064506007,1.4454850427356638
8478.054502248764,0.7809714662690003,0.8783261055489617,1.619028533731,1.3914555003183107
8478.104813098907,0.7809714662690003,0.8946606662776555,1.619028533731,1.3502506288267502
8478.154824018478,0.7504863017141991,0.901969402321809,1.6495136982858014,1.3828893663541315
8478.20486330986,0.7575148401201809,0.8839815244514824,1.6424851598798194,1.4588385616084039
8478.25448846817,0.7704442119140027,0.8571088952579169,1.6295557880859977,1.512397300994638
8478.304817199707,0.7704442119140027,0.8312779751810337,1.6295557880859977,1.503816475318519
8478.354826927185,0.8014564201219196,0.794319020058855,1.5985435798780807,1.5452102744030884
8478.40465927124,0.8419149520610436,0.7863709615514796,1.5580850479389567,1.5293563290875412
8478.45453119278,0.8413091088505644,0.8117824132506652,1.558690891149436,1.420812166372821
8478.504576444626,0.8413091088505644,0.8377699852680422,1.558690891149436,1.3860776507758683
8478.554512500763,0.8615023576438543,0.8549297428379747,1.538497642356146,1.3712063843215794
8478.604508399963,0.8615023576438543,0.8735812345594273,1.538497642356146,1.3933594160391793
8478.654622077942,0.8615023576438543,0.9049238743585386,1.538497642356146,1.3623133969228471
8478.704503774643,0.8700390897072335,0.8836242597890629,1.529960910292767,1.3464216925592782
8478.754775762558,0.8599867430260892,0.8804764023396755,1.5400132569739111,1.3967996551236472
8478.804785013199,0.8599867430260892,0.8924373461356182,1.5400132569739111,1.4350692885032044
8478.854503631592,0.8599867430260892,0.8910628345090301,1.5400132569739111,1.4268282004682094
8478.904722690582,0.8503184944174548,0.8795373291901881,1.5496815055825457,1.4117840867693854
8478.954772949219,0.8465413507363169,0.8800219268011618,1.5534586492636835,1.444033158115946
8479.004575967789,0.8841810983981455,0.8673313797858083,1.5158189016018548,1.5068114563080321
8479.054574489594,0.8912288021858288,0.8712849405293485,1.5087711978141716,1.4901650773615593
8479.104774475098,0.8912288021858288,0.8712849405293485,1.5087711978141716,1.4901650773615593
8479.154957532883,0.8912288021858288,0.8712849405293485,1.5087711978141716,1.4901650773615593
8479.204529047012,0.9951608345561029,0.8712849405293485,1.4048391654438974,1.4901650773615593
8479.254823684692,0.9951608345561029,0.8712849405293485,1.4048391654438974,1.4901650773615593
8479.304877281189,0.9951608345561029,0.8712849405293485,1.4048391654438974,1.4901650773615593
8479.354709148407,1.1151712021852034,0.9378740068723527,1.284828797814797,1.5848069981395514
8479.4048204422,1.1151712021852034,0.9378740068723527,1.284828797814797,1.5848069981395514
8479.454661369324,1.1151712021852034,1.0174973769943647,1.284828797814797,1.4102506605957417
8479.504701375961,1.1594834942242094,1.0199005582309204,1.240516505775791,1.37069685269442
8479.554750919342,1.1594834942242094,1.0199005582309204,1.240516505775791,1.37069685269442
8479.604619264603,1.119775139017459,1.1284009159706585,1.2802248609825413,1.1621731483624722
8479.654830932617,1.0759993887100365,1.1385774815739724,1.3240006112899638,1.187946758489987
8479.704787015915,1.0759993887100365,1.1385774815739724,1.3240006112899638,1.187946758489987
8479.754580020905,1.0531766962418745,1.1637502157762132,1.3468233037581259,1.3661946547007706
8479.804711580276,1.0616504907788593,1.1637502157762132,1.338349509221141,1.3661946547007706
8479.854850053787,1.0616504907788593,1.1637502157762132,1.338349509221141,1.3661946547007706
8479.904557943344,1.169291487623564,1.0568020118276615,1.2307085123764363,1.6584128485250513
8479.954738616943,1.169291487623564,1.0568020118276615,1.2307085123764363,1.6584128485250513
8480.00479221344,1.169291487623564,1.0568020118276615,1.2307085123764363,1.6584128485250513
8480.054722547531,1.291797168972812,1.055480112077048,1.1082028310271883,1.4818351816974993
8480.104815483093,1.291797168972812,1.0407711442954841,1.1082028310271883,1.4545878024007628
8480.154601335526,1.212817362492271,1.1150415992494285,1.1871826375077295,1.1465142323015969
8480.204827785492,1.2307136799624367,1.1150415992494285,1.1692863200375636,1.1465142323015969
8480.254706144333,1.2307136799624367,1.1150415992494285,1.1692863200375636,1.1465142323015969
8480.304569244385,1.1677972502786895,1.3361720497438279,1.2322027497213108,1.1388691850664403
8480.354804515839,1.0564474049352124,1.3361720497438279,1.343552595064788,1.1388691850664403
8480.404709815979,1.0564474049352124,1.3361720497438279,1.343552595064788,1.1388691850664403
8480.454808473587,1.0564474049352124,1.3361720497438279,1.343552595064788,1.1388691850664403
8480.50458574295,1.1306456739945958,1.205479151118149,1.2693543260054045,1.3937920296919641
8480.554769277573,1.1306456739945958,1.205479151118149,1.2693543260054045,1.3937920296919641
8480.604889154434,1.1306456739945958,1.205479151118149,1.2693543260054045,1.3937920296919641
8480.654539346695,1.1306456739945958,0.9587400528493113,1.2693543260054045,1.5206626120509714
8480.7047996521,1.2314559990052876,0.9587400528493113,1.1685440009947128,1.5206626120509714
8480.754817008972,1.2314559990052876,0.9587400528493113,1.1685440009947128,1.5206626120509714
8480.804817199707,1.2314559990052876,0.9587400528493113,1.1685440009947128,1.5206626120509714
8480.854541301727,1.4303524070863423,1.1231926564510353,0.9696475929136581,1.2345785484479794
8480.904793977737,1.4399023127668737,1.1231926564510353,0.9600976872331266,1.2345785484479794
8480.954729795456,1.4399023127668737,1.1231926564510353,0.9600976872331266,1.2345785484479794
8481.004838466644,1.3853504102492675,1.2726734546857257,1.0146495897507328,0.9574964890221562
8481.054734230042,1.36858642851598,1.2726734546857257,1.0314135714840205,0.9574964890221562
8481.104797124863,1.36858642851598,1.2726734546857257,1.0314135714840205,0.9574964890221562
8481.154943704605,1.36858642851598,1.3924479694849594,1.0314135714840205,1.0176839564702904
8481.204737186432,1.5677603558231088,1.3748837597183194,1.1009777805426957,1.0736082157171962
8481.25475859642,1.767845995776722,1.3748837597183194,1.1009777805426957,1.0736082157171962
8481.304837226868,1.9681605175662729,1.3748837597183194,1.1009777805426957,1.0736082157171962
8481.354789018631,2.1679676846194953,1.2826647045747057,1.0238012350118788,1.3055742888913486
8481.404833316803,2.3681448773074836,1.2826647045747057,1.0511649796134108,1.3055742888913486
8481.454766750336,2.548835020386589,1.2826647045747057,1.0511649796134108,1.3055742888913486
8481.50475525856,2.605542148215167,1.4925493165097605,0.9944578517848326,1.3091715860605755
8481.554932832718,2.544056666128595,1.5570280411387665,1.0559433338714048,1.2882417850637746
8481.604808092117,2.544056666128595,1.5570280411387665,1.0559433338714048,1.2882417850637746
8481.654493570328,2.5297154144537495,2.3706375312559285,1.0702845855462502,1.1116831855629432
8481.704670190811,2.5297154144537495,2.4701960773320484,1.0702845855462502,1.1105289075764744
8481.75485777855,2.5297154144537495,2.4701960773320484,1.0702845855462502,1.1105289075764744
8481.804548978806,2.5297154144537495,2.493679569105635,1.0702845855462502,1.2899366844368025
8481.854745864868,2.328927870203261,2.493679569105635,1.2710721297967384,1.2899366844368025
8481.90481543541,2.2425390278089123,2.493679569105635,1.3574609721910875,1.2899366844368025
8481.954646587372,2.29448575083112,2.0289476949393275,1.3055142491688798,1.5555984672540148
8482.004807472229,2.2593333521676824,1.9840614937793923,1.3406666478323175,1.5459020195385051
8482.054875612259,2.2593333521676824,1.9840614937793923,1.3406666478323175,1.5459020195385051
8482.104796886444,2.2593333521676824,1.8439449726092518,1.3406666478323175,1.700830207700386
8482.154784679413,2.2533725053390965,1.8464892779915154,1.346627494660903,1.6857765593736496
8482.204811811447,2.2533725053390965,1.8464892779915154,1.346627494660903,1.6857765593736496
8482.25481891632,2.2533725053390965,1.8464892779915154,1.346627494660903,1.6857765593736496
8482.304546356201,2.192164090557201,1.8508674287565945,1.4078359094427988,1.6005805639896624
8482.354707241058,2.2820477968908253,1.8508674287565945,1.3179522031091744,1.6005805639896624
8482.4048204422,2.2820477968908253,1.8508674287565945,1.3179522031091744,1.6005805639896624
8482.454544305801,2.2284782408563752,1.8961402519312998,1.3715217591436246,1.5060372011825396
8482.504710435867,2.1943272258069233,1.8961402519312998,1.4056727741930763,1.5060372011825396
8482.554885864258,2.1943272258069233,1.8961402519312998,1.4056727741930763,1.5060372011825396
8482.604878425598,2.1943272258069233,1.8961402519312998,1.4056727741930763,1.5060372011825396
8482.654696941376,2.1430064004554548,1.9838686187808132,1.4569935995445449,1.5304909116180894
8482.70475268364,2.1430064004554548,1.9838686187808132,1.4569935995445449,1.5304909116180894
8482.75482749939,2.1430064004554548,1.9838686187808132,1.4569935995445449,1.5304909116180894
8482.804506778717,2.1598119120698707,1.8070836424255892,1.440188087930129,1.6628084174565312
8482.854920864105,2.1598119120698707,1.8070836424255892,1.440188087930129,1.6628084174565312
8482.904730796814,2.1598119120698707,1.8070836424255892,1.440188087930129,1.6628084174565312
8482.954514503479,2.275534653354717,1.7829454864299805,1.3244653466452827,1.7394063325500595
8483.004746198654,2.275534653354717,1.7829454864299805,1.3244653466452827,1.7394063325500595
8483.05452632904,2.2395858259589687,1.971555496725479,1.3604141740410312,1.6857488200372566
8483.10469675064,2.1982468811143034,1.971555496725479,1.4017531188856962,1.6857488200372566
8483.154577732086,2.181656956876769,1.9636830613436067,1.4183430431232307,1.5654090538209795
8483.204913854599,2.181656956876769,1.9636830613436067,1.4183430431232307,1.5654090538209795
8483.25482082367,2.181656956876769,1.9636830613436067,1.4183430431232307,1.5654090538209795
8483.304530143738,2.1476702871787756,1.9636830613436067,1.4523297128212243,1.5654090538209795
8483.354838371277,2.0348677792350394,1.8628739520303057,1.5651322207649605,1.5637086300230152
8483.404844760895,2.0348677792350394,1.8628739520303057,1.5651322207649605,1.5637086300230152
8483.45470237732,2.1244685041714297,1.8303034948914405,1.47553149582857,1.6181949971393372
8483.504724025726,2.1244685041714297,1.8303034948914405,1.47553149582857,1.6181949971393372
8483.554739236832,2.1244685041714297,1.8303034948914405,1.47553149582857,1.6181949971393372
8483.604850530624,2.1244685041714297,1.8303034948914405,1.47553149582857,1.6181949971393372
8483.65479683876,2.1244685041714297,1.8303034948914405,1.47553149582857,1.6181949971393372
8483.704775571823,2.1244685041714297,1.8303034948914405,1.47553149582857,1.6181949971393372
8483.754550933838,2.105654136584614,1.9348712410676288,1.4943458634153857,1.8072973245960156
8483.804518222809,2.193368445981509,1.9348712410676288,1.4066315540184908,1.8072973245960156
8483.854830503464,2.193368445981509,1.9348712410676288,1.4066315540184908,1.8072973245960156
8483.904504776001,2.1268491503352456,1.9053678015291962,1.473150849664754,1.6689612866738004
8483.954721450806,2.033451503927442,1.9053678015291962,1.5665484960725575,1.6689612866738004
8484.00481414795,2.033451503927442,1.9053678015291962,1.5665484960725575,1.6689612866738004
8484.054934501648,2.1406136311097415,1.8986055018857042,1.4593863688902584,1.58033252522518
8484.10470199585,2.0916719871302134,1.8956493116828752,1.5083280128697862,1.5544613406966317
8484.15469956398,2.0916719871302134,1.8956493116828752,1.5083280128697862,1.5544613406966317
8484.204532623291,2.0916719871302134,1.7653611016195214,1.5083280128697862,1.6575768944101135
8484.25477361679,2.149984162554052,1.7249903726751585,1.450015837445948,1.768316046257709
8484.30474948883,2.149984162554052,1.7249903726751585,1.450015837445948,1.768316046257709
8484.354721546173,2.149984162554052,1.7249903726751585,1.450015837445948,1.768316046257709
8484.40470957756,2.08701019745508,2.0252116007870464,1.5129898025449195,1.6952173157822366
8484.454836845398,2.08701019745508,2.0252116007870464,1.5129898025449195,1.6952173157822366
8484.504873514175,2.08701019745508,2.0252116007870464,1.5129898025449195,1.6952173157822366
8484.554696321487,2.136988522923698,2.079880246689484,1.463011477076302,1.6100042917053754
8484.604745864868,2.1256690727602736,2.079880246689484,1.474330927239726,1.6100042917053754
8484.654821872711,2.1256690727602736,2.079880246689484,1.474330927239726,1.6100042917053754
8484.704595088959,2.1354512700571298,1.7490412682320495,1.4645487299428699,1.654014082752727
8484.754705190659,2.1354512700571298,1.7490412682320495,1.4645487299428699,1.654014082752727
8484.804888486862,2.1354512700571298,1.7490412682320495,1.4645487299428699,1.654014082752727
8484.854531526566,2.0870671210766556,1.81694181014339,1.5129328789233438,1.6637143194835748
8484.904752731323,2.0870671210766556,1.81694181014339,1.5129328789233438,1.6637143194835748
8484.954711198807,2.0870671210766556,1.81694181014339,1.5129328789233438,1.6637143194835748
8485.004549264908,2.0249143639350655,1.967243240997204,1.5750856360649341,1.5789611928093978
8485.054721593857,2.1004986818098916,1.9377496743410858,1.499501318190108,1.6128153297577579
8485.104683160782,2.100009048713278,1.8836985005453837,1.4999909512867218,1.6767389783838134
8485.154747724533,2.100009048713278,1.841083191878162,1.4999909512867218,1.6899260762779262
8485.204767227173,2.0427627691205688,1.7846037184166534,1.557237230879431,1.6641413909237985
8485.254907131195,2.0427627691205688,1.8007726443398342,1.557237230879431,1.6358164695039297
8485.3046169281,2.0427627691205688,1.8125154270859365,1.557237230879431,1.632050514714774
8485.354718208313,2.0427627691205688,1.7846516833590913,1.557237230879431,1.690471749483415
8485.404851198196,2.131200976902453,1.7991269755084796,1.4687990230975467,1.737624075762821
8485.454820394516,2.083241345293896,1.8114161274809653,1.5167586547061038,1.7535401344605899
8485.504596948624,2.13841177243604,1.794252454590047,1.4615882275639598,1.7291790161243181
8485.554760932922,2.13841177243604,1.8060653183524291,1.4615882275639598,1.6429657189981137
8485.604716539383,2.0818210280311917,1.8178918113826923,1.5181789719688081,1.554385878405666
8485.654624462128,2.0818210280311917,1.9215193182415682,1.5181789719688081,1.5466858069044456
8485.704537391663,2.0617342338662454,1.9567937418289274,1.538265766133754,1.516264822004155
8485.754698038101,2.0617342338662454,1.942028945605777,1.538265766133754,1.552967061728686
8485.804565906525,2.020860987282272,1.954289097519215,1.579139012717728,1.615185338305396
8485.854735851288,2.020860987282272,1.8989332934373007,1.579139012717728,1.6288402598072156
8485.904704332352,2.023085849181,1.9115135533864516,1.5769141508189997,1.6346262069095037
8485.954755544662,2.023759049664187,1.9234085510941226,1.5762409503358124,1.6212310518580269
8486.004532337189,2.064686743969818,1.8847030793704467,1.5353132560301814,1.6207497737082575
8486.054703474045,2.064686743969818,1.8843102834848597,1.5353132560301814,1.6502914364793084
8486.104722738266,2.0667631142437504,1.9613887589774621,1.533236885756249,1.6886463714477364
8486.154761314392,1.9953030229359707,2.1198166604615007,1.604696977064029,1.7422124726594785
8486.204726934433,1.9953030229359707,2.189304537622097,1.604696977064029,1.7224418991692532
8486.254771471024,1.9953030229359707,2.1587196160726414,1.604696977064029,1.691595211287296
8486.30470585823,1.9953030229359707,1.9917342508806946,1.604696977064029,1.6946717267012439
8486.354600667953,2.0639254886339318,1.7872910777917206,1.5360745113660677,1.7177704107085172
8486.404747962952,2.0639254886339318,1.5818606667586814,1.5360745113660677,1.7282871889347782
8486.454696416855,2.104305420255873,1.5401277704072707,1.4956945797441268,1.7053864271858314
8486.50475692749,2.1095415652006118,1.6767418061387316,1.490458434799388,1.690161328485691
8486.554610013962,2.0738429235066493,1.8604915502557198,1.5261570764933503,1.6166108158723413
8486.604590892792,2.0738429235066493,2.0408220373233212,1.5261570764933503,1.557903541594597
8486.654508113861,2.079423731981438,2.11571732816601,1.5205762680185617,1.5610374069702098
8486.704786539078,2.0562569023023,2.0798951518207938,1.5437430976977,1.571859111421995
8486.754673957825,2.0363528137910762,2.06575195306552,1.5636471862089234,1.6397499144197796
8486.80498456955,2.0363528137910762,2.030757719209239,1.5636471862089234,1.6891534006638989
8486.854577064514,2.0572287089088577,1.9653196384658023,1.542771291091142,1.696055786944997
8486.904748439789,2.0572287089088577,1.9950103730016804,1.542771291091142,1.72836886541995
8486.95466184616,2.0572287089088577,2.005042337300319,1.542771291091142,1.6867216731200907
8487.004706859589,2.1222099723037715,1.99687345847676,1.477790027696228,1.6525628342064724
8487.054605007172,2.1022307919653493,2.0520053006119365,1.4977692080346503,1.6619421591937247
8487.10475730896,2.1022307919653493,2.0548162590351167,1.4977692080346503,1.6377244407145872
8487.154882669449,2.088096227286111,1.994258909137957,1.5119037727138889,1.6177923970535526
8487.204624652863,2.0859837219062785,1.9212635381383585,1.514016278093721,1.646724062911813
8487.254613399506,2.042144506265922,1.9514839276085931,1.5578554937340778,1.6952340880938093
8487.304711341858,2.0749024801256986,1.9532577380327214,1.525097519874301,1.7279520850148575
8487.35461473465,2.0749024801256986,1.8955123776717602,1.525097519874301,1.7346314771449605
8487.404732465744,2.0749024801256986,1.842186549467693,1.525097519874301,1.6968962448886409
8487.454694747925,2.0749024801256986,1.8239426919804276,1.525097519874301,1.6376718937653796
8487.504659414291,2.1281625189527977,1.8193213764066551,1.4718374810472021,1.5987380788075387
8487.554639816284,2.09013285261564,1.865660141345324,1.50986714738436,1.6280162064557357
8487.604716777802,2.09013285261564,1.891153074659036,1.50986714738436,1.627546629726592
8487.6547498703,2.082000605607768,1.8998989119614813,1.5179993943922319,1.5925676493953598
8487.704868078232,2.0799975605151446,1.9032244201118584,1.520002439484855,1.6206120086590385
8487.754628419876,2.052909598063918,1.8593772524219097,1.5470904019360816,1.631233938916204
8487.804712295532,2.052909598063918,1.8368115809066774,1.5470904019360816,1.6165067511976998
8487.854704141617,2.059893609895693,1.8265454192103272,1.5401063901043066,1.6004520568197216
8487.90469956398,2.082779104853481,1.9130318195512768,1.5172208951465187,1.6434594266275853
8487.954558134079,2.104395306284816,1.9722182189544752,1.4956046937151837,1.6720532896278009
8488.004725933075,2.104395306284816,1.9453694523020046,1.4956046937151837,1.639773590165056
8488.054592370987,2.1216973220140956,1.924072550558214,1.478302677985904,1.6245110450259483
8488.10473036766,2.116537916371321,1.9267072129809253,1.4834620836286787,1.6100835711266388
8488.154572248459,2.1037086080434673,1.9867495434962532,1.4962913919565326,1.5995661846580191
8488.204692363739,2.1037086080434673,2.0518347121769005,1.4962913919565326,1.6061182367246896
8488.254713058472,2.1037086080434673,2.067316597610491,1.4962913919565326,1.6017810230532246
8488.304971694946,2.14582652946124,2.0304389617120426,1.4541734705387594,1.6008927771477326
8488.354523658752,2.118495773802077,1.8945125515917016,1.4815042261979225,1.6214524203191432
8488.40470123291,2.118495773802077,1.777130691134658,1.4815042261979225,1.5819298300856435
8488.45452618599,2.118495773802077,1.8609131534412753,1.4815042261979225,1.5707790299974125
8488.504480361938,2.0957015966868298,1.9270756182497233,1.5042984033131699,1.5393104783793299
8488.554485559464,2.083823488340234,2.0357088924917752,1.5161765116597659,1.5463670575177673
8488.604744672775,2.083823488340234,1.982657401649545,1.5161765116597659,1.5291295816633703
8488.654727220535,2.083823488340234,1.9245858367282358,1.5161765116597659,1.5812202442932226
8488.704692840576,2.083823488340234,1.8667140260695771,1.5161765116597659,1.6377666288345372
8488.75452375412,2.1790755341585473,1.884302224708534,1.4209244658414526,1.65404150582776
8488.80479979515,2.1790755341585473,1.9117275211785805,1.4209244658414526,1.6460721696523148
8488.854796409607,2.1790755341585473,1.9220110559549775,1.4209244658414526,1.610392210666203
8488.9046626091,2.1790755341585473,1.9393210500748221,1.4209244658414526,1.5721148578347672
8488.954521894455,2.1790755341585473,1.9342236265041088,1.4209244658414526,1.5087605402954307
8489.004720687866,2.1790755341585473,1.936894216936743,1.4209244658414526,1.4745436270029981
8489.05479812622,2.1301421023907054,1.9493112607485945,1.4698578976092942,1.4938130769368998
8489.104643821716,2.1301421023907054,1.9782550684340081,1.4698578976092942,1.562420334574115
8489.154657125473,2.1301421023907054,1.9680981284997683,1.4698578976092942,1.608472392376613
8489.204729795456,2.1301421023907054,1.9496185224040206,1.4698578976092942,1.6373355598746602
8489.254740715027,2.1301421023907054,1.8962720289510675,1.4698578976092942,1.6469563035308907
8489.304592609406,2.1301421023907054,1.904787218142111,1.4698578976092942,1.6250454016258569
8489.354798555374,2.1301421023907054,1.929388931596956,1.4698578976092942,1.6102274833105894
8489.404743671417,0.0,1.9517268840806539,0.0,1.601050030397757
8489.454770565033,0.0,1.9466097439886398,0.0,1.6430962125804607
8489.504621267319,0.0,0.9283047295413471,0.0,0.9347983103518457
8489.554744720459,0.0,-0.16892710768692293,0.0,0.19344987695901766
8489.604764938354,0.0,-0.6576452759868356,0.0,-0.11032439151231346
8489.654711961746,0.0,-0.5852314892280025,0.0,-0.11745444835599864
8489.704598426819,0.19954586029052734,-0.27645518125419344,0.19954586029052734,-0.03472361872092462
8489.755042791367,0.4013233184814453,0.0002679038358049668,0.4013233184814453,0.016605431165114967
8489.804906368256,0.6007776260375977,0.14194272547885123,0.6007776260375977,0.1018077698919115
8489.85458445549,0.7994899749755859,0.30021880122396116,0.7994899749755859,0.38311399582289235
8489.904610872269,0.9995956420898438,0.4265381707633952,0.9995956420898438,0.6602285750982615
8489.954699516296,1.1999502182006836,0.590591326256469,1.1999502182006836,0.8970150035003703
8490.00476360321,1.4002065658569336,0.7696732955812962,1.298232543120268,1.0561434607999283
8490.054993629456,1.6011266708374023,0.945006821547969,1.2819336673998976,1.2110537069307599
8490.104617595673,1.7996225357055664,1.15637813114942,1.2631279566822848,1.3516443983531057
8490.154693841934,1.9999275207519531,1.3595400456326754,1.2631279566822848,1.411570935814955
8490.204753398895,2.2001657485961914,1.4805873466874677,1.2620006006522484,1.3476013860831422
8490.254708528519,2.3379993993477513,1.6546443927292414,1.2620006006522484,1.258341893734804
8490.304599523544,2.3353547594893502,1.7826183066846508,1.2646452405106494,1.2004817957337872
8490.354679107666,2.3353547594893502,1.9688584122448531,1.2646452405106494,1.269069737243277
8490.404858589172,2.3339859286691444,2.056309541942693,1.2660140713308552,1.3421497771910271
8490.454663991928,2.3339859286691444,2.053410101252324,1.2660140713308552,1.4094229470409672
8490.504698038101,2.3339859286691444,2.0520823270025943,1.2660140713308552,1.4708311723727365
8490.554702043533,2.3339859286691444,1.8941486979702624,1.2660140713308552,1.4478727400442974
8490.604707956314,2.3339859286691444,1.8165628828470533,1.2660140713308552,1.3833241446068651
8490.654773950577,2.3339859286691444,1.8386312693785891,1.2660140713308552,1.3330451959342038
8490.70489025116,0.0,1.847259916201756,0.0,1.295874730848203
8490.754741668701,0.0,1.8927547636039943,0.0,1.3071849451433168
8490.804716587067,0.0,0.95304707356958,0.0,0.7699618711222606
8490.85478234291,0.0,-0.14173306583642348,0.0,0.22139410760936962
8490.9048101902,0.0,-0.6416433437798479,0.0,-0.0023491279651958116
8490.954729318619,0.0,-0.6384746581602356,0.0,-0.07696889566315074
8491.004551410675,0.19928836822509766,-0.27850297958689674,0.19928836822509766,-0.04691510281658002
8491.05474114418,0.40004730224609375,-0.007122093275920421,0.40004730224609375,-0.016889437013968805
8491.104860544205,0.60052490234375,0.10545755338582902,0.60052490234375,0.049359669754229195
8491.154651641846,0.7996892929077148,0.25900106398551526,0.7996892929077148,0.3124444283733328
8491.204559803009,0.9993219375610352,0.48059924004426,0.9993219375610352,0.7235216655235435
8491.254724025726,1.1999788284301758,0.5532389256832028,1.1999788284301758,0.8221920822799769
8491.304772138596,1.4001712799072266,0.7395199432424435,1.2385470630575326,0.9464836345222198
8491.354632377625,1.5996122360229492,0.9474723039073369,1.2385470630575326,1.0366153583326316
8491.404509305954,1.7991199493408203,1.1660907303572638,1.2385470630575326,1.1813839673542395
8491.45493888855,2.000838279724121,1.4790908286989413,1.2385470630575326,1.2388619298836965
8491.50455546379,0.0,1.697433154226089,0.0,1.2736111634409921
8491.554555177689,0.0,1.7236550333742766,0.0,1.2564727397821245
8491.604474544525,0.0,0.39026569186162996,0.0,0.2813507139409949
8491.65478014946,0.0,-0.060098368772792565,0.0,0.028078443987689605
8491.704540491104,0.0,-0.4686688752826194,0.0,-0.107701484972171
8491.754623413086,0.0,-0.3905313797660878,0.0,-0.08184701674780798
8491.804474592209,0.0,-0.19925676242833892,0.0,-0.05637846400833685
8491.854728937149,0.0,-0.015183766924115022,0.0,-0.020296247043001262
8491.904936790466,0.0,0.05466478160282183,0.0,-0.007306648935480454
8491.954635858536,0.0,0.022847313834763315,0.0,-0.0026303936167729634
8492.05471777916,0.20006942749023438,0.002961011872985325,0.20006942749023438,-0.000340899012733776
8492.104733228683,0.4001312255859375,0.0010659642742747168,0.4001312255859375,-0.00012272364458415936
8492.154549121857,0.5993947982788086,0.13227520070290594,0.5993947982788086,0.12785560333766588
8492.204767465591,0.8002681732177734,0.3686423266475774,0.8002681732177734,0.3675792686129977
8492.25472521782,1.0000991821289062,0.5984061562256352,1.0000991821289062,0.5669771220201982
8492.304710626602,1.2000408172607422,0.8008712578977228,1.1250130645451883,0.7443178529470468
8492.354593992233,1.3995742797851562,0.9723862093388467,1.1250130645451883,0.9549653065775385
8492.405399084091,1.6027946472167969,1.1158968620908056,1.1250130645451883,1.1239544033732851
8492.454857587814,1.800628662109375,1.2615739350346968,1.1250130645451883,1.1759840683839384
8492.504691839218,0.0,1.4361176244555085,0.0,1.2003994764102102
8492.55459690094,0.0,1.6290627963115514,0.0,1.1868546860651707
8492.604759931564,0.0,1.0198439972437527,0.0,0.6620159360374165
8492.654861688614,0.0,0.07320592046393531,0.0,0.08831824466962163
8492.704797029495,0.0,-0.45837413582582387,0.0,-0.1295443495319657
8492.754603385925,0.0,-0.4990313064338414,0.0,-0.14980233503126045
8492.804725885391,0.0,-0.21991321365648442,0.0,-0.0668051984944687
8492.854795217514,0.0,0.015871022329519043,0.0,-0.007893109513714754
8492.904870033264,0.0,0.10816644997088545,0.0,-0.0028415194249373113
8492.954654693604,0.0,0.05813064737566148,0.0,-0.001022946992977432
8493.004708766937,0.0,0.02092703305523813,0.0,-0.0003682609174718755
8508.404786586761,0.0,0.1033557578921318,0.0,0.1156317335367203
8508.454777956009,0.0,0.23218583315610886,0.0,0.22063849897384644
8508.504707813263,0.19971942901611328,0.30712045401334764,0.19971942901611328,0.32026065897178646
8508.554537534714,0.39903831481933594,0.37313944519758224,0.39903831481933594,0.4214183444186401
8508.604874372482,0.6003856658935547,0.517657307700634,0.6003856658935547,0.5837455947782165
8508.654726743698,0.7997951507568359,0.7032268123327446,0.7997951507568359,0.7927787933201397
8508.70467543602,0.9995899200439453,0.9087983826338799,0.9995899200439453,1.0032261550468495
8508.754771471024,1.1999740600585938,1.117078954918607,1.1999740600585938,1.1618410708919389
8508.804771661758,1.3999748229980469,1.3046303182638015,1.3999748229980469,1.3559886012941083
8508.85480093956,1.6000919342041016,1.4729580303357717,1.6000919342041016,1.5067995522428566
8508.904706001282,1.7997121810913086,1.614668763410807,1.7997121810913086,1.7000323295834905
8508.954792499542,2.000058174133301,1.7909948337310886,2.000058174133301,1.8948420152751178
8509.00477695465,2.199995994567871,1.9751543918216585,2.199995994567871,2.0853343486435736
8509.054806947708,2.400115966796875,2.169345910035289,2.400115966796875,2.255580184923918
8509.104999303818,2.6008853912353516,2.169345910035289,2.6008853912353516,2.255580184923918
8509.154693365097,2.799661636352539,2.169345910035289,2.799661636352539,2.255580184923918
8509.204720973969,2.999772071838379,2.169345910035289,2.999772071838379,2.255580184923918
8509.254863023758,3.2003402709960938,2.169345910035289,3.2003402709960938,2.255580184923918
8509.30474972725,3.3998870849609375,2.169345910035289,3.3998870849609375,2.255580184923918
8509.354732990265,3.599820137023926,2.852435507313003,3.599820137023926,2.8736839347866723
8509.404821634293,3.5999999999999996,2.852435507313003,3.5999999999999996,2.8736839347866723
8509.45447230339,3.5999999999999996,3.378143379802389,3.5999999999999996,3.3443283374990536
8509.504750728607,3.5999999999999996,3.378143379802389,3.5999999999999996,3.3443283374990536
8509.554819822311,3.5999999999999996,3.378143379802389,3.5999999999999996,3.3443283374990536
8509.604526758194,3.5999999999999996,3.659530737636703,3.5999999999999996,3.6736205648845712
8509.65475487709,3.5999999999999996,3.6308190456856595,3.5999999999999996,3.6345209736505915
8509.704716205597,3.5999999999999996,3.6308190456856595,3.5999999999999996,3.6345209736505915
8509.754509210587,3.5999999999999996,3.224373568170373,3.5999999999999996,3.3724823000687847
8509.804720163345,3.5999999999999996,3.224373568170373,3.5999999999999996,3.3724823000687847
8509.854945421219,3.5999999999999996,3.224373568170373,3.5999999999999996,3.3724823000687847
8509.904490470886,3.5999999999999996,3.1109446154603506,3.5999999999999996,3.1705811376008226
8509.954724311829,3.5999999999999996,3.134753815327236,3.5999999999999996,3.139350769199898
8510.004852056503,3.5999999999999996,3.134753815327236,3.5999999999999996,3.139350769199898
8510.054742097855,3.5999999999999996,3.335782697021033,3.5999999999999996,3.073735300502315
8510.104700565338,3.5999999999999996,3.335782697021033,3.5999999999999996,3.073735300502315
8510.154517650604,3.5999999999999996,3.433770644168447,3.5999999999999996,3.2898728201037915
8510.204623699188,3.5999999999999996,3.433770644168447,3.5999999999999996,3.2898728201037915
8510.254734754562,3.5999999999999996,3.433770644168447,3.5999999999999996,3.2898728201037915
8510.304799079895,3.5999999999999996,3.319797791656989,3.5999999999999996,3.297603087544762
8510.354794979095,3.5999999999999996,3.2236832842928997,3.5999999999999996,3.210366461825563
8510.404858589172,3.5999999999999996,3.2236832842928997,3.5999999999999996,3.210366461825563
8510.454686403275,3.5999999999999996,3.2236832842928997,3.5999999999999996,3.210366461825563
8510.504760503769,3.5999999999999996,3.233532508452978,3.5999999999999996,3.279967866578558
8510.55469584465,3.5999999999999996,3.266518449926523,3.5999999999999996,3.2860636247628086
8510.60487818718,3.5999999999999996,3.266518449926523,3.5999999999999996,3.2860636247628086
8510.654559373856,3.5999999999999996,3.384691639374357,3.5999999999999996,3.069565908527837
8510.704803705215,3.5999999999999996,3.419390299100078,3.5999999999999996,2.9131472923853785
8510.75479388237,3.5999999999999996,3.419390299100078,3.5999999999999996,2.9131472923853785
8510.804832220078,3.5999999999999996,3.419390299100078,3.5999999999999996,2.9131472923853785
8510.854484796524,3.5999999999999996,3.3502143887365428,3.5999999999999996,2.4216331654324774
8510.90474820137,3.5999999999999996,3.3502143887365428,3.5999999999999996,2.4216331654324774
8510.954770565033,3.5999999999999996,3.3502143887365428,3.5999999999999996,2.4216331654324774
8511.004713535309,3.5999999999999996,3.1761101882672955,3.5999999999999996,2.61698149109904
8511.054805517197,3.5999999999999996,3.1761101882672955,3.5999999999999996,2.61698149109904
8511.104792833328,3.5999999999999996,3.1761101882672955,3.5999999999999996,2.61698149109904
8511.154752492905,3.5999999999999996,2.293318489006267,3.5999999999999996,2.228115172955198
8511.204663276672,3.5999999999999996,2.1626378827161226,3.5999999999999996,2.0965451310710925
8511.254748344421,3.5999999999999996,2.1626378827161226,3.5999999999999996,2.0965451310710925
8511.30479502678,3.5999999999999996,2.1626378827161226,3.5999999999999996,2.0965451310710925
8511.354727745056,3.5999999999999996,2.068213467618693,3.5999999999999996,2.0471633234071893
8511.40471959114,3.5999999999999996,2.068213467618693,3.5999999999999996,2.0471633234071893
8511.454724311829,3.5999999999999996,2.068213467618693,3.5999999999999996,2.0471633234071893
8511.504747629166,3.5999999999999996,2.536167723089499,3.5999999999999996,2.362692954999979
8511.554709672928,3.5999999999999996,2.5157503736913456,3.5999999999999996,2.434872867383227
8511.604704380035,3.5999999999999996,2.5157503736913456,3.5999999999999996,2.434872867383227
8511.654531478882,3.5999999999999996,2.2770408205614996,3.5999999999999996,2.630527284396628
8511.70462179184,3.5999999999999996,2.26118241622606,3.5999999999999996,2.6316739479618905
8511.754714727402,3.5999999999999996,2.26118241622606,3.5999999999999996,2.6316739479618905
8511.80462026596,3.5999999999999996,2.2460551543016773,3.5999999999999996,2.8289925409633634
8511.854710102081,3.5999999999999996,2.2136638361089065,3.5999999999999996,2.833697062251999
8511.904952049255,3.5999999999999996,2.2136638361089065,3.5999999999999996,2.833697062251999
8511.954483509064,3.5999999999999996,1.2997311434399232,3.5999999999999996,1.3868732383959546
8512.00470161438,3.5999999999999996,0.9303183484823194,3.5999999999999996,0.8638038713403376
8512.054844141006,3.5999999999999996,0.9303183484823194,3.5999999999999996,0.8638038713403376
8512.104828596115,0.0,0.9303183484823194,0.0,0.8638038713403376
8512.154743671417,0.0,-0.08436051180845547,0.0,-0.11151303044925176
8512.20483136177,0.0,-0.08436051180845547,0.0,-0.11151303044925176
8512.254703760147,0.0,-0.08436051180845547,0.0,-0.11151303044925176
8512.304771900177,0.0,2.1249408356490918,0.0,2.351813045877938
8512.354482650757,0.0,1.5061893363084309,0.0,1.605803461515143
8512.404797792435,0.0,1.5061893363084309,0.0,1.605803461515143
8512.454614162445,0.0,-0.44387090918585825,0.0,-0.45037273110093007
8512.504791975021,0.0,-0.44387090918585825,0.0,-0.45037273110093007
8512.554736614227,0.0,-0.44387090918585825,0.0,-0.45037273110093007
8512.604598760605,0.0,-1.1235437996449875,0.0,-1.0607421007394742
8512.65473484993,0.0,-1.099595046476293,0.0,-1.0077634576940506
8512.704792261124,0.0,-1.099595046476293,0.0,-1.0077634576940506
8512.754539728165,0.0,0.018590764990302724,0.0,0.1602909199666385
8512.804718732834,0.0,0.018590764990302724,0.0,0.1602909199666385
8512.854715108871,-0.19998550415039062,0.018590764990302724,-0.19998550415039062,0.1602909199666385
8512.904657363892,-0.39975452423095703,0.29044573882108604,-0.39975452423095703,0.458032891799353
8512.954866170883,-0.6005897521972656,0.26010982471040295,-0.6005897521972656,0.33383637407382877
8513.004541397095,0.0,0.26010982471040295,0.0,0.33383637407382877
8513.054500579834,0.0,-0.4956718547835035,0.0,-0.5553999107257034
8513.104572296143,0.0,-0.4956718547835035,0.0,-0.5553999107257034
8513.154713392258,0.0,-0.8402178348857088,0.0,-0.7659992748512735
8513.204787015915,0.0,-0.8402178348857088,0.0,-0.7659992748512735
8513.254730463028,0.0,-0.8402178348857088,0.0,-0.7659992748512735
8513.304784297943,0.0,-0.8402178348857088,0.0,-0.7659992748512735
8513.354738473892,-0.19981670379638672,-0.8402178348857088,-0.19981670379638672,-0.7659992748512735
8513.404773712158,-0.39995765686035156,-0.8402178348857088,-0.39995765686035156,-0.7659992748512735
8513.45453619957,-0.5990076065063477,0.43803955697185454,-0.5990076065063477,0.40700522673249695
8513.504896402359,-0.8004484176635742,0.43803955697185454,-0.8004484176635742,0.40700522673249695
8513.554713964462,-0.9997186660766602,0.43803955697185454,-0.9997186660766602,0.40700522673249695
8513.60450911522,-1.198899269104004,0.020762206110400177,-1.198899269104004,-0.021200238908776738
8513.654699325562,-1.3996601104736328,0.020762206110400177,-1.3996601104736328,-0.021200238908776738
8513.704717159271,-1.5997314453125,0.020762206110400177,-1.5997314453125,-0.021200238908776738
8513.75452208519,-1.7989511489868164,-1.3436237448212989,-1.7989511489868164,-1.2085436860249794
8513.804693937302,-1.999638557434082,-1.3436237448212989,-1.999638557434082,-1.2085436860249794
8513.854732751846,-2.199793815612793,-1.3436237448212989,-2.199793815612793,-1.2085436860249794
8513.90453004837,-2.3989830017089844,-1.8468992559761632,-2.3989830017089844,-1.8384527693772297
8513.954741477966,-2.5998287200927734,-1.8019299416929977,-2.5998287200927734,-1.8443819243063917
8514.004880428314,-2.800384521484375,-1.8019299416929977,-2.800384521484375,-1.8443819243063917
8514.054534435272,-2.9990005493164062,-2.06266207519404,-2.9990005493164062,-2.2697961674781633
8514.104695796967,-3.19964599609375,-2.06266207519404,-3.19964599609375,-2.2697961674781633
8514.15487575531,-3.4003658294677734,-2.06266207519404,-3.4003658294677734,-2.2697961674781633
8514.204602479935,-3.5992727279663086,-2.720256542615214,-3.5992727279663086,-2.7470585181777274
8514.254917860031,-3.5999999999999996,-2.8031797739578,-3.5999999999999996,-2.7751354023495076
8514.304830551147,-3.5999999999999996,-2.8031797739578,-3.5999999999999996,-2.7751354023495076
8514.354532718658,-3.5999999999999996,-3.181982252305015,-3.5999999999999996,-3.259687929474963
8514.404703140259,-3.5999999999999996,-3.25254004794673,-3.5999999999999996,-3.350338714792522
8514.454785108566,-3.5999999999999996,-3.25254004794673,-3.5999999999999996,-3.350338714792522
8514.504499197006,-3.5999999999999996,-3.4445520959403817,-3.5999999999999996,-3.651232196992155
8514.554629325867,-3.5999999999999996,-3.4364220572773636,-3.5999999999999996,-3.6191312039527395
8514.604740858078,-3.5999999999999996,-3.4364220572773636,-3.5999999999999996,-3.6191312039527395
8514.654425382614,-3.5999999999999996,-3.442034855124856,-3.5999999999999996,-3.5711699330079467
8514.704725980759,-3.5999999999999996,-3.2738854566345816,-3.5999999999999996,-3.349837529415242
8514.75471162796,-3.5999999999999996,-3.2738854566345816,-3.5999999999999996,-3.349837529415242
8514.804686307907,-3.5999999999999996,-3.2738854566345816,-3.5999999999999996,-3.349837529415242
8514.854722738266,-3.5999999999999996,-3.3268571158990428,-3.5999999999999996,-3.279667585571387
8514.90472126007,-3.5999999999999996,-3.3268571158990428,-3.5999999999999996,-3.279667585571387
8514.954493761063,-3.5999999999999996,-3.3268571158990428,-3.5999999999999996,-3.279667585571387
8515.00450873375,-3.5999999999999996,-3.333289199989636,-3.5999999999999996,-3.1224960609279924
8515.054518938065,-3.5999999999999996,-3.3922958662229536,-3.5999999999999996,-3.1985245081425733
8515.104499578476,-3.5999999999999996,-3.4490942174266435,-3.5999999999999996,-3.2704615791226046
8515.154749155045,-3.5999999999999996,-3.439930153731743,-3.5999999999999996,-3.28618108031658
8515.204691886902,-3.5999999999999996,-3.2576526760425306,-3.5999999999999996,-3.3329886136785842
8515.25450539589,-3.5999999999999996,-3.2339732622722472,-3.5999999999999996,-3.311159344812375
8515.304604053497,-3.5999999999999996,-3.2552667609078774,-3.5999999999999996,-3.3017176338315517
8515.354750394821,-3.5999999999999996,-3.21223157469832,-3.5999999999999996,-3.2987636881451787
8515.404550552368,-3.5999999999999996,-3.284898373452674,-3.5999999999999996,-3.3734698161142225
8515.454764604568,-3.5999999999999996,-3.335940394270844,-3.5999999999999996,-3.4278859280821257
8515.5047249794,-3.5999999999999996,-3.329829561758671,-3.5999999999999996,-3.449416121838447
8515.554515123367,-3.5999999999999996,-3.305010242956388,-3.5999999999999996,-3.373341966032251
8515.604721546173,-3.5999999999999996,-3.2494350637307794,-3.5999999999999996,-3.2594112044665566
8515.654715776443,-3.5999999999999996,-3.1809844815246233,-3.5999999999999996,-3.2153877360615737
8515.704541683197,-3.5999999999999996,-3.2233575860325803,-3.5999999999999996,-3.2975185946104624
8515.75477719307,-3.5999999999999996,-3.2130486826776616,-3.5999999999999996,-3.3779197681717053
8515.80476641655,-3.5999999999999996,-3.230630802894085,-3.5999999999999996,-3.4432876640119066
8515.854612350464,-3.5999999999999996,-3.245007517737549,-3.5999999999999996,-3.4661340236744134
8515.90482544899,-3.5999999999999996,-3.285118685770893,-3.5999999999999996,-3.468507768633873
8515.954711914062,-3.5999999999999996,-3.3292319011481517,-3.5999999999999996,-3.482143231125919
8516.004543542862,-3.5999999999999996,-3.4230482589647258,-3.5999999999999996,-3.492880273303597
8516.054715394974,-3.5999999999999996,-3.4327058510105046,-3.5999999999999996,-3.4445398074774296
8516.104836940765,-3.5999999999999996,-3.430766524652966,-3.5999999999999996,-3.3519735606570844
8516.154534578323,-3.5999999999999996,-3.3559837037731395,-3.5999999999999996,-3.3116515256903103
8516.204713821411,-3.5999999999999996,-3.2265614304927297,-3.5999999999999996,-3.31039363066941
8516.254765748978,-3.5999999999999996,-3.146394773745083,-3.5999999999999996,-3.3167945978185753
8516.304504871368,-3.5999999999999996,-3.1471652666652954,-3.5999999999999996,-3.3364327777793843
8516.354638576508,-3.5999999999999996,-3.1837726287814885,-3.5999999999999996,-3.315544253446013
8516.40472650528,-3.5999999999999996,-3.326907886961922,-3.5999999999999996,-3.35492452354098
8516.454531431198,-3.5999999999999996,-3.4360113384365407,-3.5999999999999996,-3.398531562224143
8516.504718542099,-3.5999999999999996,-3.4281183520092737,-3.5999999999999996,-3.4062030098921467
8516.554725646973,-3.5999999999999996,-3.47559920927766,-3.5999999999999996,-3.463871547535172
8516.6044921875,-3.5999999999999996,-3.400790119102775,-3.5999999999999996,-3.4481698473531406
8516.654789686203,-3.5999999999999996,-3.363265518163864,-3.5999999999999996,-3.4210706067170524
8516.704740047455,-3.5999999999999996,-3.3743165220553486,-3.5999999999999996,-3.3535464875251946
8516.75454711914,-3.5999999999999996,-3.3797875363493493,-3.5999999999999996,-3.336167774403723
8516.80473279953,-3.5999999999999996,-3.318290686089916,-3.5999999999999996,-3.338623462368714
8516.854719638824,-3.5999999999999996,-3.310170069508239,-3.5999999999999996,-3.379411970943094
8516.904526233673,-3.5999999999999996,-3.3029480273148364,-3.5999999999999996,-3.4109836895596555
8516.954778194427,-3.5999999999999996,-3.341902428673063,-3.5999999999999996,-3.522776658987936
8517.004694461823,-3.5999999999999996,-3.3792202331327275,-3.5999999999999996,-3.4955967816076057
8517.054599761963,-3.5999999999999996,-3.416949095405443,-3.5999999999999996,-3.4272865779052273
8517.104766130447,-3.5999999999999996,-3.4135796482839478,-3.5999999999999996,-3.3911804602211753
8517.1547164917,-3.5999999999999996,-3.387052020626484,-3.5999999999999996,-3.3883022110104335
8517.204589366913,-3.5999999999999996,-3.4373295645227024,-3.5999999999999996,-3.4385715832867545
8517.254698753357,-3.5999999999999996,-3.4855253341308825,-3.5999999999999996,-3.482276476999223
8517.304695367813,-3.5999999999999996,-3.3956552759115075,-3.5999999999999996,-3.447707857220209
8517.354495048523,-3.5999999999999996,-3.2571845966090263,-3.5999999999999996,-3.413589179108919
8517.404735326767,-3.5999999999999996,-3.2373601001802506,-3.5999999999999996,-3.453787104936974
8517.454726457596,-3.5999999999999996,-3.2019408775199683,-3.5999999999999996,-3.4470982229659093
8517.504519462585,-3.5999999999999996,-3.269630249720665,-3.5999999999999996,-3.399661510322659
8517.554787158966,-3.5999999999999996,-3.413745862143702,-3.5999999999999996,-3.347438429284394
8517.604752063751,-3.5999999999999996,-3.405834706508207,-3.5999999999999996,-3.3197128633814934
8517.654513120651,-3.5999999999999996,-3.484720842319639,-3.5999999999999996,-3.467022595172806
8517.704639673233,-3.5999999999999996,-3.4132172690431757,-3.5999999999999996,-3.4276357808228792
8517.75479888916,-3.5999999999999996,-3.404218774793165,-3.5999999999999996,-3.4094094390338587
8517.804617881775,-3.5999999999999996,-3.445202625426394,-3.5999999999999996,-3.4142893870353435
8517.854838132858,-3.5999999999999996,-3.4416375481961046,-3.5999999999999996,-3.437740065563192
8517.90475487709,-3.5999999999999996,-3.38248682226698,-3.5999999999999996,-3.367223788943936
8517.954548835754,-3.5999999999999996,-3.3245710761760248,-3.5999999999999996,-3.3190763555695
8518.004628658295,-3.5999999999999996,-3.322964600256011,-3.5999999999999996,-3.317422543623306
8518.054717063904,-3.5999999999999996,-3.3408662455788583,-3.5999999999999996,-3.3522690944641553
8518.104516267776,-3.5999999999999996,-3.3663594523970364,-3.5999999999999996,-3.3850707917011875
8518.15473985672,-3.5999999999999996,-3.415086910721209,-3.5999999999999996,-3.390657240459815
8518.204528570175,-3.5999999999999996,-3.4807444107620458,-3.5999999999999996,-3.425650879115712
8518.254546165466,-3.5999999999999996,-3.4534145171695076,-3.5999999999999996,-3.408888128024847
8518.304747343063,-3.5999999999999996,-3.3801035872192307,-3.5999999999999996,-3.3667352485498823
8518.354706287384,-3.5999999999999996,-3.3768150517138644,-3.5999999999999996,-3.429337302011527
8518.40452671051,-3.5999999999999996,-3.3725164023206045,-3.5999999999999996,-3.496886181531767
8518.454699516296,-3.5999999999999996,-3.3780687077223805,-3.5999999999999996,-3.485934803854854
8518.504592180252,-3.5999999999999996,-3.39877244794534,-3.5999999999999996,-3.4703691828148715
8518.554548025131,-3.5999999999999996,-3.37089353429377,-3.5999999999999996,-3.445924521490234
8518.604561567307,-3.5999999999999996,-3.4446624861732715,-3.5999999999999996,-3.467194729210483
8518.654757261276,-3.5999999999999996,-3.536781795498452,-3.5999999999999996,-3.5310334634166534
8518.704516649246,-3.5999999999999996,-3.496416237715502,-3.5999999999999996,-3.5428388215797506
8518.75470495224,-3.5999999999999996,-3.439799628292424,-3.5999999999999996,-3.4918227230679046
8518.804505825043,-3.5999999999999996,-3.4294821363573917,-3.5999999999999996,-3.533609134024539
8518.854729175568,-3.5999999999999996,-3.3468726423461073,-3.5999999999999996,-3.5382039959667297
8518.904551744461,0.0,-3.2007094459681094,0.0,-3.442561183527881
8518.95472574234,0.0,-3.2270925988059656,0.0,-3.3981506374439387
8519.004480838776,0.0,-3.298320699309161,0.0,-3.430601284991293
8519.05471611023,0.0,-2.874153502669877,0.0,-2.9822964022483545
8519.104792833328,0.0,-0.8583410374713942,0.0,-0.9380207794878286
8519.154730558395,0.0,0.5243864324429153,0.0,0.4051214979419685
8519.204740047455,0.0,1.1713608360316226,0.0,1.133285486447677
8519.254714488983,0.0,1.1493381949433994,0.0,1.2587075985960476
8519.304701566696,0.0,0.6981682780564777,0.0,0.7961412134465805
8519.354714155197,0.0,0.13440509524396485,0.0,0.23543556929339993
8519.40471625328,0.0,-0.2424214975126335,0.0,-0.12818271136029952
8519.45460677147,0.0,-0.4010110055001169,0.0,-0.3039411683645644
8519.504588842392,0.0,-0.21687546695190502,0.0,-0.21659987796640676
8519.554556846619,0.0,-0.043496464758817535,0.0,-0.07041597338067156
8521.904808998108,-0.2011547088623047,5.0508432593002947e-23,-0.2011547088623047,-4.761187575636318e-22
8521.954530239105,-0.4000396728515625,1.818303573348106e-23,-0.4000396728515625,-1.7140275272290743e-22
8522.004695892334,-0.6007022857666016,-0.041579905152320865,-0.6007022857666016,-0.041579905152320865
8522.054556131363,0.0,-0.31807559359073645,0.0,-0.2750030790567398
8522.104720830917,0.0,-0.5729522882509233,0.0,-0.5289799488115311
8522.154504537582,0.0,-0.7744813124635697,0.0,-0.7478846830080033
8522.204733610153,0.0,-0.45740885518070035,0.0,-0.5123819236856728
8522.254498958588,0.0,-0.05193944745806206,0.0,-0.10083568736560447
8522.304765224457,0.0,0.196664366816709,0.0,0.16061731107957136
8522.354927778244,0.0,0.2661181057793723,0.0,0.2493030146167051
8522.404774665833,-0.1993875503540039,0.15124238746951196,-0.1993875503540039,0.16120491604466572
8522.45469713211,-0.3990774154663086,0.04520728040071788,-0.3990774154663086,0.04417380114362002
8522.504555225372,-0.5985097885131836,-0.01030808652043654,-0.5985097885131836,-0.02816502212298384
8522.554787397385,-0.7994384765625,-0.04083477237582394,-0.7994384765625,-0.08619885420091433
8522.604686260223,-0.9990339279174805,-0.409354314329348,-0.9990339279174805,-0.4239892215675324
8522.654489517212,-1.198246955871582,-0.6000461405952413,-1.198246955871582,-0.6544874710254506
8522.704701423645,-1.399094581604004,-0.7828892860331407,-1.399094581604004,-0.8561460472016085
8522.754729032516,-1.5992050170898438,-0.9386959693497994,-1.5992050170898438,-1.0373534928632455
8522.804512262344,-1.7983379364013672,-1.0988007672429054,-1.7983379364013672,-1.1754773773267033
8522.854722976685,-1.999180793762207,-1.2576156051564205,-1.999180793762207,-1.3481647652690707
8522.904770374298,-2.1993703842163086,-1.4506593081334112,-2.1993703842163086,-1.53381815251011
8522.954647541046,-2.398879051208496,-1.6700836920611457,-2.398879051208496,-1.7037168885337055
8523.004702329636,-2.5990982055664062,-1.867924550910201,-2.5990982055664062,-1.862334375801089
8523.054780721664,-2.7994117736816406,-2.056231982614782,-2.7994117736816406,-2.030269510229493
8523.104543685913,-2.9984636306762695,-2.2128117491386607,-2.9984636306762695,-2.1929743266153565
8523.154690265656,-3.199049949645996,-2.310730529174171,-3.199049949645996,-2.3392923728006445
8523.204836845398,-3.3996362686157227,-2.368219401482926,-3.3996362686157227,-2.4759414406553755
8523.254712581635,0.0,-2.5157551095643704,0.0,-2.6889766864276834
8523.304690361023,0.0,-2.7293236777457857,0.0,-2.8685529903994884
8523.354727745056,0.0,-2.649744310090778,0.0,-2.6905529359493334
8523.404744148254,0.0,-0.9625437610542192,0.0,-1.0047415933435087
8523.454729557037,0.0,0.29137876201169205,0.0,0.26493156046539823
8523.504795312881,0.0,0.8686029287642116,0.0,0.8259833029182087
8523.55474805832,0.0,0.8075926055597977,0.0,0.7799907817103147
8523.604737520218,0.0,0.39040879682020124,0.0,0.39175396181312844
8523.654493808746,0.0,-0.04240439912563883,0.0,0.04262565604031433
8523.704774618149,0.0,-0.25033063381035203,0.0,-0.12288484443004008
8523.75452375412,0.0,-0.2470379669277158,0.0,-0.1515953515843454
8523.804748773575,0.0,-0.10688562582641671,0.0,-0.07358228168937812
8523.854855298996,-0.2004261016845703,-0.03847882529751001,0.2004261016845703,-0.05028612092871636
8523.904692173004,-0.39977359771728516,-0.007692391669114368,0.39977359771728516,-0.03441464501883686
8523.95479440689,-0.6001825332641602,-0.050289148984680156,0.6001825332641602,0.02351464541876519
8524.004736185074,0.0,-0.3098865443104492,0.0,0.2676552678780229
8524.054736614227,0.0,-0.6297001729119058,0.0,0.4954120771516492
8524.104851007462,0.0,-0.770334392172589,0.0,0.609928110625096
8524.15471315384,0.0,-0.770334392172589,0.0,0.609928110625096
8524.20450758934,0.0,-0.770334392172589,0.0,0.609928110625096
8524.254920959473,0.0,-0.770334392172589,0.0,0.609928110625096
8524.304986953735,0.0,-0.770334392172589,0.0,0.609928110625096
8524.354490756989,-0.1980152130126953,0.4081831803604806,0.1980152130126953,-0.34360438506463836
8524.404825210571,-0.39935302734375,0.4081831803604806,0.39935302734375,-0.34360438506463836
8524.454834222794,-0.5993890762329102,0.4081831803604806,0.5993890762329102,-0.34360438506463836
8524.504509925842,-0.7980918884277344,0.043844157872799217,0.7980918884277344,-0.06153508236068782
8524.554786205292,-0.9991970062255859,0.043844157872799217,0.9991970062255859,-0.06153508236068782
8524.604563951492,-1.198307991027832,-1.1207150027772192,1.198307991027832,0.901608594331601
8524.654524564743,-1.3981504440307617,-1.2037277821076158,1.3981504440307617,1.0075840998133772
8524.704849481583,-1.5994501113891602,-1.2037277821076158,1.5994501113891602,1.0075840998133772
8524.75475025177,-1.7990531921386719,-1.2352767439721253,1.7990531921386719,1.1815810223506642
8524.8046002388,-1.998453140258789,-1.2352767439721253,1.998453140258789,1.1815810223506642
8524.85480594635,-2.1992759704589844,-1.2352767439721253,2.1992759704589844,1.1815810223506642
8524.904796600342,-2.3992385864257812,-1.1512096685113007,2.3992385864257812,1.2101680896965232
8524.95449924469,-2.5980491638183594,-1.2301407552922663,2.5980491638183594,1.310467056172345
8525.00485754013,-2.7994823455810547,-1.2301407552922663,2.7994823455810547,1.310467056172345
8525.054736852646,-2.99899959564209,-1.7306473019094808,2.99899959564209,1.7302913640124489
8525.104568958282,-3.1983280181884766,-1.7306473019094808,3.1983280181884766,1.7302913640124489
8525.15458035469,-3.398373603820801,-2.2818288801117097,3.398373603820801,2.1238849090113345
8525.204865455627,-3.5995140075683594,-2.2818288801117097,3.5995140075683594,2.1238849090113345
8525.254548549652,-3.5999999999999996,-2.2818288801117097,3.5999999999999996,2.1238849090113345
8525.304504871368,-3.5999999999999996,-2.8602144454839493,3.5999999999999996,2.7427166326540853
8525.354746818542,-3.5999999999999996,-2.82744606345431,3.5999999999999996,2.7758473887263624
8525.404621839523,-3.5999999999999996,-2.82744606345431,3.5999999999999996,2.7758473887263624
8525.4547393322,-3.5999999999999996,-2.82744606345431,3.5999999999999996,2.7758473887263624
8525.504713535309,-3.5999999999999996,-2.8856404629176913,3.5999999999999996,2.933840112014944
8525.554585933685,-3.5999999999999996,-2.8856404629176913,3.5999999999999996,2.933840112014944
8525.604861021042,-3.5999999999999996,-2.8856404629176913,3.5999999999999996,2.933840112014944
8525.65471816063,-3.5999999999999996,-2.835182695466208,3.5999999999999996,2.885292315944331
8525.70456814766,-3.5999999999999996,-2.835182695466208,3.5999999999999996,2.885292315944331
8525.754841566086,-3.5999999999999996,-2.835182695466208,3.5999999999999996,2.885292315944331
8525.80483675003,-3.5999999999999996,-2.835182695466208,3.5999999999999996,2.885292315944331
8525.854544639587,-3.5999999999999996,-2.6893510971615298,3.5999999999999996,2.6322912332200885
8525.904827833176,-3.5999999999999996,-2.6893510971615298,3.5999999999999996,2.6322912332200885
8525.954750537872,-3.5999999999999996,-2.6893510971615298,3.5999999999999996,2.6322912332200885
8526.004560709,-3.5999999999999996,-2.92739933809042,3.5999999999999996,2.8948912202335184
8526.054744005203,-3.5999999999999996,-2.92739933809042,3.5999999999999996,2.8948912202335184
8526.104852676392,-3.5999999999999996,-2.92739933809042,3.5999999999999996,2.8948912202335184
8526.154564857483,-3.5999999999999996,-3.1539036808043237,3.5999999999999996,3.345608535570165
8526.204716205597,-3.5999999999999996,-3.092219422914357,3.5999999999999996,3.2468422789348725
8526.254769086838,-3.5999999999999996,-3.092219422914357,3.5999999999999996,3.2468422789348725
8526.304537296295,-3.5999999999999996,-3.092219422914357,3.5999999999999996,3.2468422789348725
8526.354713916779,-3.5999999999999996,-2.7760178818080723,3.5999999999999996,2.738987598149535
8526.404779672623,-3.5999999999999996,-2.7760178818080723,3.5999999999999996,2.738987598149535
8526.454553604126,-3.5999999999999996,-2.7760178818080723,3.5999999999999996,2.738987598149535
8526.504702806473,-3.5999999999999996,-2.8222039784131443,3.5999999999999996,2.500387258502739
8526.554744720459,-3.5999999999999996,-2.8222039784131443,3.5999999999999996,2.500387258502739
8526.604492664337,-3.5999999999999996,-2.8222039784131443,3.5999999999999996,2.500387258502739
8526.654759168625,-3.5999999999999996,-2.9768529751504618,3.5999999999999996,2.601031618500331
8526.704745054245,-3.5999999999999996,-2.9768529751504618,3.5999999999999996,2.601031618500331
8526.75454878807,-3.5999999999999996,-2.9768529751504618,3.5999999999999996,2.601031618500331
8526.804651737213,-3.5999999999999996,-2.96191392652361,3.5999999999999996,2.756489557715579
8526.854744672775,-3.5999999999999996,-2.941385664416363,3.5999999999999996,2.765859128649428
8526.904519796371,-3.5999999999999996,-2.941385664416363,3.5999999999999996,2.765859128649428
8526.954724311829,-3.5999999999999996,-2.9713898033071784,3.5999999999999996,2.9068907144074516
8527.004822731018,-3.5999999999999996,-2.978537054668023,3.5999999999999996,2.872410657549195
8527.054612159729,-3.5999999999999996,-2.978537054668023,3.5999999999999996,2.872410657549195
8527.104646921158,-3.5999999999999996,-3.021339061543105,3.5999999999999996,2.9282668445263744
8527.154732704163,-3.5999999999999996,-3.0158487097530116,3.5999999999999996,2.9267413862797285
8527.20451426506,-3.5999999999999996,-3.0158487097530116,3.5999999999999996,2.9267413862797285
8527.254846096039,-3.5999999999999996,-3.0158487097530116,3.5999999999999996,2.9267413862797285
8527.304780244827,-3.5999999999999996,-2.8253623409254986,3.5999999999999996,2.8875972653888917
8527.354580402374,-3.5999999999999996,-2.8253623409254986,3.5999999999999996,2.8875972653888917
8527.404790639877,-3.5999999999999996,-2.8253623409254986,3.5999999999999996,2.8875972653888917
8527.454697608948,-3.5999999999999996,-2.905647895738399,3.5999999999999996,3.093945367189648
8527.504540205002,-3.5999999999999996,-2.905647895738399,3.5999999999999996,3.093945367189648
8527.55470943451,-3.5999999999999996,-2.905647895738399,3.5999999999999996,3.093945367189648
8527.60448551178,-3.5999999999999996,-3.058625019317687,3.5999999999999996,3.064800143557938
8527.654543161392,-3.5999999999999996,-3.058625019317687,3.5999999999999996,3.064800143557938
8527.704725027084,-3.5999999999999996,-3.058625019317687,3.5999999999999996,3.064800143557938
8527.754518985748,-3.5999999999999996,-3.1141950275810952,3.5999999999999996,2.8475060210260983
8527.804523468018,-3.5999999999999996,-3.0909661761708493,3.5999999999999996,2.8228450146694923
8527.854766607285,-3.5999999999999996,-3.0909661761708493,3.5999999999999996,2.8228450146694923
8527.904620885849,-3.5999999999999996,-3.078415272946814,3.5999999999999996,2.9223868142812512
8527.95452284813,-3.5999999999999996,-3.062106441447532,3.5999999999999996,2.95924926348025
8528.004748106003,-3.5999999999999996,-3.062106441447532,3.5999999999999996,2.95924926348025
8528.054849386215,-3.5999999999999996,-3.123881644430295,3.5999999999999996,3.2478981905779554
8528.104695796967,-3.5999999999999996,-3.1134101309910625,3.5999999999999996,3.2418739374638386
8528.154715061188,-3.5999999999999996,-3.1126573358221457,3.5999999999999996,3.19539903875696
8528.204499959946,-3.5999999999999996,-3.1126573358221457,3.5999999999999996,3.19539903875696
8528.254748106003,-3.5999999999999996,-3.1126573358221457,3.5999999999999996,3.19539903875696
8528.304487228394,0.0,-3.161726941853355,0.0,3.018862413132079
8528.3547270298,0.0,-3.161726941853355,0.0,3.018862413132079
8528.40473484993,0.0,-3.161726941853355,0.0,3.018862413132079
8528.454732179642,0.0,-3.1531132693057966,0.0,2.9330920893794294
8528.504866361618,0.0,-3.1531132693057966,0.0,2.9330920893794294
8528.554620742798,0.0,-3.1531132693057966,0.0,2.9330920893794294
8528.60477900505,0.0,0.8277755930052605,0.0,-0.7519212857382175
8528.6548371315,0.0,0.8277755930052605,0.0,-0.7519212857382175
8528.704833507538,0.0,0.8277755930052605,0.0,-0.7519212857382175
8528.754525184631,0.0,1.8336880610280688,0.0,-1.8424943914681564
8528.804782629013,0.0,1.262475866430608,0.0,-1.3326648730438884
8528.854852199554,0.0,1.262475866430608,0.0,-1.3326648730438884
8528.904626369476,0.0,-0.5850594268407963,0.0,0.5058476764523188
8528.95450425148,0.0,-0.5850594268407963,0.0,0.5058476764523188
8529.00485253334,0.0,-0.5850594268407963,0.0,0.5058476764523188
8529.05451798439,0.0,-0.7878124573547072,0.0,0.6409741814474269
8529.104832649231,0.0,-0.7471148406695381,0.0,0.6257479474270347
8529.154542684555,0.0,-0.7471148406695381,0.0,0.6257479474270347
8529.204691648483,0.0,0.19036219319417674,0.0,-0.18814397104842695
8529.254734754562,0.0,0.19036219319417674,0.0,-0.18814397104842695
8529.304722547531,0.0,0.19036219319417674,0.0,-0.18814397104842695
8529.354588031769,0.0,0.3513491399260972,0.0,-0.29390118500485984
8529.404584646225,0.19998645782470703,0.24677048159674486,-0.19998645782470703,-0.19432120907840114
8529.454887628555,0.4011983871459961,0.24677048159674486,-0.4011983871459961,-0.19432120907840114
8529.50468325615,0.6003808975219727,0.24677048159674486,-0.6003808975219727,-0.19432120907840114
8529.554668664932,0.0,0.17394735139163323,0.0,-0.2049278327302908
8529.604961633682,0.0,0.17394735139163323,0.0,-0.2049278327302908
8529.654895544052,0.0,0.17394735139163323,0.0,-0.2049278327302908
8529.70454621315,0.0,0.7293548348128074,0.0,-0.7711334118759128
8529.754773139954,0.0,0.7293548348128074,0.0,-0.7711334118759128
8529.804594039917,0.0,0.7293548348128074,0.0,-0.7711334118759128
8529.854771375656,0.0,-0.0756808337362907,0.0,0.09576718158932182
8529.904756307602,0.19993972778320312,-0.20248814325286757,-0.19993972778320312,0.21453995196468623
8529.954715251923,0.39977550506591797,-0.20248814325286757,-0.39977550506591797,0.21453995196468623
8530.004944086075,0.6006908416748047,-0.29666170868374475,-0.6006908416748047,0.24160211411639232
8530.054554224014,0.7991313934326172,0.07839161523664868,-0.7991313934326172,-0.11839180602720675
8530.104568481445,0.9991884231567383,0.4332092298334296,-0.9991884231567383,-0.4958419945743965
8530.154707193375,1.1997432708740234,0.7337752590155169,-1.1997432708740234,-0.8242325954523309
8530.204490423203,1.3988761901855469,0.9358344272223317,-1.3988761901855469,-1.0211735787231906
8530.254522562027,1.5990047454833984,1.0362743542950343,-1.5990047454833984,-1.0819652374591535
8530.304502248764,1.7989234924316406,1.1129678060899135,-1.7989234924316406,-1.1509527812959948
8530.354565382004,1.999176025390625,1.1662503756388412,-1.999176025390625,-1.1295685118637873
8530.404704093933,2.19973087310791,1.1848491118731728,-2.19973087310791,-1.1281900552631852
8530.454736471176,2.399860382080078,1.399440014785394,-2.399860382080078,-1.2076848781812022
8530.504942417145,2.60068416595459,1.4982896592771202,-2.60068416595459,-1.2568336985533137
8530.55471253395,2.799764633178711,1.7695150812125129,-2.799764633178711,-1.431823081870609
8530.604689836502,2.999673843383789,1.829766017424676,-2.999673843383789,-1.523558039820099
8530.654511451721,0.0,1.9433862527230785,0.0,-1.6999471685967102
8530.704590797424,0.0,2.0026970825202253,0.0,-1.9251827467089149
8530.754782438278,0.0,1.7362516542055721,0.0,-1.6748997855879755
8530.804920196533,0.0,0.2613095925371115,0.0,-0.28690122623555264
8530.854701757431,0.0,-0.6753486507134343,0.0,0.6308247170711313
8530.904721736908,0.0,-1.0486113970159305,0.0,1.0275377150248797
8530.954859256744,0.0,-0.7572632173780971,0.0,0.8129705458595029
8531.004844427109,0.0,-0.21340497160259628,0.0,0.3307011466817977
8531.054648399353,0.0,0.1972689408386812,0.0,-0.03263107031833214
8531.1047976017,0.0,0.3101545743343257,0.0,-0.13168921115488202
8531.154652357101,0.0,0.15584684749354205,0.0,-0.07681535169776818
8531.20477104187,0.0,0.019962333315286452,0.0,-0.01688539767967417
8531.25453543663,0.0,-0.06930451267707106,0.0,0.03763037274286716
8531.304749250412,0.0,-0.06109215634613427,0.0,0.035083192050476913
8531.354508161545,0.0,-0.021993176284608337,0.0,0.016468094125993267
8531.404708385468,0.20080089569091797,-0.007917543462459,-0.20080089569091797,0.005928513885357576
8531.454737901688,0.40091896057128906,-0.00285031564648524,-0.40091896057128906,0.002134264998728727
8531.504782915115,0.6010990142822266,-0.0010261136327346862,-0.6010990142822266,0.0007683353995423418
8531.554758310318,0.8010005950927734,0.14859512187120338,-0.8010005950927734,-0.10867479917853567
8531.60471868515,0.0,0.35640063907054786,0.0,-0.26690403572600896
8531.654730796814,0.0,0.5574088204813519,0.0,-0.4170823000140732
8531.704776525497,0.0,0.5635376993028827,0.0,-0.4525575307077555
8531.754786968231,0.0,0.33812261958172957,0.0,-0.2715345184246533
8531.804548501968,0.0,-0.1514970016352512,0.0,0.1317053064294851
8531.854640245438,0.0,-0.2780170363857333,0.0,0.23014372675138223
8531.904534578323,0.19957733154296875,-0.2317127030256027,-0.19957733154296875,0.20649497034019534
8531.954547166824,0.399627685546875,-0.10511043606386068,-0.399627685546875,0.09809018801522125
8532.004548549652,0.5996332168579102,-0.037839756982989844,-0.5996332168579102,0.035312467685479645
8532.054565429688,0.7997007369995117,0.15904303673119508,-0.7997007369995117,-0.12638188342888163
8532.104503631592,0.9994535446166992,0.3555739102955264,-0.9994535446166992,-0.32440267303218484
8532.15478682518,1.2005863189697266,0.4461917983410121,-1.2005863189697266,-0.4208362775959375
8532.204507827759,1.399470329284668,0.5998670476967245,-1.399470329284668,-0.5707231625348573
8532.254549980164,1.5996389389038086,0.67991153782466,-1.5996389389038086,-0.6277675276194898
8532.304738998413,1.8003950119018555,0.7272805952182946,-1.8003950119018555,-0.6560774591681295
8532.35465168953,2.0000457763671875,0.89398087465373,-2.0000457763671875,-0.7352889438546952
8532.404544830322,2.199618339538574,0.9488611543393571,-2.199618339538574,-0.7738125836895261
8532.45454621315,2.3996238708496094,1.2311460211704919,-2.3996238708496094,-0.9296397434339934
8532.504544496536,2.5996170043945312,1.3499624455510646,-2.5996170043945312,-1.0935805480181937
8532.55450129509,2.7994441986083984,1.4881357857420112,-2.7994441986083984,-1.3241682114779865
8532.604595184326,2.999819755554199,1.6341270390332006,-2.999819755554199,-1.4921110866992444
8532.654687166214,3.2001876831054688,1.75107676684309,-3.2001876831054688,-1.724124193138913
8532.704507350922,3.399468421936035,1.8666472157220206,-3.399468421936035,-1.8915447044183145
8532.754729032516,3.5999999999999996,2.1212635131018223,-3.5999999999999996,-2.0019917934349536
8532.804708242416,3.5999999999999996,2.414377005982525,-3.5999999999999996,-2.1676976841406117
8532.854530572891,3.5999999999999996,2.407672326119468,-3.5999999999999996,-2.4999713192599806
8532.904700279236,3.5999999999999996,2.4327251530951473,-3.5999999999999996,-2.804349206336181
8532.954566955566,3.5999999999999996,2.6986866909479934,-3.5999999999999996,-2.75688120691103
8533.004492282867,3.5999999999999996,3.0051043457346855,-3.5999999999999996,-2.5898918043427073
8533.05470085144,3.5999999999999996,2.819237791057504,-3.5999999999999996,-2.6605497263974813
8533.10482931137,3.5999999999999996,2.630784645994691,-3.5999999999999996,-2.871641590467937
8533.154540538788,3.5999999999999996,2.62921346258647,-3.5999999999999996,-2.842324879505103
8533.204737901688,3.5999999999999996,2.736614865177369,-3.5999999999999996,-2.738990016009044
8533.254738330841,3.5999999999999996,2.638142457764207,-3.5999999999999996,-2.6873580457779047
8533.304520130157,3.5999999999999996,2.5456532732823582,-3.5999999999999996,-2.66252284438654
8533.354704141617,3.5999999999999996,2.553543070418087,-3.5999999999999996,-2.657304553477445
8533.404691934586,3.5999999999999996,2.4682729027733017,-3.5999999999999996,-2.761837092025928
8533.454540252686,3.5999999999999996,2.515738446071081,-3.5999999999999996,-2.863970968836732
8533.504739522934,3.5999999999999996,2.872923130472064,-3.5999999999999996,-2.812760963576145
8533.55474114418,3.5999999999999996,2.9395074682281828,-3.5999999999999996,-2.718265505267539
8533.6045627594,3.5999999999999996,2.7638302792375,-3.5999999999999996,-2.794785756456861
8533.654782056808,3.5999999999999996,2.7809462314581173,-3.5999999999999996,-2.7233126325325996
8533.704777002335,3.5999999999999996,2.859637161459993,-3.5999999999999996,-2.519210549458867
8533.754585027695,3.5999999999999996,2.7691398503580515,-3.5999999999999996,-2.479591758409146
8533.804510354996,3.5999999999999996,2.4478001408095107,-3.5999999999999996,-2.8325935822065125
8533.854714870453,3.5999999999999996,2.676881363832293,-3.5999999999999996,-2.9852699501992026
8533.904533863068,3.5999999999999996,3.041949347559215,-3.5999999999999996,-2.9085517143135338
8533.954689502716,3.5999999999999996,3.0339133343351845,-3.5999999999999996,-2.8693630390736486
8534.004716396332,3.5999999999999996,2.6519171119184364,-3.5999999999999996,-3.036659992696274
8534.054469823837,3.5999999999999996,2.599974894062915,-3.5999999999999996,-3.1875453318219527
8534.104769945145,3.5999999999999996,2.8694564378987213,-3.5999999999999996,-2.9853480073831493
8534.154763936996,3.5999999999999996,3.040814609887497,-3.5999999999999996,-2.8204159383662466
8534.204690933228,0.0,2.7711950176581013,0.0,-2.845697056461141
8534.254713058472,0.0,2.507407188425932,0.0,-2.95642380638436
8534.304514884949,0.0,2.6337210822142865,0.0,-2.84725877543753
8534.354704141617,0.0,1.4396353586210382,0.0,-1.243467576147791
8534.404782295227,0.0,-0.1722902870645438,0.0,0.3747381519645419
8534.454798698425,0.0,-1.0915983492065782,0.0,1.227071195293783
8534.504531621933,0.0,-1.1928447952483647,0.0,1.282555252116675
8534.554809570312,0.0,-0.6343298877697428,0.0,0.7265007179266529
8534.604718923569,0.0,0.013802596613601226,0.0,0.020709457324253916
8534.654742479324,0.0,0.39415681911164596,0.0,-0.3966458026195857
8534.7047457695,0.0,0.4356211574768569,0.0,-0.3618865907296643
8534.754690408707,0.0,0.19553450740202236,0.0,-0.11747256279367582
8534.80451464653,0.0,-0.03842124016228689,0.0,0.05144113918407544
8534.85451412201,-0.1999979019165039,-0.1379615199725987,0.1999979019165039,0.10694540335034294
8534.904752731323,-0.4009523391723633,-0.12888119544367177,0.4009523391723633,0.07155103803263294
8534.954493045807,-0.5999135971069336,-0.09181527900974816,0.5999135971069336,0.06040829415530987
8535.004692554474,0.0,-0.2949867973623784,0.0,0.2799842893913187
8535.054547309875,0.0,-0.5685637830459396,0.0,0.5603482439458893
8535.104758024216,0.0,-0.7726090158973928,0.0,0.7944330232503602
8535.154664993286,0.0,-0.4555468300624416,0.0,0.513405974763486
8535.25474858284,0.0,0.2463592930219743,0.0,-0.21759755571574194
8535.304693698883,0.0,0.2953094807952228,0.0,-0.3060650557037242
8535.354777812958,-0.20033645629882812,0.17145326081596313,0.20033645629882812,-0.18641324149689845
8535.404751062393,-0.40022945404052734,0.034003238118943555,0.40022945404052734,-0.042622823099929465
8535.45472407341,-0.6001214981079102,-0.10074529341318954,0.6001214981079102,0.07286061903930724
8535.504713535309,-0.800079345703125,-0.37626397237107306,0.800079345703125,0.34852736971770654
8535.55477976799,-1.0003442764282227,-0.5523202024397558,1.0003442764282227,0.5523568527054605
8535.604749679565,-1.2002239227294922,-0.6581730748116007,1.2002239227294922,0.6886412430817539
8535.654690742493,-1.3999881744384766,-0.7217639841401231,1.3999881744384766,0.7543540786152358
8535.704726219177,-1.6001300811767578,-0.747780059257638,1.6001300811767578,0.8548542400757769
8535.754749774933,-1.8002243041992188,-0.7973685483263104,1.8002243041992188,1.0106617334089387
8535.804783344269,-2.0003585815429688,-0.9415560991809191,2.0003585815429688,1.128997873876156
8535.854563951492,-2.1994810104370117,-1.1133442937581095,2.1994810104370117,1.224731733183978
8535.904742002487,-2.400193214416504,-1.2970818741052754,2.400193214416504,1.3057653843573038
8535.954788446426,-2.60037899017334,-1.4545254872892883,2.60037899017334,1.4246008374408952
8536.004682064056,-2.7999534606933594,-1.564588905572459,2.7999534606933594,1.570904869250634
8536.054645299911,-2.9998064041137695,-1.7039273838518494,2.9998064041137695,1.7380790013356848
8536.104528188705,-3.199337959289551,-1.81502242542452,3.199337959289551,1.9355548750740472
8536.154721975327,-3.400113105773926,-1.9907329642432203,3.400113105773926,2.0488845967548674
8536.204770088196,-3.5999999999999996,-2.190160580765865,3.5999999999999996,2.1257969449745744
8536.254586696625,-3.5999999999999996,-2.4780619214683757,3.5999999999999996,2.3855061492850407
8536.304783582687,-3.5999999999999996,-2.670210144664406,3.5999999999999996,2.5113943467687374
8536.354517698288,-3.5999999999999996,-2.7716006261392447,3.5999999999999996,2.633825871353774
8536.404873132706,-3.5999999999999996,-2.7672981294018273,3.5999999999999996,2.648993420483623
8536.454519033432,-3.5999999999999996,-2.7170412971504536,3.5999999999999996,2.6465336684758496
8536.504731178284,-3.5999999999999996,-2.6322402155611995,3.5999999999999996,2.5469411160126336
8536.554727554321,-3.5999999999999996,-2.5933097456531793,3.5999999999999996,2.546004541358054
8536.604605913162,-3.5999999999999996,-2.6043115993012336,3.5999999999999996,2.5736197594311356
8536.654688119888,-3.5999999999999996,-2.672771959531403,3.5999999999999996,2.569451635962958
8536.704812526703,-3.5999999999999996,-2.7503185280661926,3.5999999999999996,2.625158600528086
8536.754617452621,-3.5999999999999996,-2.8112420848071986,3.5999999999999996,2.5649234053560654
8536.804675340652,-3.5999999999999996,-2.8246338872096683,3.5999999999999996,2.6009729908848485
8536.854568481445,-3.5999999999999996,-2.785872515725437,3.5999999999999996,2.5898854568104035
8536.904754638672,-3.5999999999999996,-2.7173920643403564,3.5999999999999996,2.6121867931306393
8536.954671621323,-3.5999999999999996,-2.677215963795463,3.5999999999999996,2.654255381932975
8537.00471663475,-3.5999999999999996,-2.684362045596128,3.5999999999999996,2.6507064265171723
8537.05466723442,-3.5999999999999996,-2.7099116057169743,3.5999999999999996,2.6739991007623685
8537.1047270298,-3.5999999999999996,-2.722201278567754,3.5999999999999996,2.7082194482699973
8537.154521942139,-3.5999999999999996,-2.7711622562743816,3.5999999999999996,2.607663154438112
8537.204698562622,-3.5999999999999996,-2.802102779629383,3.5999999999999996,2.6822777604466586
8537.254714250565,-3.5999999999999996,-2.794261990290601,3.5999999999999996,2.793088694169733
8537.30448627472,-3.5999999999999996,-2.794202749121804,3.5999999999999996,2.8416804575042534
8537.354807138443,-3.5999999999999996,-2.868692654677136,3.5999999999999996,2.758192614428399
8537.404733896255,-3.5999999999999996,-2.9336578720717084,3.5999999999999996,2.8329328044815774
8537.454641580582,-3.5999999999999996,-2.9090404751506496,3.5999999999999996,2.83212355177035
8537.5047082901,-3.5999999999999996,-2.9420929614045757,3.5999999999999996,2.8138879086986663
8537.554762125015,-3.5999999999999996,-2.9390768765212965,3.5999999999999996,2.8041339044481095
8537.604683876038,-3.5999999999999996,-2.9916397866774274,3.5999999999999996,2.7976372668043226
8537.654691457748,-3.5999999999999996,-3.055929722923112,3.5999999999999996,2.812905193408565
8537.704783678055,-3.5999999999999996,-3.0831762537496346,3.5999999999999996,2.8040360454464803
8537.754737615585,-3.5999999999999996,-3.0863322204996484,3.5999999999999996,2.826430791988785
8537.80471086502,-3.5999999999999996,-3.0734841175073147,3.5999999999999996,2.8624390391259724
8537.854505777359,-3.5999999999999996,-3.062012773055807,3.5999999999999996,2.9594064388662336
8537.90450167656,-3.5999999999999996,-3.0779640273924977,3.5999999999999996,2.9406400048967516
8537.954540967941,-3.5999999999999996,-3.0922864674333206,3.5999999999999996,2.9513299819553964
8538.004752874374,-3.5999999999999996,-3.1177359723616886,3.5999999999999996,2.8862095578929807
8538.0546875,-3.5999999999999996,-3.10206350458512,3.5999999999999996,2.8257832779081236
8538.104818820953,-3.5999999999999996,-3.107644007585702,3.5999999999999996,2.7588700814339484
8538.154740571976,-3.5999999999999996,-3.0897712252076595,3.5999999999999996,2.783109096168028
8538.204733371735,-3.5999999999999996,-3.088933871085744,3.5999999999999996,2.7878222897572087
8538.254748821259,-3.5999999999999996,-3.085334408007372,3.5999999999999996,2.831084772405246
8538.304546356201,-3.5999999999999996,-3.078614073177209,3.5999999999999996,2.8314090172495434
8538.35472035408,0.0,-3.0890163983750454,0.0,2.8782488107697723
8538.40451002121,0.0,-3.0839574863617933,0.0,2.9113481807714665
8538.454590797424,0.0,-2.712898969534826,0.0,2.6216536605837093
8538.50473022461,0.0,-0.6426184127809256,0.0,0.7127958766632847
8538.554718732834,0.0,0.8009477728576071,0.0,-0.7112073052401459
8538.604687452316,0.0,1.2025873043765047,0.0,-1.1759100084951561
8538.654696941376,0.0,0.7344002608762772,0.0,-0.7931852075618877
8538.704814910889,0.0,0.04779899794363704,0.0,-0.14879499628528498
8538.754732131958,0.0,-0.34724923844872574,0.0,0.2671815702162342
8538.80469751358,0.0,-0.30488130435611727,0.0,0.24772100653083887
8538.854892015457,0.0,-0.07998745853399963,0.0,0.06961254956423675
8538.904744386673,0.0,0.06927454841841794,0.0,-0.020393291358592146
8538.954664230347,0.0,0.0773934860445602,0.0,-0.02781169149080826
8539.00480222702,0.0,0.02786165497604167,0.0,-0.006316217673897432
8539.054766893387,0.0,0.010030195791375,0.0,-0.0022738383626030754
8547.004736661911,-0.19956207275390625,7.951806169413156e-75,0.19956207275390625,-1.8026688906255963e-75
8547.054701566696,-0.39942169189453125,2.862650220988736e-75,0.39942169189453125,-6.489608006252146e-76
8547.10452580452,-0.5987186431884766,1.0305540795559448e-75,0.5987186431884766,-2.3362588822507725e-76
8547.154694795609,-0.7993946075439453,-0.04850988835096359,0.7993946075439453,0.034649920463562016
8547.204500198364,0.0,-0.2817269465327263,0.0,0.19912153434753418
8547.254710674286,0.0,-0.49608312014341355,0.0,0.36627527696609496
8547.304600000381,0.0,-0.6716087602267264,0.0,0.5673375581123352
8547.354744195938,0.0,-0.371386075950489,0.0,0.3593804507047386
8547.454597473145,0.0,0.1970746473989759,0.0,-0.1440137787571229
8547.504538536072,-0.19976425170898438,0.28012577020604157,0.19976425170898438,-0.23181131233849564
8547.554683446884,-0.4003438949584961,0.21133733030609633,0.4003438949584961,-0.19010597914485372
8547.604833841324,-0.6009454727172852,0.0879086108766282,0.6009454727172852,-0.0832221175433215
8547.654584407806,-0.7999477386474609,-0.04818631821528849,0.7999477386474609,0.04721233909603299
8547.70469713211,-1.0003986358642578,-0.34393831949349324,1.0003986358642578,0.3170695841262687
8547.754755735397,-1.2006330490112305,-0.5250968653950074,1.2006330490112305,0.5006401445847732
8547.804509162903,-1.3996467590332031,-0.7201707035802288,1.3996467590332031,0.7477955769477793
8547.85480594635,-1.6008338928222656,-0.7964738084257537,1.6008338928222656,0.8583616477600995
8547.904746294022,-1.8005952835083008,-0.88566394353083,1.8005952835083008,0.9470561049825763
8547.95473241806,-2.000539779663086,-1.0025770892054007,2.000539779663086,1.0816107595841937
8548.004799842834,-2.2008094787597656,-1.079715146383653,2.2008094787597656,1.1548552992868932
8548.054632663727,-2.4001407623291016,-1.2486314393619333,2.4001407623291016,1.2539539557550614
8548.104567527771,-2.5998802185058594,-1.4341194635941852,2.5998802185058594,1.3641854508586264
8548.154700517654,-2.800412178039551,-1.6113313486450052,2.800412178039551,1.52361889304641
8548.204721212387,-3.000494956970215,-1.7890949219562935,3.000494956970215,1.6821415315458408
8548.254516363144,-3.1996755599975586,-1.9739710558688044,3.1996755599975586,1.813104134454342
8548.304731845856,-3.4005374908447266,-2.1384473253215095,3.4005374908447266,2.0152728682711167
8548.354688882828,-3.5999999999999996,-2.292122397741964,3.5999999999999996,2.1335490700943867
8548.404509067535,-3.5999999999999996,-2.4701098372654764,3.5999999999999996,2.2730807456020212
8548.454694747925,-3.5999999999999996,-2.618095675830244,3.5999999999999996,2.482315082286967
8548.504697561264,-3.5999999999999996,-2.71676086892755,3.5999999999999996,2.5419886799818894
8548.554547309875,-3.5999999999999996,-2.8541191465022724,3.5999999999999996,2.747292748409508
8548.604803562164,-3.5999999999999996,-2.8862708871255838,3.5999999999999996,2.7436418073122493
8548.654706954956,-3.5999999999999996,-2.8578264307269046,3.5999999999999996,2.7409756256369873
8548.704734802246,-3.5999999999999996,-2.8383749052746983,3.5999999999999996,2.67123631262403
8548.754899263382,-3.5999999999999996,-2.8233890435050926,3.5999999999999996,2.6235106025586887
8548.804762840271,-3.5999999999999996,-2.8312997019631028,3.5999999999999996,2.5930237782400978
8548.854512929916,-3.5999999999999996,-2.8341475103977567,3.5999999999999996,2.539470749344902
8548.90472984314,-3.5999999999999996,-2.8452627578264442,3.5999999999999996,2.585222572295598
8548.954698085785,-3.5999999999999996,-2.8632777089674226,3.5999999999999996,2.6256049049647086
8549.004522562027,-3.5999999999999996,-2.882915137581788,3.5999999999999996,2.6509916724950586
8549.054652452469,-3.5999999999999996,-2.8909271186731202,3.5999999999999996,2.7045244148560945
8549.10471200943,-3.5999999999999996,-2.9272733459285,3.5999999999999996,2.717402187747547
8549.154571533203,-3.5999999999999996,-2.9472008298424877,3.5999999999999996,2.7931444338903866
8549.204704523087,-3.5999999999999996,-2.940723744055796,3.5999999999999996,2.796026566932656
8549.254719495773,-3.5999999999999996,-2.9467207456902864,3.5999999999999996,2.833424231759331
8549.3045835495,-3.5999999999999996,-2.9555324506262375,3.5999999999999996,2.816284544951303
8549.354798078537,-3.5999999999999996,-2.959979612523297,3.5999999999999996,2.813618624575108
8549.404686689377,-3.5999999999999996,-2.973150662980311,3.5999999999999996,2.7927783886315236
8549.45457291603,-3.5999999999999996,-2.9916584059244986,3.5999999999999996,2.848221531858032
8549.504754304886,-3.5999999999999996,-2.973040641474006,3.5999999999999996,2.862858788257832
8549.55477976799,-3.5999999999999996,-2.9718822030284207,3.5999999999999996,2.921128669769524
8549.60471534729,-3.5999999999999996,-2.967584435512717,3.5999999999999996,2.9576290176120845
8549.654700994492,-3.5999999999999996,-2.973687986506258,3.5999999999999996,3.0020372483423037
8549.704713582993,-3.5999999999999996,-2.9545962786578777,3.5999999999999996,2.9781075053199775
8549.754784107208,-3.5999999999999996,-2.9583676424945704,3.5999999999999996,2.9694928693575138
8549.804838895798,-3.5999999999999996,-2.941933184885692,3.5999999999999996,2.909781841080277
8549.854691505432,-3.5999999999999996,-2.941833993204967,3.5999999999999996,2.900987196317037
8549.904700517654,-3.5999999999999996,-2.957236097005082,3.5999999999999996,2.917156837588806
8549.954750537872,-3.5999999999999996,-2.9979041263152624,3.5999999999999996,2.934245012595508
8550.004740476608,-3.5999999999999996,-3.0750808851011797,3.5999999999999996,2.99628012027535
8550.054681062698,-3.5999999999999996,-3.1024248681120996,3.5999999999999996,3.001922039068897
8550.104640483856,-3.5999999999999996,-3.084340062939826,3.5999999999999996,3.1109432900165186
8550.154745340347,-3.5999999999999996,-3.067148797704114,3.5999999999999996,3.160608920724916
8550.204505205154,-3.5999999999999996,-3.006933863041401,3.5999999999999996,3.1144637655991536
8550.254877090454,-3.5999999999999996,-2.94250377240572,3.5999999999999996,3.0227944561879
8550.30457496643,-3.5999999999999996,-2.887793570361591,3.5999999999999996,2.9023691216363963
8550.35472869873,-3.5999999999999996,-2.894401961422702,3.5999999999999996,2.8065102028580116
8550.404750585556,-3.5999999999999996,-2.9140782691920064,3.5999999999999996,2.701481482782302
8550.454723119736,-3.5999999999999996,-2.9570867563921546,3.5999999999999996,2.7341906290286797
8550.50458240509,-3.5999999999999996,-3.0273358754743933,3.5999999999999996,2.7532669422996285
8550.554776191711,-3.5999999999999996,-3.0679780935918024,3.5999999999999996,2.845533098625144
8550.604782819748,-3.5999999999999996,-3.084340811813166,3.5999999999999996,2.8592298480917218
8550.654498815536,-3.5999999999999996,-3.0987442401805962,3.5999999999999996,2.9542358655827954
8550.704540729523,-3.5999999999999996,-3.111169016400318,3.5999999999999996,2.9715134217416423
8550.75455570221,-3.5999999999999996,-3.106616228594544,3.5999999999999996,3.0032102411058608
8550.80466914177,-3.5999999999999996,-3.0876060854580984,3.5999999999999996,2.9771992878341815
8550.854502916336,0.0,-3.075440177840721,0.0,2.9811409371933033
8550.904782056808,0.0,-3.0493280349455114,0.0,2.93998202530768
8550.954523324966,0.0,-3.0282975384574593,0.0,2.972917020970201
8551.004702091217,0.0,-1.5787208728128002,0.0,1.6245885732127245
8551.05473446846,0.0,0.2771185069513324,0.0,-0.16529218403030577
8551.104549646378,0.0,1.3255562721216203,0.0,-1.2345441390783638
8551.154715299606,0.0,1.680047443098671,0.0,-1.6260971668855326
8551.204707622528,0.0,1.2115510239315677,0.0,-1.309217943316554
8551.254586458206,0.0,0.3909194320718997,0.0,-0.5125657213565785
8551.304754018784,0.0,-0.319641696800689,0.0,0.22661842848645172
8551.354809999466,0.0,-0.714994380732739,0.0,0.6315035055129046
8551.404730796814,0.0,-0.6379372560478559,0.0,0.5985666416900747
8551.45477938652,0.0,-0.2833914429007999,0.0,0.2730561644846461
8551.504724264145,0.0,0.027043102858339635,0.0,-0.001491548978772364
8551.554745912552,0.0,0.23193852019710837,0.0,-0.1987899311888766
8551.604535102844,0.0,0.2697758290019161,0.0,-0.2511895555916507
8551.65473484993,0.0,0.16763881431269145,0.0,-0.14365051658140704
8551.70452427864,0.0,0.05369718880503474,0.0,-0.055705856577827034
8551.754717111588,0.0,-0.024946742614332086,0.0,-0.005146530734160002
8551.804553985596,0.0,-0.05862083465822574,0.0,0.025781893444064216
8551.854686021805,0.0,-0.018442386737947594,0.0,0.009281481639863117
8552.354589939117,-0.1995830535888672,-6.742828792685252e-07,0.1995830535888672,3.3934567433875056e-07
8552.40484547615,-0.4006052017211914,-2.4274183653666907e-07,0.4006052017211914,1.221644427619502e-07
8552.454692840576,-0.5999946594238281,-8.738706115320085e-08,0.5999946594238281,4.397919939430207e-08
8552.504690408707,0.0,-0.17065841244460203,0.0,0.13341727230700673
8552.554547309875,0.0,-0.4592735324626007,0.0,0.37135553732068355
8552.604692697525,0.0,-0.6485553486701788,0.0,0.598159145264212
8552.654692173004,0.0,-0.40670819801891833,0.0,0.3847274187618674
8552.704813241959,0.0,-0.07946064477373951,0.0,0.06077943352153948
8552.754578113556,0.0,0.14032561157270745,0.0,-0.1492191614843927
8552.804692983627,0.0,0.24871475425049477,0.0,-0.257460425930173
8552.854810714722,-0.2004709243774414,0.21594021890169912,0.2004709243774414,-0.2097747626198354
8552.90465927124,-0.39986515045166016,0.09437044026949358,0.39986515045166016,-0.09215087645505747
8552.954749584198,-0.6002264022827148,0.01534556232392198,0.6002264022827148,-0.026521531176286504
8553.004939556122,-0.8009862899780273,-0.21268693012297368,0.8009862899780273,0.15431544753370852
8553.054788351059,-1.0003814697265625,-0.4617635085664995,1.0003814697265625,0.374166489502638
8553.104660749435,0.0,-0.643904791157823,0.0,0.585758737633532
8553.154556035995,0.0,-0.7993918177657299,0.0,0.7543393714105746
8553.204494953156,0.0,-0.8498657435359825,0.0,0.8131089190080998
8553.254704475403,0.0,-0.6904826220339156,0.0,0.7065223990476812
8553.30452132225,0.0,-0.06157079421754896,0.0,0.1365383366142518
8553.354538917542,0.0,0.3109001991154806,0.0,-0.2623756152607868
8553.40474820137,0.0,0.4726030711055538,0.0,-0.43978164871518144
8553.45470547676,0.0,0.41002115906670356,0.0,-0.426671690750066
8553.504663228989,0.0,0.19897654149435043,0.0,-0.23646700513646968
8553.554760694504,0.0,0.018409277773506913,0.0,-0.026583618100712164
8553.604981422424,0.0,-0.06070397989990445,0.0,0.053422445532239876
8553.654698848724,0.0,-0.030925411988647455,0.0,0.0665519697582331
8557.654697418213,0.0,-0.01663196235895157,0.0,-8.473306880611153e-31
8557.704897642136,0.0,-0.01663196235895157,0.0,-8.473306880611153e-31
8557.754836082458,0.0,-0.01663196235895157,0.0,-8.473306880611153e-31
8557.804756641388,0.0,-0.014394291843080522,0.0,-3.953306058217939e-32
8557.854734420776,0.0,-0.014394291843080522,0.0,-3.953306058217939e-32
8557.904729604721,0.0,-0.014394291843080522,0.0,-3.953306058217939e-32
8557.954679012299,0.0,-0.024943145223577552,0.0,-1.8444544745221614e-33
8558.004871845245,0.0,-0.024943145223577552,0.0,-1.8444544745221614e-33
8558.054491758347,0.0,-0.050643861449487404,0.0,0.008315981179475785
8558.104567050934,0.0,-0.06257721195025884,0.0,0.0157198865711689
8558.154622793198,0.0,-0.08543010972371884,0.0,0.013453871856331826
8558.204743862152,0.0,-0.08293799115676395,0.0,0.008072323113799094
8558.254697799683,0.0,-0.08293799115676395,0.0,0.008072323113799094
8558.304491519928,0.0,-0.08293799115676395,0.0,0.008072323113799094
8558.354726552963,0.0,-0.08293799115676395,0.0,0.008072323113799094
8558.40460896492,0.0,-0.08293799115676395,0.0,0.008072323113799094
8558.454547166824,0.0,-0.019394673045165567,0.0,4.8810251012784385e-05
8558.504708051682,0.0,-0.02443062045317127,0.0,-0.008499924685087597
8558.55524134636,0.0,-0.02443062045317127,0.0,-0.008499924685087597
8561.454540491104,-0.19935321807861328,-3.3335968705048715e-26,0.19935321807861328,9.369764047808758e-26
8561.504491090775,-0.3991556167602539,-1.2000948733817537e-26,0.3991556167602539,3.3731150572111526e-26
8561.55452990532,-0.5993108749389648,-4.320341544174313e-27,0.5993108749389648,1.214321420596015e-26
8561.604640483856,0.0,-0.18241301625967027,0.0,0.14281310796737673
8561.65456867218,0.0,-0.4232558504939079,0.0,0.35910400090217587
8561.70476603508,0.0,-0.6354097484183312,0.0,0.586158832326889
8561.754537820816,0.0,-0.6380383840310098,0.0,0.6606224776799774
8561.804595947266,0.0,-0.19304190696266366,0.0,0.24195128580314976
8561.85478067398,0.0,0.1388664241278634,0.0,-0.05057321703296998
8561.904765605927,0.0,0.30545885070482964,0.0,-0.2550454868645505
8561.954618930817,-0.19941329956054688,0.3021922798311236,0.19941329956054688,-0.3048334169544352
8562.00471496582,-0.3997974395751953,0.17179876788337908,0.3997974395751953,-0.17967956119147202
8562.05484199524,-0.6003055572509766,0.03789753278689342,0.6003055572509766,-0.06202352828991625
8562.104520559311,-0.7990198135375977,-0.2613215855577108,0.7990198135375977,0.18549428777499602
8562.15465927124,-0.9995746612548828,-0.49975098652190625,0.9995746612548828,0.4443624009964595
8562.204708576202,-1.1997718811035156,-0.5726805143924236,1.1997718811035156,0.6119120212892675
8562.254509687424,-1.3989763259887695,-0.6399265317930585,1.3989763259887695,0.7538416442573065
8562.304566383362,-1.599203109741211,-0.6814323302083185,1.599203109741211,0.808927967213392
8562.354700088501,-1.7997379302978516,-0.7655633891572822,1.7997379302978516,0.8849750592933178
8562.404740571976,-1.9998998641967773,-0.8214335514885283,1.9998998641967773,0.9891614354119092
8562.454523801804,-2.199032783508301,-0.9724856927555356,2.199032783508301,1.1293331469225427
8562.504806280136,-2.400162696838379,-1.16705676726919,2.400162696838379,1.3086774904177503
8562.554624557495,-2.599435806274414,-1.329247696920949,2.599435806274414,1.4940961322300166
8562.604584693909,-2.799276351928711,-1.5655941571204846,2.799276351928711,1.6675174136559676
8562.65471959114,-2.9998159408569336,-1.7711368848827713,2.9998159408569336,1.8023919260358992
8562.704756975174,-3.199965476989746,-1.941299187539121,3.199965476989746,1.9240847252317492
8562.754639148712,-3.399494171142578,-2.0874355747931364,3.399494171142578,2.0486172421875555
8562.804823875427,-3.5999999999999996,-2.2197804396617355,3.5999999999999996,2.1457815259970294
8562.854725122452,-3.5999999999999996,-2.4196709517932393,3.5999999999999996,2.2499538692335035
8562.904530763626,-3.5999999999999996,-2.545472173367612,3.5999999999999996,2.4505770933329964
8562.954755783081,-3.5999999999999996,-2.697695704153063,3.5999999999999996,2.64348979705691
8563.004791021347,-3.5999999999999996,-2.835280656284409,3.5999999999999996,2.640133022954892
8563.054584503174,-3.5999999999999996,-2.9216062067030615,3.5999999999999996,2.598547253498136
8563.104521989822,-3.5999999999999996,-2.7892650493209574,3.5999999999999996,2.782655017409284
8563.154519796371,-3.5999999999999996,-2.6673314951023466,3.5999999999999996,2.668278299629769
8563.204732894897,-3.5999999999999996,-2.673160432705939,3.5999999999999996,2.640464546001006
8563.254801034927,-3.5999999999999996,-2.5795563056556445,3.5999999999999996,2.540147650133239
8563.304698467255,-3.5999999999999996,-2.6069187925274866,3.5999999999999996,2.635912771662712
8563.354487657547,-3.5999999999999996,-2.684054720616902,3.5999999999999996,2.7149084314014815
8563.404745578766,-3.5999999999999996,-2.7885441499530907,3.5999999999999996,2.7151900734057297
8563.454708337784,-3.5999999999999996,-2.8495483869640696,3.5999999999999996,2.704341175754676
8563.504518032074,-3.5999999999999996,-2.9377694994663193,3.5999999999999996,2.7123531289910865
8563.554766178131,-3.5999999999999996,-2.91897902908653,3.5999999999999996,2.728289353133177
8563.604717969894,-3.5999999999999996,-2.949634670783179,3.5999999999999996,2.814565520418368
8563.654506921768,-3.5999999999999996,-2.9346273659118762,3.5999999999999996,2.9403717497346458
8563.70475769043,-3.5999999999999996,-2.9301202458780553,3.5999999999999996,3.0070320789584275
8563.754724740982,-3.5999999999999996,-2.8512758027067733,3.5999999999999996,2.938079882546738
8563.804530382156,-3.5999999999999996,-2.8575590375858884,3.5999999999999996,2.846935957271269
8563.854698181152,-3.5999999999999996,-2.8912784358429313,3.5999999999999996,2.701053770636944
8563.904740810394,-3.5999999999999996,-2.9193847692215704,3.5999999999999996,2.6415075703580717
8563.95457983017,-3.5999999999999996,-2.9445699018074607,3.5999999999999996,2.612219733385546
8564.004713535309,-3.5999999999999996,-2.94894310814739,3.5999999999999996,2.656718932052244
8564.054526090622,-3.5999999999999996,-2.979357012448075,3.5999999999999996,2.6696554764961444
8564.104516744614,-3.5999999999999996,-2.9568844538941486,3.5999999999999996,2.708498065883705
8564.154639720917,-3.5999999999999996,-2.959191385579628,3.5999999999999996,2.7140971798472844
8564.204580068588,-3.5999999999999996,-2.9426948012134515,3.5999999999999996,2.746033271984097
8564.254638671875,-3.5999999999999996,-2.9829204004247574,3.5999999999999996,2.7498539689192185
8564.304698705673,-3.5999999999999996,-2.981869942709431,3.5999999999999996,2.744951939690435
8564.354709625244,-3.5999999999999996,-2.996179010903105,3.5999999999999996,2.7702588997274606
8564.404509305954,-3.5999999999999996,-2.9634591054088824,3.5999999999999996,2.7315330444093933
8564.454643249512,-3.5999999999999996,-2.965781358879815,3.5999999999999996,2.792620065390458
8564.504742145538,-3.5999999999999996,-2.9760801177032032,3.5999999999999996,2.802545438735267
8564.554721355438,-3.5999999999999996,-2.992508274822494,3.5999999999999996,2.844521969745844
8564.604486227036,-3.5999999999999996,-2.9594624599846817,3.5999999999999996,2.8558576191152176
8564.654569625854,0.0,-2.9774422846209747,0.0,2.8670066339260947
8564.704495191574,0.0,-3.013775842260304,0.0,2.8661415580208285
8564.75473165512,0.0,-2.530091916395777,0.0,2.303231986878938
8564.804654598236,0.0,-0.48406792472251176,0.0,0.43748995036552896
8564.854731082916,0.0,0.8444432039602474,0.0,-0.815654123888002
8564.904710769653,0.0,1.1867728478745416,0.0,-1.106154086017222
8564.95451927185,0.0,0.35106591015654126,0.0,-0.27377719363957637
8565.004732131958,0.0,0.044319931445105765,0.0,0.0020532984650731556
8565.054731369019,0.0,-0.2783866251945912,0.0,0.23828056529056887
8565.104765892029,0.0,-0.14406420187737054,0.0,0.09781937611064383
8565.204718589783,0.0,0.019882372279986925,0.0,-0.004206631851890143
8570.904776334763,0.19973182678222656,6.753956984664054e-54,-0.19973182678222656,-1.428974881764081e-54
8570.954493999481,0.3986024856567383,6.753956984664054e-54,-0.3986024856567383,-1.428974881764081e-54
8571.004563570023,0.5988807678222656,3.1511261707648603e-55,-0.5988807678222656,-6.6670252083584955e-56
8571.05493092537,0.8003501892089844,1.890675702458916e-55,-0.8003501892089844,-4.0002151250150973e-56
8571.154510259628,0.0,0.35958300473451615,0.0,-0.2927510323047638
8571.204549074173,0.0,0.35958300473451615,0.0,-0.2927510323047638
8571.25483083725,0.0,0.35958300473451615,0.0,-0.2927510323047638
8571.304895401001,0.0,0.35958300473451615,0.0,-0.2927510323047638
8571.354669570923,0.0,0.09158080079577811,0.0,-0.012330379596451491
8571.40472149849,0.20020771026611328,0.054948480477466866,-0.20020771026611328,0.005075744011342783
8571.454882383347,0.4008512496948242,0.054948480477466866,-0.4008512496948242,0.005075744011342783
8571.50466132164,0.5999670028686523,-0.0996759736887398,-0.5999670028686523,0.05104231562086234
8571.554743766785,0.8002967834472656,-0.0996759736887398,-0.8002967834472656,0.05104231562086234
8571.604569196701,0.999598503112793,-0.0996759736887398,-0.999598503112793,0.05104231562086234
8571.654868841171,1.2007970809936523,0.28307473828802143,-1.2007970809936523,-0.2206294188346653
8571.704738378525,1.4002752304077148,0.36175208789354346,-1.4002752304077148,-0.29016804989851647
8571.754765510559,1.6003837585449219,0.36175208789354346,-1.6003837585449219,-0.29016804989851647
8571.804616451263,1.7997875213623047,0.9707977640121641,-1.7997875213623047,-0.8470398811629376
8571.854719400406,2.000199317932129,1.065597514360515,-2.000199317932129,-0.9477829115468837
8571.904836177826,2.2006664276123047,1.065597514360515,-2.2006664276123047,-0.9477829115468837
8571.95461320877,2.3997745513916016,1.3924911427024835,-2.3997745513916016,-1.41367871795619
8572.004705905914,2.6001453399658203,1.3924911427024835,-2.6001453399658203,-1.41367871795619
8572.054735660553,2.800264358520508,1.3924911427024835,-2.800264358520508,-1.41367871795619
8572.104854822159,3.0007410049438477,1.3924911427024835,-3.0007410049438477,-1.41367871795619
8572.15451002121,3.199361801147461,1.454019950161876,-3.199361801147461,-1.801962110961139
8572.204738616943,3.4002761840820312,1.454019950161876,-3.4002761840820312,-1.801962110961139
8572.254734516144,3.5999999999999996,1.454019950161876,-3.5999999999999996,-1.801962110961139
8572.304745197296,3.5999999999999996,1.995692470829389,-3.5999999999999996,-2.2884972133960204
8572.354738235474,3.5999999999999996,1.995692470829389,-3.5999999999999996,-2.2884972133960204
8572.404739379883,3.5999999999999996,1.995692470829389,-3.5999999999999996,-2.2884972133960204
8572.454711914062,3.5999999999999996,2.74507912067338,-3.5999999999999996,-2.613162882549484
8572.504789352417,3.5999999999999996,2.666659081386114,-3.5999999999999996,-2.656206493033719
8572.554706573486,3.5999999999999996,2.666659081386114,-3.5999999999999996,-2.656206493033719
8572.604932069778,3.5999999999999996,2.666659081386114,-3.5999999999999996,-2.656206493033719
8572.654525279999,3.5999999999999996,3.0199772279095614,-3.5999999999999996,-2.8551070233584133
8572.704792022705,3.5999999999999996,3.0199772279095614,-3.5999999999999996,-2.8551070233584133
8572.754886865616,3.5999999999999996,3.0199772279095614,-3.5999999999999996,-2.8551070233584133
8572.804519891739,3.5999999999999996,3.0755738109480584,-3.5999999999999996,-2.5551492763884998
8572.854857206345,3.5999999999999996,3.0755738109480584,-3.5999999999999996,-2.5551492763884998
8572.904829740524,3.5999999999999996,3.0755738109480584,-3.5999999999999996,-2.5551492763884998
8572.95460820198,3.5999999999999996,2.7206003192730313,-3.5999999999999996,-2.7789576320949316
8573.004728078842,3.5999999999999996,2.7206003192730313,-3.5999999999999996,-2.7789576320949316
8573.054490327835,3.5999999999999996,2.662894165441234,-3.5999999999999996,-2.6287377227971414
8573.104796409607,3.5999999999999996,2.69374012704184,-3.5999999999999996,-2.7286860674398814
8573.154523849487,3.5999999999999996,2.9210571646212133,-3.5999999999999996,-2.4136847294998147
8573.204942464828,3.5999999999999996,2.9210571646212133,-3.5999999999999996,-2.4136847294998147
8573.254886627197,3.5999999999999996,2.9210571646212133,-3.5999999999999996,-2.4136847294998147
8573.304762363434,3.5999999999999996,2.9210571646212133,-3.5999999999999996,-2.4136847294998147
8573.35471701622,3.5999999999999996,2.9210571646212133,-3.5999999999999996,-2.4136847294998147
8573.404908418655,3.5999999999999996,2.9210571646212133,-3.5999999999999996,-2.4136847294998147
8573.454523324966,3.5999999999999996,2.6125642796052744,-3.5999999999999996,-2.647528500258807
8573.504725933075,3.5999999999999996,2.6125642796052744,-3.5999999999999996,-2.647528500258807
8573.554686307907,3.5999999999999996,2.6125642796052744,-3.5999999999999996,-2.647528500258807
8573.60451388359,3.5999999999999996,2.5456037453869906,-3.5999999999999996,-2.8131059426133485
8573.65453505516,3.5999999999999996,2.5456037453869906,-3.5999999999999996,-2.8131059426133485
8573.704766988754,0.0,2.5456037453869906,0.0,-2.8131059426133485
8573.754500865936,0.0,2.991175562825977,0.0,-2.8042652889097157
8573.804691791534,0.0,2.9802656356615893,0.0,-2.7700335195067183
8573.854877710342,0.0,2.9802656356615893,0.0,-2.7700335195067183
8573.904551267624,0.0,1.0538142160643547,0.0,-1.034716716032516
8573.954728364944,0.0,0.2283694646399861,0.0,-0.1693910781271999
8574.004892349243,0.0,0.2283694646399861,0.0,-0.1693910781271999
8574.054847717285,0.0,0.2283694646399861,0.0,-0.1693910781271999
8574.104539394379,0.0,-1.4119323599460725,0.0,1.3461317094753362
8574.154728889465,0.0,-1.4119323599460725,0.0,1.3461317094753362
8574.204817533493,0.0,-1.4119323599460725,0.0,1.3461317094753362
8574.254560709,0.0,-0.07685973637474695,0.0,0.06354909960238739
8574.304766893387,0.0,-0.07685973637474695,0.0,0.06354909960238739
8574.354708909988,0.0,-0.07685973637474695,0.0,0.06354909960238739
8574.404517173767,0.0,0.11960046091995308,0.0,-0.10280774756903875
8574.454727888107,0.0,0.11960046091995308,0.0,-0.10280774756903875
8574.50451540947,0.0,0.11960046091995308,0.0,-0.10280774756903875
8574.554699897766,0.0,-0.012033960125665351,0.0,0.004897459629132446
8574.60495853424,0.0,-0.012033960125665351,0.0,0.004897459629132446
8574.654809951782,0.0,-0.012033960125665351,0.0,0.004897459629132446
8574.704577207565,0.0,0.4345045126879955,0.0,-0.40898719064052647
8574.754803180695,0.0,0.4345045126879955,0.0,-0.40898719064052647
8574.804852724075,0.0,0.4345045126879955,0.0,-0.40898719064052647
8574.854833364487,0.0,0.03596220950273233,0.0,-0.0262306986067149
8574.90490269661,-0.20027732849121094,0.021577325701639397,0.20027732849121094,-0.01573841916402894
8574.954712629318,-0.3995170593261719,0.021577325701639397,0.3995170593261719,-0.01573841916402894
8575.004817008972,-0.5999345779418945,-0.16130846411568264,0.5999345779418945,0.12783559370734848
8575.054543972015,0.0,-0.3927413547179067,0.0,0.3381148560358235
8575.104727268219,0.0,-0.6056355449250089,0.0,0.5064258235757285
8575.154519796371,0.0,-0.7407475857504874,0.0,0.6210802647375369
8575.204709291458,0.0,-0.6363663118565799,0.0,0.5511547131384601
8575.254504680634,0.0,-0.12949810429756833,0.0,0.10099992464942417
8575.304802894592,0.0,0.19574005840654973,0.0,-0.16511482783211703
8575.354548692703,0.0,0.3581140593472808,0.0,-0.30710830612678564
8575.404700994492,-0.2006092071533203,0.31959631463707766,0.2006092071533203,-0.27356168505084244
8575.454750299454,-0.4008064270019531,0.15494727672632197,0.4008064270019531,-0.12710605353664778
8575.50472354889,-0.6006994247436523,0.0022261026435935194,0.6006994247436523,-0.02790654077727111
8575.554731607437,-0.8007316589355469,-0.2981119042777833,0.8007316589355469,0.18306919470573008
8575.604708194733,-1.0006380081176758,-0.5383652860931332,1.0006380081176758,0.39300015283278655
8575.654728889465,-1.2007207870483398,-0.6431134276990333,1.2007207870483398,0.5493454434132052
8575.704885959625,-1.4013490676879883,-0.6777037930513944,1.4013490676879883,0.708459190046387
8575.75473856926,-1.600759506225586,-0.6697515637406894,1.600759506225586,0.8205319970305909
8575.80476641655,-1.8008708953857422,-0.6761533829234547,1.8008708953857422,0.8946841977640205
8575.854769229889,-2.000882148742676,-0.7676127509830895,2.000882148742676,0.9300252040363866
8575.904731750488,-2.2007322311401367,-0.9660296353063048,2.2007322311401367,1.0428700318385666
8575.954668283463,-2.4004783630371094,-1.1455768077025792,2.4004783630371094,1.1362794472139897
8576.004800081253,-2.6010055541992188,-1.3847376869362586,2.6010055541992188,1.2777607381354028
8576.054744243622,-2.8007822036743164,-1.5072145116177316,2.8007822036743164,1.4342151954177709
8576.104747772217,-3.000796318054199,-1.672572657531993,3.000796318054199,1.609536264219416
8576.154777288437,-3.2009143829345703,-1.837230092906891,3.2009143829345703,1.7161914779705523
8576.204718351364,-3.4006786346435547,-2.0021113228645104,3.4006786346435547,1.9508990624176044
8576.254851818085,-3.5999999999999996,-2.173788716978294,3.5999999999999996,2.218856097887513
8576.304745197296,-3.5999999999999996,-2.362138251275943,3.5999999999999996,2.3820585065950954
8576.354725599289,-3.5999999999999996,-2.517789862088368,3.5999999999999996,2.520209166545987
8576.404724121094,-3.5999999999999996,-2.656289671015265,3.5999999999999996,2.643705034186597
8576.454707145691,-3.5999999999999996,-2.8262085011547287,3.5999999999999996,2.7463224401224213
8576.504857301712,-3.5999999999999996,-2.9207412203888468,3.5999999999999996,2.80860069048936
8576.554752588272,-3.5999999999999996,-2.9176581788327827,3.5999999999999996,2.767260742136961
8576.604717969894,-3.5999999999999996,-2.8842114861583665,3.5999999999999996,2.663989850979731
8576.654694080353,-3.5999999999999996,-2.9273084159770946,3.5999999999999996,2.600925184167034
8576.704505681992,-3.5999999999999996,-2.9878389032869106,3.5999999999999996,2.650148230866172
8576.754769563675,-3.5999999999999996,-2.9354633519240103,3.5999999999999996,2.6956414835723326
8576.804721355438,-3.5999999999999996,-2.9064990530915695,3.5999999999999996,2.8822462245370897
8576.854694366455,-3.5999999999999996,-2.806555494684254,3.5999999999999996,2.949690168543313
8576.904696941376,-3.5999999999999996,-2.7387533992594273,3.5999999999999996,2.948618125478144
8576.954693078995,-3.5999999999999996,-2.722605181100337,3.5999999999999996,2.9381421202038704
8577.004582881927,-3.5999999999999996,-2.72803795064534,3.5999999999999996,2.9186138699155437
8577.054789543152,-3.5999999999999996,-2.772207483261985,3.5999999999999996,2.836458868612101
8577.104672193527,-3.5999999999999996,-2.806272701481639,3.5999999999999996,2.7037678909883196
8577.154791593552,0.0,-2.8610628066276282,0.0,2.583884671422909
8577.204926013947,0.0,-2.909967752140097,0.0,2.6149234944914834
8577.25473022461,0.0,-2.866357302132129,0.0,2.5929262462020537
8577.304719686508,0.0,-1.3831556536422533,0.0,1.3658844330106004
8577.354754686356,0.0,0.35884027847052724,0.0,-0.1908572790672604
8577.404718399048,0.0,1.3091505378546755,0.0,-1.1256165222281298
8577.454703092575,0.0,1.6102755502484718,0.0,-1.4434035151942046
8577.504724740982,0.0,1.1278886462076598,0.0,-1.1210369847921182
8577.554903507233,0.0,0.31911019020643566,0.0,-0.362436931110894
8577.60493850708,0.0,-0.3536109344958065,0.0,0.27570268126339603
8577.654537677765,0.0,-0.7005146151828336,0.0,0.5862838242483528
8577.704673290253,0.0,-0.6126338341014708,0.0,0.5014508508693835
8577.754529237747,0.0,-0.24802707337774482,0.0,0.22246377383655283
8577.804941892624,0.0,0.06924232588969119,0.0,-0.01836980713014852
8577.854602336884,0.0,0.24779551057849808,0.0,-0.19122789740301988
8577.904544353485,0.0,0.27991953907788214,0.0,-0.20893859543706592
8577.954686641693,0.0,0.16612611368911415,0.0,-0.10901489276876074
8578.004682064056,0.0,0.04748543005210262,0.0,-0.039245361396753865
8578.104579210281,0.0,-0.023603118368263405,0.0,0.020170760690711644
8582.15475845337,-0.19959735870361328,-1.6278830338766753e-38,0.19959735870361328,1.3911568207422383e-38
8582.204783439636,-0.39969730377197266,-5.860378921956031e-39,0.39969730377197266,5.0081645546720574e-39
8582.254794359207,-0.5997409820556641,-0.034649920463562016,0.5997409820556641,0.04850988835096359
8582.304736375809,0.0,-0.30739702177047734,0.0,0.24764990001916887
8582.354701757431,0.0,-0.5761909749221802,0.0,0.45578023263216016
8582.40481877327,0.0,-0.638437108165741,0.0,0.5462323097491264
8582.454782009125,0.0,-0.10627528825284192,0.0,0.12905655236646177
8582.504860639572,0.0,0.14096094084186145,0.0,-0.10663897658012637
8582.554716348648,0.0,0.25615065424109507,0.0,-0.2221732051299417
8582.60476064682,0.0,0.1770741990332544,0.0,-0.1710022973523046
8582.654723405838,-0.19985103607177734,0.06577147249429488,0.19985103607177734,-0.07023837223668714
8582.70453286171,-0.39908885955810547,-0.008255636260334025,0.39908885955810547,-5.233484577482628e-06
8582.754757165909,-0.5999860763549805,-0.07189176147535684,0.5999860763549805,0.036154554236624954
8582.80470085144,-0.7997608184814453,-0.28125983118541925,0.7997608184814453,0.2361255941207508
8582.854587078094,-0.9993057250976562,-0.34695547604279453,0.9993057250976562,0.3317549143681109
8582.904767036438,-1.2000255584716797,-0.5265307188161493,1.2000255584716797,0.5935021324873987
8582.954533100128,-1.3990898132324219,-0.6164380583808999,1.3990898132324219,0.683254746815718
8583.004545927048,-1.5991411209106445,-0.7380450179688758,1.5991411209106445,0.8288134938077295
8583.054570436478,-1.799239158630371,-0.8137589363043056,1.799239158630371,0.9189034309004365
8583.104629993439,-1.9994773864746094,-0.9582316685122685,1.9994773864746094,1.013438772178219
8583.15450167656,-2.1989641189575195,-1.1417824247504154,2.1989641189575195,1.1256382921993229
8583.204760313034,-2.399998664855957,-1.3601722318777398,2.399998664855957,1.2771387514946277
8583.254759550095,-2.5999956130981445,-1.5821930360382424,2.5999956130981445,1.414797900348094
8583.304695367813,-2.799738883972168,-1.7816756269306766,2.799738883972168,1.5279709440097284
8583.354743719101,-2.999932289123535,-1.958931773935705,2.999932289123535,1.663024931250515
8583.404798030853,-3.2001495361328125,-2.0948066270476398,3.2001495361328125,1.839871896182955
8583.454721450806,-3.399843215942383,-2.2614922650859053,3.399843215942383,2.0908344887049655
8583.504754304886,-3.5999746322631836,-2.4081443737103445,3.5999746322631836,2.3320714820272324
8583.554773569107,-3.5999999999999996,-2.611292030459186,3.5999999999999996,2.5945502968614074
8583.604564905167,-3.5999999999999996,-2.8146435687704825,3.5999999999999996,2.7958227033132825
8583.654753923416,-3.5999999999999996,-2.993900690189503,3.5999999999999996,2.987125130941195
8583.704750537872,-3.5999999999999996,-3.029372975961507,3.5999999999999996,3.0640358254133666
8583.754558801651,-3.5999999999999996,-2.957938382292798,3.5999999999999996,3.0319339701468584
8583.804771661758,-3.5999999999999996,-2.8417426023238934,3.5999999999999996,2.9437792206621713
8583.854496002197,-3.5999999999999996,-2.7802300860889213,3.5999999999999996,2.823011418753262
8583.90457201004,-3.5999999999999996,-2.7696557096388625,3.5999999999999996,2.763363235201858
8583.954775810242,-3.5999999999999996,-2.7895262450604443,3.5999999999999996,2.698873970391663
8584.004524707794,-3.5999999999999996,-2.8373297099099926,3.5999999999999996,2.7041861916121173
8584.054796218872,-3.5999999999999996,-2.866863261836518,3.5999999999999996,2.6829834284020544
8584.104760408401,-3.5999999999999996,-2.865875250803083,3.5999999999999996,2.6877875269432714
8584.154772520065,0.0,-2.865875250803083,0.0,2.6877875269432714
8584.204528808594,0.0,-2.881697617705573,0.0,2.7928869187945713
8584.25471329689,0.0,-2.872465922079032,0.0,2.8150215542384736
8584.304554224014,0.0,-2.872465922079032,0.0,2.8150215542384736
8584.35451054573,0.0,0.11484217448141193,0.0,-0.01377935822210885
8584.404529094696,0.0,0.11484217448141193,0.0,-0.01377935822210885
8584.454630851746,0.0,0.7183437812513472,0.0,-0.6339461780512463
8584.504521369934,0.0,1.8204698151705831,0.0,-1.8475264801913123
8584.554737329483,0.0,1.8204698151705831,0.0,-1.8475264801913123
8584.604478597641,0.0,0.16415069021892656,0.0,-0.2290949098197006
8584.65480518341,0.0,-0.21282577801876001,0.0,0.15253622103170258
8584.704852342606,0.0,-0.21282577801876001,0.0,0.15253622103170258
8584.754862070084,0.0,-1.0175462906591393,0.0,0.9837126626991586
8584.804723262787,0.0,-1.0175462906591393,0.0,0.9837126626991586
8584.854854822159,0.0,-1.0175462906591393,0.0,0.9837126626991586
8584.90470457077,0.0,-0.024882392403852066,0.0,0.03559162733419337
8584.954765558243,0.0,0.08164324383892352,0.0,-0.06448740650735142
8585.004987239838,0.0,0.08164324383892352,0.0,-0.06448740650735142
8585.054570913315,0.0,0.5072842605657346,0.0,-0.4710136017518165
8585.10475063324,0.0,0.3896626632062773,0.0,-0.36363566287260785
8585.154688596725,0.0,0.046163011595011155,0.0,-0.04590894488970477
8585.204756259918,0.0,0.046163011595011155,0.0,-0.04590894488970477
8585.254630327225,0.0,0.046163011595011155,0.0,-0.04590894488970477
8585.304698944092,0.0,-0.06054035705531706,0.0,0.05032665235405322
8585.354500770569,0.0,-0.06054035705531706,0.0,0.05032665235405322
8585.404706478119,0.0,-0.06054035705531706,0.0,0.05032665235405322
8585.454521894455,0.0,-0.021794528539914138,0.0,0.018117594847459156
8606.754640102386,-0.1996011734008789,-2.1211630786195428e-193,0.1996011734008789,1.7633037206304928e-193
8606.804727077484,-0.3999490737915039,-7.636187083030353e-194,0.3999490737915039,6.347893394269773e-194
8606.854753494263,-0.6000547409057617,-2.749027349890927e-194,0.6000547409057617,2.2852416219371182e-194
8606.904711484909,-0.7998867034912109,-0.1839111065864563,0.7998867034912109,0.15928301095962524
8606.954506158829,-0.9990653991699219,-0.49927867231369016,0.9990653991699219,0.40204382734298705
8607.00483083725,-1.200364112854004,-0.763046961227417,1.200364112854004,0.6112226920013428
8607.054715871811,-1.3999042510986328,-0.8853883866784669,1.3999042510986328,0.7730647162205506
8607.104700565338,-1.5998430252075195,-0.9145979258174073,1.5998430252075195,0.8654838455536316
8607.154616117477,-1.7995052337646484,-0.8989943280012979,1.7995052337646484,0.9346467847639925
8607.204711914062,-1.9998884201049805,-0.8934634094545213,1.9998884201049805,0.9381159387236098
8607.254697322845,-2.1998300552368164,-0.9897764646449912,2.1998300552368164,0.9811410269333812
8607.304720640182,-2.399923324584961,-1.1981185146608078,2.399923324584961,1.0944116065929137
8607.354726314545,-2.5999460220336914,-1.394761567179136,2.5999460220336914,1.2806018739949394
8607.404866218567,-2.8005056381225586,-1.5938835876692914,2.8005056381225586,1.537342174649622
8607.454684019089,-2.999776840209961,-1.7872081352773757,2.999776840209961,1.8001171244861076
8607.50485253334,-3.200450897216797,-1.9905837495387835,3.200450897216797,1.974441052449276
8607.554938793182,-3.4007959365844727,-2.241428322288796,3.4007959365844727,2.0865945819518075
8607.60476231575,-3.6000900268554688,-2.47498902321818,3.6000900268554688,2.27621401322488
8607.65475487709,-3.800060272216797,-2.6076702808414547,3.800060272216797,2.3406217895958568
8607.704672336578,0.0,-2.727234449448871,0.0,2.5072528744821696
8607.754742145538,0.0,-2.805498983787067,0.0,2.629008587303815
8607.804790735245,0.0,-2.949522213814223,0.0,2.765723825491568
8607.854730844498,-0.19976043701171875,-1.6926028670409552,0.19976043701171875,1.6471651295413137
8607.904736995697,-0.39978504180908203,0.12718167275646103,0.39978504180908203,-0.05538986796118406
8607.95475268364,-0.5998477935791016,1.1809827603237346,0.5998477935791016,-1.0817458820604477
8608.004606723785,-0.7992639541625977,1.2184260243416971,0.7992639541625977,-1.1904743835543345
8608.054698228836,-0.9996299743652344,0.2889457082775049,0.9996299743652344,-0.42025479943328203
8608.104720592499,-1.1997194290161133,-0.7801646350851007,1.1997194290161133,0.5261629392953882
8608.154695749283,-1.3996200561523438,-1.4520523724209196,1.3996200561523438,1.170876530537087
8608.204602241516,-1.5992460250854492,-1.5114165417164895,1.5992460250854492,1.3049894908889812
8608.254698753357,-1.7996320724487305,-1.2017852260521769,1.7996320724487305,1.1607354023393874
8608.304731845856,-1.9997644424438477,-0.849673698920669,1.9997644424438477,0.9502415072472173
8608.354730129242,-2.1997575759887695,-0.7110679020566923,2.1997575759887695,0.8646524600345354
8608.40459561348,-2.399219512939453,-0.8822139526635355,2.399219512939453,0.9533019640323566
8608.454788684845,-2.599991798400879,-1.220408793398021,2.599991798400879,1.1504896579364674
8608.504611968994,-2.7992849349975586,-1.5955552039533656,2.7992849349975586,1.451093023950329
8608.55490732193,-3.0004663467407227,-1.8973536030527283,3.0004663467407227,1.7170435592893853
8608.604602575302,-3.199247360229492,-2.098065641024458,3.199247360229492,1.9070404316913159
8608.654717683792,-3.399707794189453,-2.21933805459693,3.399707794189453,2.0855476407741693
8608.704696178436,-3.5996217727661133,-2.334771445443469,3.5996217727661133,2.269888232297964
8608.754783630371,-3.799971580505371,-2.452709168571319,3.799971580505371,2.3879560769130945
8608.804607391357,-3.9992666244506836,-2.5980631817739317,3.9992666244506836,2.5494714596461114
8608.854744434357,-4.199814796447754,-2.789659768677751,4.199814796447754,2.697536187836797
8608.904765367508,0.0,-3.03448560845983,0.0,2.9123955479154366
8608.954734802246,0.0,-3.2443082344965886,0.0,3.048912054689743
8609.004581689835,0.0,-2.9521765522636203,0.0,2.7150025485963885
8609.054803609848,0.0,-0.7753832785777053,0.0,0.6806867355946753
8609.104666948318,0.0,0.8141703969779563,0.0,-0.8058880340512734
8609.154681682587,0.0,1.5355088317350014,0.0,-1.4676625313087515
8609.204547405243,0.0,1.261471054695444,0.0,-1.2349396508356647
8609.2547352314,0.0,0.3524898164245116,0.0,-0.46305823217942893
8609.304930448532,-0.20078086853027344,-0.3955690047941461,0.20078086853027344,0.18656190911132847
8609.354709625244,-0.39989757537841797,-0.6782120888877579,0.39989757537841797,0.4233156621904328
8609.404552459717,-0.599268913269043,-0.5753493151229143,0.599268913269043,0.33606833745662523
8609.454763412476,-0.8001127243041992,-0.43522122172694877,0.8001127243041992,0.29395699988469176
8609.504593133926,-0.9994316101074219,-0.35050595641677906,0.9994316101074219,0.28888271030425317
8609.554685592651,-1.1998014450073242,-0.3829796201248598,1.1998014450073242,0.40603418508758293
8609.604528188705,-1.3991718292236328,-0.6084848625514376,1.3991718292236328,0.5956691373333578
8609.65471959114,-1.5999374389648438,-0.8581970542569208,1.5999374389648438,0.8137397933821171
8609.704632043839,-1.7995872497558594,-1.0394266608917444,1.7995872497558594,1.0327359522159203
8609.75468635559,-1.9998044967651367,-1.1805110608421705,1.9998044967651367,1.1621357232847918
8609.804546117783,-2.1992435455322266,-1.317787665184126,2.1992435455322266,1.2206946670002619
8609.854705572128,-2.399881362915039,-1.4088852517804333,2.399881362915039,1.2492986652488784
8609.904772758484,0.0,-1.592292479741603,0.0,1.3194881594145993
8609.954619884491,-0.1993885040283203,-1.7424637837653267,0.1993885040283203,1.4858435362326397
8610.004768371582,-0.3999824523925781,-1.644752582196411,0.3999824523925781,1.4869214166312443
8610.054641962051,-0.5994768142700195,-0.3801941595497189,0.5994768142700195,0.4416409894207367
8610.104757070541,-0.7999372482299805,0.29811984817901405,0.7999372482299805,-0.19571780808999842
8610.154950380325,-1.0007104873657227,0.3493181777741402,1.0007104873657227,-0.27419993393981945
8610.204708337784,-1.199742317199707,-0.09758893772080342,1.199742317199707,0.06380604293633287
8610.254685163498,-1.3996496200561523,-0.6006186966566377,1.3996496200561523,0.48925907583244604
8610.304742574692,-1.599879264831543,-0.9490849935222196,1.599879264831543,0.823107745067625
8610.354615926743,-1.799372673034668,-1.079298075313873,1.799372673034668,0.9840503868399914
8610.404771566391,-1.999995231628418,-1.0764128862412596,1.999995231628418,1.029022308120925
8610.454733610153,-2.199843406677246,-1.0877727543804105,2.199843406677246,1.0339358718144176
8610.504751443863,-2.3999147415161133,-1.1659822896299263,2.3999147415161133,1.0861161090474347
8610.554633140564,-2.5994415283203125,-1.398351360625416,2.5994415283203125,1.1782479865863689
8610.60472202301,-2.7997970581054688,-1.6574087128399815,2.7997970581054688,1.3184570473497428
8610.654761314392,-2.9999542236328125,-1.9130868238935115,2.9999542236328125,1.481709822490167
8610.70467376709,-3.199604034423828,-2.1175758214972937,3.199604034423828,1.709781321695215
8610.754946947098,-3.4006967544555664,-2.262557083565564,3.4006967544555664,2.0402365801849722
8610.804686546326,-3.5996551513671875,-2.4017537406201024,3.5996551513671875,2.305878377370313
8610.854747772217,-3.7999000549316406,-2.518513535420234,3.7999000549316406,2.5252456914468793
8610.904762506485,-3.9999589920043945,-2.626884837732363,3.9999589920043945,2.74414813939634
8610.954771280289,-4.199994087219238,-2.8280852150150473,4.199994087219238,3.031011864270817
8611.004750728607,-4.399911880493164,-2.982541524573386,4.399911880493164,3.222878987095136
8611.05462217331,-4.425291520464375,-3.1846946584716633,4.599397659301758,3.2942449573879404
8611.104847669601,-4.425291520464375,-3.3329277124715517,4.800299644470215,3.272185947568594
8611.154633045197,-4.425291520464375,-3.488774340869641,4.999441146850586,3.2922717426078485
8611.20469379425,-4.425291520464375,-3.5639632373529633,5.199684143066406,3.290056446571003
8611.254730701447,0.0,-3.590592530827926,0.0,3.360926201121396
8611.304653167725,0.0,-3.540700087831452,0.0,3.508924082580705
8611.35460138321,0.0,-3.038970521647704,0.0,3.2098173888910413
8611.404743671417,0.0,-0.6055313902708193,0.0,0.8852837369104123
8611.454721450806,0.0,1.0735166731734647,0.0,-0.9207405226733723
8611.504827022552,0.0,1.7077944420549716,0.0,-1.7240748397340693
8611.554527282715,-0.19880104064941406,1.2683141401805915,0.19880104064941406,-1.4643935343681687
8611.604689359665,-0.39944934844970703,0.24357604967588548,0.39944934844970703,-0.5482914703271
8611.654700279236,-0.5994930267333984,-0.5168204427229129,0.5994930267333984,0.2766259578282401
8611.704720258713,-0.7995729446411133,-0.976905111806396,0.7995729446411133,0.8122648597031152
8611.754645109177,-0.999272346496582,-1.086153232218076,0.999272346496582,0.9164465403653139
8611.804631948471,-1.1992197036743164,-0.8907660042624173,1.1992197036743164,0.7773997069393499
8611.854776382446,-1.3997974395751953,-0.6604429553287207,1.3997974395751953,0.602176670348462
8611.904757738113,-1.5997228622436523,-0.5437144495369308,1.5997228622436523,0.5466813006815254
8611.954643964767,-1.7992677688598633,-0.6041797896857732,1.7992677688598633,0.6267841145569184
8612.004795074463,-1.9998722076416016,-0.7750080645311717,1.9998722076416016,0.8004428727093016
8612.05469918251,-2.199488639831543,-1.0566110594354454,2.199488639831543,1.0106006508825782
8612.10465335846,-2.3993053436279297,-1.4007508319598099,2.3993053436279297,1.1604871444377385
8612.154557943344,-2.598923683166504,-1.6645159183257219,2.598923683166504,1.2746539959599883
8612.204772949219,-2.799783706665039,-1.8974782606952214,2.799783706665039,1.4210770326598994
8612.254702329636,-2.9995012283325195,-2.043074816977721,2.9995012283325195,1.6226027440218154
8612.304745435715,-3.199673652648926,-2.1334232606348067,3.199673652648926,1.8331972753234396
8612.354543209076,-3.39886474609375,-2.224992145938516,3.39886474609375,2.0184496305666335
8612.404751777649,-3.599699020385742,-2.3393256103430415,3.599699020385742,2.125773618064474
8612.454771518707,-3.7997779846191406,-2.485237177685531,3.7997779846191406,2.2979170236976687
8612.50467300415,-3.930369593652456,-2.6600398647101997,3.9993839263916016,2.4736170776125816
8612.554443120956,-4.0069496646494995,-2.9044609985582452,4.198464393615723,2.6692147972859273
8612.604652643204,-4.0069496646494995,-3.080645250862804,4.3993024826049805,2.864088904476547
8612.65465259552,-3.962297773650941,-3.245208170742738,4.599302291870117,3.0202652209817353
8612.704586744308,-3.9417933758111836,-3.33440710546885,4.799038887023926,3.1953965518648264
8612.754572868347,-3.8879838232733377,-3.3497112135016227,4.998983383178711,3.385519951359326
8612.804733753204,-3.8879838232733377,-3.289843752619862,5.199626922607422,3.52493787638279
8612.854790449142,-3.917891565804653,-3.1959200982942244,5.399853706359863,3.648387454147096
8612.904617071152,-3.892960782191916,-3.18661449496844,5.599160194396973,3.8760374720793807
8612.95480298996,-3.892960782191916,-3.13940094284379,5.799903869628906,4.0365290285075375
8613.004717350006,-3.892960782191916,-3.168431209464658,5.999561309814453,4.219045597586323
8613.05468249321,-3.892960782191916,-3.1763873220466814,6.1994218826293945,4.388867706634983
8613.10471701622,-3.892960782191916,-3.1559667439812387,6.2929607821919165,4.443184532133955
8613.15474653244,-3.892960782191916,-3.1585944694836363,6.2929607821919165,4.570679921176989
8613.20482635498,-3.9160039463172716,-3.1844628597221174,6.316003946317272,4.681366144991026
8613.254687309265,-3.9160039463172716,-3.2350423220963975,6.316003946317272,4.815323121324576
8613.304709672928,-3.9160039463172716,-3.2136729008259195,6.316003946317272,4.842029821983122
8613.354727506638,-4.0494248900386784,-3.199327067600554,6.449424890038679,4.827361654798201
8613.404633045197,-3.947827879103924,-3.1954419694185967,6.347827879103924,4.779196202120785
8613.454632282257,-3.947827879103924,-3.1572961645784634,6.347827879103924,4.631640364895441
8613.504636764526,-3.947827879103924,-3.2177911414192675,6.347827879103924,4.493377651037042
8613.554738521576,-3.947827879103924,-3.2625855379159416,6.347827879103924,4.412735821698164
8613.604729890823,-3.789577914389172,-3.2692709173985186,6.189577914389172,4.367231298170347
8613.654738903046,-3.8156611323278735,-3.2587594392142725,6.215661132327874,4.353685200935075
8613.70461511612,-3.8156611323278735,-3.2618717838135494,6.215661132327874,4.389386666080523
8613.755734682083,-3.8156611323278735,-3.1709407695105245,6.215661132327874,4.399296640966357
8613.804847478867,-3.8949983711851113,-3.10171645145311,6.294998371185112,4.464171442847498
8613.854749441147,-3.8949983711851113,-3.0738864466930416,6.294998371185112,4.575441982791798
8613.904623270035,-3.8949983711851113,-3.1149084946650856,6.294998371185112,4.632596096913567
8613.95464515686,-3.949706907134715,-3.192579292576501,6.349706907134715,4.6488004689886155
8614.00459909439,-3.870334470279591,-3.2699036204770766,6.270334470279591,4.7619648706486455
8614.054683685303,-3.870334470279591,-3.3073235846980413,6.270334470279591,4.937264697488688
8614.104738473892,-3.870334470279591,-3.3469356356515885,6.270334470279591,5.034956989727344
8614.154729604721,-3.870334470279591,-3.3469356356515885,6.270334470279591,5.034956989727344
8614.204626321793,-3.870334470279591,-3.3469356356515885,6.270334470279591,5.034956989727344
8614.254714488983,-3.870334470279591,-3.3469356356515885,6.270334470279591,5.034956989727344
8614.304900407791,-3.870334470279591,-3.3469356356515885,6.270334470279591,5.034956989727344
8614.354727268219,-3.8003200823851433,-3.2450740420974538,6.200320082385144,4.667125279240734
8614.404723882675,-3.8003200823851433,-3.2450740420974538,6.200320082385144,4.667125279240734
8614.454524755478,-3.8003200823851433,-3.2742116363159877,6.200320082385144,4.679398311555069
8614.504751443863,-3.7676104614284487,-3.2891438431329765,6.167610461428449,4.690614565241146
8614.554695606232,-3.7676104614284487,-3.2891438431329765,6.167610461428449,4.690614565241146
8614.604729890823,-3.7676104614284487,-3.219223536927201,6.167610461428449,4.774697352854016
8614.654735565186,-3.80223431987684,-3.2537750469915254,6.20223431987684,4.893917780761482
8614.704708337784,-3.80223431987684,-3.2537750469915254,6.20223431987684,4.893917780761482
8614.754512548447,-3.8568510526462383,-3.220620581564849,6.256851052646239,4.774689303256918
8614.804829120636,-3.8508611408360904,-3.220620581564849,6.250861140836091,4.774689303256918
8614.854811906815,-3.8508611408360904,-3.220620581564849,6.250861140836091,4.774689303256918
8614.904483556747,-3.8508611408360904,-3.233715119737302,6.250861140836091,4.817658931026312
8614.954684495926,-3.9043320859374786,-3.192823638187596,6.304332085937479,4.7512958705481605
8615.0047082901,-3.9043320859374786,-3.192823638187596,6.304332085937479,4.7512958705481605
8615.054645299911,-3.9062277246069206,-3.236040215113646,6.306227724606921,4.74709171087881
8615.104708194733,-3.9062277246069206,-3.236040215113646,6.306227724606921,4.74709171087881
8615.154653072357,-3.9062277246069206,-3.320692838627386,6.306227724606921,4.658817970220861
8615.204642534256,-3.9062277246069206,-3.320692838627386,6.306227724606921,4.658817970220861
8615.254805803299,-3.9062277246069206,-3.320692838627386,6.306227724606921,4.658817970220861
8615.304802656174,-3.9062277246069206,-3.384322815422034,6.306227724606921,4.68193519891074
8615.354683876038,-3.9062277246069206,-3.384322815422034,6.306227724606921,4.68193519891074
8615.404778718948,-3.9062277246069206,-3.384322815422034,6.306227724606921,4.68193519891074
8615.454801797867,-3.9062277246069206,-3.384322815422034,6.306227724606921,4.68193519891074
8615.50473690033,-3.9062277246069206,-3.3556099578614766,6.306227724606921,4.751448569371483
8615.55471420288,-3.9062277246069206,-3.3556099578614766,6.306227724606921,4.751448569371483
8615.604706764221,-3.9062277246069206,-3.3556099578614766,6.306227724606921,4.751448569371483
8615.654687404633,-3.9062277246069206,-3.4913516040783845,6.306227724606921,5.232028302210775
8615.70479297638,-3.9062277246069206,-3.4538797853077488,6.306227724606921,5.168316255008106
8615.754798412323,-3.9062277246069206,-3.4538797853077488,6.306227724606921,5.168316255008106
8615.804519414902,-3.9062277246069206,-3.4497218395919313,6.306227724606921,4.97399680779815
8615.854715585709,-3.9062277246069206,-3.3687101522475906,6.306227724606921,4.829753833809139
8615.904703855515,-3.9062277246069206,-3.3687101522475906,6.306227724606921,4.829753833809139
8615.954914808273,-3.9062277246069206,-3.3687101522475906,6.306227724606921,4.829753833809139
8616.004796266556,-3.9062277246069206,-3.5148710636414933,6.306227724606921,4.595656810505494
8616.054706335068,-3.9062277246069206,-3.5148710636414933,6.306227724606921,4.595656810505494
8616.10485959053,-3.9062277246069206,-3.5148710636414933,6.306227724606921,4.595656810505494
8616.15454864502,-3.9062277246069206,-3.5424434098079605,6.306227724606921,4.781880289418911
8616.204700231552,-3.9062277246069206,-3.5424434098079605,6.306227724606921,4.781880289418911
8616.254789352417,-3.9062277246069206,-3.5424434098079605,6.306227724606921,4.781880289418911
8616.304921865463,-3.9062277246069206,-3.5424434098079605,6.306227724606921,4.781880289418911
8616.354796648026,-3.9062277246069206,-3.3687768693403406,6.306227724606921,4.828378683526054
8616.40474820137,-3.9062277246069206,-3.3687768693403406,6.306227724606921,4.828378683526054
8616.454698324203,-3.9062277246069206,-3.3687768693403406,6.306227724606921,4.828378683526054
8616.504791975021,-3.9062277246069206,-1.6572585429172428,6.306227724606921,2.551914676369914
8616.554901123047,-3.9062277246069206,-1.6572585429172428,6.306227724606921,2.551914676369914
8616.60486483574,-3.9062277246069206,-1.6572585429172428,6.306227724606921,2.551914676369914
8616.654499530792,-3.9062277246069206,0.11435049295914004,6.306227724606921,0.2930373945135152
8616.704701423645,-3.9062277246069206,0.11435049295914004,6.306227724606921,0.2930373945135152
8616.754742860794,-3.9062277246069206,0.11435049295914004,6.306227724606921,0.2930373945135152
8616.804825544357,-3.9062277246069206,0.10411971375676063,6.306227724606921,-0.2781469428775505
8616.85469532013,-3.9062277246069206,0.10411971375676063,6.306227724606921,-0.2781469428775505
8616.904865264893,-3.9062277246069206,0.10411971375676063,6.306227724606921,-0.2781469428775505
8616.954674005508,-3.9062277246069206,0.012179673879386312,6.306227724606921,-0.15603110136494228
8617.004702329636,-3.9062277246069206,0.007307804327631787,6.306227724606921,-0.14253618980589622
8617.054774522781,-3.9062277246069206,0.007307804327631787,6.306227724606921,-0.14253618980589622
8617.10463309288,-3.9062277246069206,0.0003409529187099886,6.306227724606921,-0.020297880358466674
8617.154767513275,-3.9062277246069206,0.0003409529187099886,6.306227724606921,-0.020297880358466674
8617.204891443253,-3.9062277246069206,0.0003409529187099886,6.306227724606921,-0.020297880358466674
8617.254714727402,-3.9062277246069206,0.0003409529187099886,6.306227724606921,-0.020297880358466674
8617.304652690887,-3.9062277246069206,5.7266997751199605e-06,6.306227724606921,-0.0003409264461616635
8617.35469031334,-3.9062277246069206,5.7266997751199605e-06,6.306227724606921,-0.0003409264461616635
8617.40472126007,-3.9062277246069206,5.7266997751199605e-06,6.306227724606921,-0.0003409264461616635
8617.45475077629,-3.9062277246069206,1.2369671514259114e-06,6.306227724606921,-7.364011237091931e-05
8617.50489282608,-3.9062277246069206,1.2369671514259114e-06,6.306227724606921,-7.364011237091931e-05
8617.554828882217,-3.9062277246069206,1.2369671514259114e-06,6.306227724606921,-7.364011237091931e-05
8617.604739189148,-3.9062277246069206,1.2465778914056298e-08,6.306227724606921,-7.42122665879964e-07
8617.654808998108,-3.9062277246069206,1.2465778914056298e-08,6.306227724606921,-7.42122665879964e-07
8617.70487332344,-3.9062277246069206,1.2465778914056298e-08,6.306227724606921,-7.42122665879964e-07
8617.754691123962,-3.9062277246069206,3.489620286085263e-10,6.306227724606921,-2.0774685059577357e-08
8617.80477309227,-3.9062277246069206,3.489620286085263e-10,6.306227724606921,-2.0774685059577357e-08
8617.85478425026,-3.9062277246069206,3.489620286085263e-10,6.306227724606921,-2.0774685059577357e-08
8617.90475821495,-3.9062277246069206,2.7135287344598997e-11,6.306227724606921,-1.615439510232735e-09
8617.954896450043,-3.9062277246069206,1.6281172406759396e-11,6.306227724606921,-9.69263706139641e-10
8618.004808187485,-3.9062277246069206,1.6281172406759396e-11,6.306227724606921,-9.69263706139641e-10
8618.054701805115,-3.9062277246069206,1.2660239663496103e-12,6.306227724606921,-7.536994578941847e-11
8618.104633569717,-3.9062277246069206,2.734611767315158e-13,6.306227724606921,-1.6279908290514387e-11
8618.154778242111,-3.9062277246069206,2.734611767315158e-13,6.306227724606921,-1.6279908290514387e-11
8618.204726219177,-3.9062277246069206,2.734611767315158e-13,6.306227724606921,-1.6279908290514387e-11
8618.254704475403,-3.9062277246069206,2.734611767315158e-13,6.306227724606921,-1.6279908290514387e-11
8618.304627895355,-3.9062277246069206,7.65516279695136e-15,6.306227724606921,-4.557332407213434e-13
8618.354714155197,-3.9062277246069206,7.65516279695136e-15,6.306227724606921,-4.557332407213434e-13
8618.40459895134,-3.9062277246069206,3.5715927545456256e-16,6.306227724606921,-2.126269007909499e-14
8618.454678058624,-3.9062277246069206,3.5715927545456256e-16,6.306227724606921,-2.126269007909499e-14
8618.504697799683,-3.9062277246069206,3.5715927545456256e-16,6.306227724606921,-2.126269007909499e-14
8618.554605484009,-3.9062277246069206,4.62878420989113e-17,6.306227724606921,-2.7556446342507106e-15
8618.604625225067,-3.9062277246069206,1.6663623155608068e-17,6.306227724606921,-9.920320683302557e-16
8618.654722929,-3.9062277246069206,1.6663623155608068e-17,6.306227724606921,-9.920320683302557e-16
8618.704505443573,-3.9062277246069206,9.998173893364841e-18,6.306227724606921,-5.952192409981534e-16
8618.754663467407,-3.9062277246069206,2.1596055609668054e-18,6.306227724606921,-1.285673560556011e-16
8618.804679870605,-3.9062277246069206,2.1596055609668054e-18,6.306227724606921,-1.285673560556011e-16
8618.854727983475,-3.9062277246069206,2.1596055609668054e-18,6.306227724606921,-1.285673560556011e-16
8618.90476346016,-3.9062277246069206,2.176384832333292e-20,6.306227724606921,-1.2956627298521066e-18
8618.954833507538,-3.9062277246069206,2.176384832333292e-20,6.306227724606921,-1.2956627298521066e-18
8619.004868745804,-3.9062277246069206,2.176384832333292e-20,6.306227724606921,-1.2956627298521066e-18
8619.05470776558,-3.9062277246069206,1.0154141073734206e-21,6.306227724606921,-6.045044032397986e-20
8619.104779720306,-3.9062277246069206,1.0154141073734206e-21,6.306227724606921,-6.045044032397986e-20
8619.154792070389,-3.9062277246069206,1.0154141073734206e-21,6.306227724606921,-6.045044032397986e-20
8619.204559803009,-3.7071567941259636,4.73751605936143e-23,6.107156794125964,-2.820375743755604e-21
8619.254712104797,-3.5065475869726432,2.842509635616858e-23,5.906547586972644,-1.6922254462533624e-21
8619.304738521576,-3.3064419198583854,2.842509635616858e-23,5.706441919858386,-1.6922254462533624e-21
8619.404535770416,0.20007801055908203,1.3262012955934011e-24,0.20007801055908203,-7.895247042039686e-23
8619.454888105392,0.4014873504638672,1.3262012955934011e-24,0.4014873504638672,-7.895247042039686e-23
8619.504538536072,0.6000890731811523,6.187524764720572e-26,0.6000890731811523,-3.683606459934035e-24
8619.554788351059,0.8010883331298828,6.187524764720572e-26,0.8010883331298828,-3.683606459934035e-24
8623.754756689072,0.0,-0.012077971696853639,0.0,0.006760145371805761
8643.804659366608,-0.19605064392089844,-4.07114734982603e-184,0.19605064392089844,-1.965305287074101e-59
8643.85453748703,-0.39556312561035156,-1.4656130459373708e-184,0.39556312561035156,-7.075099033466763e-60
8643.904632806778,-0.5959444046020508,-0.14281310796737673,0.5959444046020508,0.10707815378904344
8643.954523324966,-0.795506477355957,-0.2692129621505738,0.795506477355957,0.21336103612184526
8644.004630565643,-0.9959354400634766,-0.5266534678611756,0.9959354400634766,0.5202065399184227
8644.055442810059,-1.1991844177246094,-0.6811161849191285,1.1991844177246094,0.6500767501912499
8644.104744195938,-1.3963899612426758,-0.733388961153656,1.3963899612426758,0.691005351109623
8644.154965162277,-1.597273826599121,-0.733388961153656,1.597273826599121,0.691005351109623
8644.204774856567,-1.7965126037597656,-0.733388961153656,1.7965126037597656,0.691005351109623
8644.254742860794,0.0,-0.8078145821233671,0.0,0.8700183304968155
8644.304829597473,0.0,-0.8078145821233671,0.0,0.8700183304968155
8644.354549884796,0.0,-1.0214938798438957,0.0,0.9690018209284956
8644.404839277267,0.0,-1.0214938798438957,0.0,0.9690018209284956
8644.454573392868,0.0,-0.8699357437426716,0.0,0.8233205221573362
8644.504684209824,0.0,0.44847680836900483,0.0,-0.4574175139197476
8644.554812908173,0.0,0.44847680836900483,0.0,-0.4574175139197476
8644.604873418808,0.0,0.6353475538874506,0.0,-0.5965062517980796
8644.65484714508,0.0,0.45313052612452737,0.0,-0.4208354973232783
8644.704833507538,0.0,0.45313052612452737,0.0,-0.4208354973232783
8644.754613876343,0.0,-0.06910502261390085,0.0,0.0981376183678323
8644.804783344269,0.0,-0.08641425875705358,0.0,0.09484357015190209
8644.854746818542,0.0,-0.08641425875705358,0.0,0.09484357015190209
8648.60455942154,-0.1988363265991211,1.1512880024025226e-35,0.1988363265991211,-1.1602793640125944e-35
8648.654712200165,-0.3994474411010742,1.1512880024025226e-35,0.3994474411010742,-1.1602793640125944e-35
8648.70448422432,-0.5985355377197266,4.1446368086490813e-36,0.5985355377197266,-4.17700571044534e-36
8648.754711389542,-0.7994441986083984,5.371449304009208e-37,0.7994441986083984,-5.41339940073716e-37
8648.804747343063,-0.9995880126953125,5.371449304009208e-37,0.9995880126953125,-5.41339940073716e-37
8648.854828119278,-1.0385872979913517,5.371449304009208e-37,1.199911117553711,-5.41339940073716e-37
8648.904720783234,-0.9344448591005095,-0.42991434898734093,1.3994817733764648,0.4336532147693634
8648.954760551453,-0.9344448591005095,-0.42991434898734093,1.5996408462524414,0.4336532147693634
8649.004811048508,-0.9344448591005095,-0.42991434898734093,1.7998428344726562,0.4336532147693634
8649.05457663536,-0.7353825116884001,-0.7706855888407186,1.9989051818847656,0.8214428790101667
8649.104693174362,-0.7290773928941179,-0.8215105030084107,2.199371337890625,0.8708648423963343
8649.154707670212,-0.7290773928941179,-0.8215105030084107,2.3994293212890625,0.8708648423963343
8649.204771518707,-0.7290773928941179,-0.5150687143606854,2.599684715270996,1.2044074987401676
8649.25498843193,-0.7290773928941179,-0.47536083432453347,2.8005523681640625,1.2216033133882351
8649.304717540741,-0.7290773928941179,-0.47536083432453347,2.9994688034057617,1.2216033133882351
8649.35453081131,-0.5298243106187273,-0.13304661696234527,2.800215721130371,1.6825613434442963
8649.40474152565,-0.3289814532578874,-0.12477921536612023,2.7151323501085045,1.8231543693142584
8649.454824924469,-0.3151323501085044,-0.12477921536612023,2.7151323501085045,1.8231543693142584
8649.50441479683,-0.27685510487271725,-0.17347347818636807,2.6768551048727174,2.5137794518498797
8649.554728746414,-0.28547779966488895,-0.17347347818636807,2.6854777996648895,2.5137794518498797
8649.604802370071,-0.28547779966488895,-0.17347347818636807,2.6854777996648895,2.5137794518498797
8649.654535531998,-0.29160361594727013,-0.06450822757649653,2.6916036159472707,2.3140607056060576
8649.704680681229,-0.21124622855715125,-0.06450822757649653,2.6112462285571514,2.3140607056060576
8649.754716396332,-0.21124622855715125,-0.06450822757649653,2.6112462285571514,2.3140607056060576
8649.804530620575,-0.21124622855715125,-0.003009695865809022,2.6112462285571514,1.780892852939997
8649.854861497879,-0.2660716604705038,-0.003009695865809022,2.666071660470504,1.780892852939997
8649.904881238937,-0.2660716604705038,-0.003009695865809022,2.666071660470504,1.780892852939997
8649.954492330551,-0.2660716604705038,-0.00014042037031518568,2.666071660470504,1.5968372907965611
8650.004569292068,-0.236881004563956,-8.425222218911141e-05,2.636881004563956,1.6268458179670113
8650.054532051086,-0.2730600097599465,-3.0330799988080106e-05,2.673060009759947,1.7870223693384246
8650.104754209518,-0.2730600097599465,-1.0919087995708839e-05,2.673060009759947,1.9262279190659588
8650.154604434967,-0.2730600097599465,-3.930871678455182e-06,2.673060009759947,2.0701514214768433
8650.204518556595,-0.2730600097599465,-1.4151138042438656e-06,2.673060009759947,2.179859146970311
8650.254646062851,-0.2730600097599465,-8.490682825463193e-07,2.673060009759947,2.1539760979996916
8650.304718732834,-0.2730600097599465,-3.056645817166749e-07,2.673060009759947,2.160782385575299
8650.354745388031,-0.2587229026580191,-1.1003924941800295e-07,2.6587229026580195,2.116421869530985
8650.404758930206,-0.2752998501883912,-3.9614129790481055e-08,2.6752998501883916,2.1200303022151146
8650.454722881317,-0.2752998501883912,-1.4261086724573179e-08,2.6752998501883916,2.0679610938102586
8650.504705905914,-0.2769789766400126,-5.133991220846344e-09,2.676978976640013,2.036670235524318
8650.554596424103,-0.24658761187164813,-1.8482368395046836e-09,2.6465876118716487,1.9832278970705537
8650.604732990265,-0.2244320696885167,-6.65365262221686e-10,2.624432069688517,1.9380743628916883
8650.654923439026,-0.2244320696885167,-2.3953149439980694e-10,2.624432069688517,1.9956570765797286
8650.70482134819,-0.2228300055342658,-8.623133798393048e-11,2.622830005534266,1.9964996541055675
8650.754592895508,-0.23727932232447713,-3.104328167421497e-11,2.6372793223244777,2.0240217053119887
8650.804621458054,-0.23727932232447713,-1.117558140271739e-11,2.6372793223244777,2.0818241740426258
8650.854798793793,-0.23727932232447713,-4.02320930497826e-12,2.6372793223244777,2.1144345678744614
8650.904754400253,-0.23727932232447713,-1.4483553497921737e-12,2.6372793223244777,2.192276142043754
8650.954906463623,-0.23727932232447713,-5.214079259251825e-13,2.6372793223244777,2.305218661547739
8651.004595041275,-0.23727932232447713,-1.877068533330657e-13,2.6372793223244777,2.3770093314842127
8651.054770469666,-0.23727932232447713,-0.003441095575757844,2.6372793223244777,2.377342965352383
8651.104897260666,0.0,-0.026427613875294218,0.0,2.2647197387747218
8651.204774856567,0.0,0.011037556558191008,0.0,1.7173840878665785
8651.254782438278,0.0,0.08350106362259599,0.0,0.19199939143396633
8651.30475449562,0.0,0.11726120156200961,0.0,-0.737594133954988
8651.35477900505,0.0,0.12031193927104081,0.0,-1.0551904701024577
8651.404589653015,0.0,0.12299950011435082,0.0,-0.7633175300179822
8651.454723834991,0.0,0.14327958734463309,0.0,-0.18688250931926614
8651.504781484604,0.0,0.17216237012731073,0.0,0.2436475633877705
8651.554704904556,0.0,0.20196412190504207,0.0,0.4337858574139425
8651.60464644432,0.0,0.19644887871041533,0.0,0.36905201434662394
8651.654687643051,0.0,0.1912145589345502,0.0,0.15590860468591614
8651.704885721207,0.0,0.1912145589345502,0.0,0.15590860468591614
8651.754520654678,0.0,0.12021093826187691,0.0,-0.01356579911524702
8651.804725885391,0.0,0.09554781768569842,0.0,-0.004883687681488926
8651.854715824127,0.0,0.020163129427348474,0.0,-0.0010548765392016078
8651.904506444931,-0.19916248321533203,-0.016205825868255534,0.19916248321533203,-0.009370004591855195
8651.954720497131,-0.40001869201660156,-0.02965740119087934,0.40001869201660156,-0.015284853592221542
8652.004685878754,-0.5998802185058594,-0.014514809416538139,0.5998802185058594,-0.005502547293199755
8652.054820537567,-0.8004188537597656,-0.014514809416538139,0.8004188537597656,-0.005502547293199755
8652.10457444191,-0.9994344711303711,-0.22060371054950362,0.9994344711303711,0.1933620977735843
8652.154738903046,-1.2000923156738281,-0.0874006770148623,1.2000923156738281,0.05370703265081615
8652.20457649231,-1.3994426727294922,-0.3149307139668971,1.3994426727294922,0.28689216765765224
8652.2546377182,-1.5996875762939453,-0.7089576805098334,1.5996875762939453,0.6529279179322858
8652.304701328278,-1.681365214140135,-1.0223341209100538,1.7999420166015625,0.9546253190141251
8652.354722738266,0.0,-1.2391694005396432,0.0,1.1621779646528243
8652.404594421387,0.0,-1.2719638973259855,0.0,1.2151615278501204
8652.454740524292,0.0,-1.0200879703682872,0.0,0.9829038300482831
8652.504755496979,0.0,-0.08914527675112055,0.0,0.08507289117700101
8652.554703950882,0.0,0.4378672240474226,0.0,-0.5070338810940043
8652.604541301727,0.0,0.6219965481149579,0.0,-0.7174160778090759
8652.654765367508,0.0,0.4444902335424694,0.0,-0.5168571865403201
8652.704519748688,-0.19901752471923828,0.005682496972978707,0.19901752471923828,-0.04966729813836075
8652.754714727402,-0.3997974395751953,-0.06463034376615251,0.3997974395751953,0.030679482614862582
8652.804488897324,-0.5988941192626953,-0.19153814132834096,0.5988941192626953,0.13218487791568778
8652.854759216309,-0.7999753952026367,-0.2523173428525008,0.7999753952026367,0.20224281246871198
8652.904584407806,-0.9992761611938477,-0.4428826707185395,0.9992761611938477,0.3513081812521682
8652.954634189606,-1.1608161626588682,-0.5210021306603344,1.1994752883911133,0.5097291723606896
8653.004705667496,-1.1608161626588682,-0.6311486090253302,1.3997611999511719,0.6438255949873177
8653.05481171608,-1.1608161626588682,-0.6834044405828896,1.6001853942871094,0.7691479794046323
8653.104741573334,0.0,-0.7288144546393507,0.0,0.9042878057430163
8653.154615402222,-0.1994953155517578,-0.7107708877674563,0.1994953155517578,1.067994369478344
8653.204513072968,-0.39908599853515625,-0.15507337098187765,0.39908599853515625,0.49468279275106875
8653.25474524498,-0.558955368613349,0.2142766440694336,0.6000146865844727,0.0017580916624336806
8653.304711818695,-0.558955368613349,0.0788027837795545,0.7998809814453125,0.0546867853751565
8653.354793787003,-0.558955368613349,-0.14715406793632999,1.000208854675293,0.40452320479216997
8653.404732227325,-0.558955368613349,-0.38830060421804985,1.1999626159667969,0.7700672642094952
8653.454717636108,-0.758897003745185,-0.45267299887912416,1.3999042510986328,0.983286036099305
8653.504708766937,-0.76160167570356,-0.3887161877538333,1.5998687744140625,1.110444517032615
8653.55494260788,-0.573442849845331,-0.3661324989838207,1.8008041381835938,1.2659525720225497
8653.604858875275,-0.573442849845331,-0.4292808048263599,2.000469207763672,1.5182374899845144
8653.654666423798,-0.7418974956439541,-0.4667102076650408,2.1996994018554688,1.7389491767380534
8653.70466184616,-0.7418974956439541,-0.3581327969923287,2.3996810913085938,1.936593932057401
8653.754525899887,-0.6077312110541411,-0.28593352347950945,2.599137306213379,2.1421585758250883
8653.804828882217,-0.6077312110541411,-0.25623936621072585,2.800349235534668,2.280057549943516
8653.85480260849,-0.6045998875424963,-0.21990002572914136,3.000244140625,2.3598219157946074
8653.90474820137,-0.6045998875424963,-0.18591158406870428,3.0045998875424966,2.3964115763315665
8653.954557657242,-0.6045998875424963,-0.19443987661696743,3.0045998875424966,2.5018803495624935
8654.004813671112,-0.6045998875424963,-0.21493402071272352,3.0045998875424966,2.618520897094939
8654.054730653763,-0.6045998875424963,-0.26217581134131557,3.0045998875424966,2.6818955045215604
8654.104674816132,-0.4048232380673986,-0.23010010230931405,2.804823238067399,2.7138341844536895
8654.154766321182,-0.2579529308045516,-0.10520315758905208,2.657952930804552,2.797606565253426
8654.204901456833,-0.2579529308045516,-0.04203112709827921,2.657952930804552,2.837842156063255
8654.25461602211,-0.10779718902258595,-0.015131205755380515,2.507797189022586,2.7022333370104086
8654.30473780632,-0.10779718902258595,-0.0054472340719369855,2.507797189022586,2.496998671047258
8654.354687213898,-0.10779718902258595,-0.0019610042658973147,2.507797189022586,2.277937847382677
8654.4047498703,0.08694392246301152,-0.0007059615357230333,2.313056077536989,2.047930235149927
8654.454578399658,0.08694392246301152,-0.000254146152860292,2.313056077536989,1.955003688746381
8654.504619836807,0.08694392246301152,0.05313078216524374,2.313056077536989,1.931715265517362
8654.554576396942,0.08694392246301152,0.268218419498723,2.313056077536989,1.9167578562277297
8654.604957580566,0.08694392246301152,0.44269625599855944,2.313056077536989,1.8782137183252956
8654.654781341553,0.08694392246301152,0.5094338354671291,2.313056077536989,1.8510861664260858
8654.704911231995,0.28746348423058965,0.47430149545208067,2.1125365157694107,1.7804244185416258
8654.754575967789,0.4861224274068592,0.40312079607225226,1.9138775725931412,1.6849647983883032
8654.804817914963,0.6870902161031482,0.36943320281068126,1.7129097838968521,1.5649763664594007
8654.854851722717,0.7667888228958017,0.46883047168288106,1.6332111771041986,1.317646855866577
8654.904815196991,0.8003408663145544,0.6828890748435263,1.599659133685446,1.1270971041043993
8654.954618930817,0.8003408663145544,0.909491468940282,1.599659133685446,1.0508309724731588
8655.004981517792,0.8003408663145544,1.0478597722556964,1.599659133685446,1.061965710740209
8655.054786682129,0.8003408663145544,1.0706238642492332,1.599659133685446,1.1137179542139484
8655.104996919632,0.6221653346839681,1.0271410952267088,1.7778346653160324,1.1507627061088792
8655.154537916183,0.6526756517539991,0.95798623121704,1.7473243482460012,1.223534112849709
8655.204748630524,0.6526756517539991,0.878576196039648,1.7473243482460012,1.3098680039687907
8655.254822731018,0.6770370529347031,0.7869785058992855,1.7229629470652972,1.408398661390923
8655.304795265198,0.7290363615465745,0.7370321546255738,1.6709636384534259,1.4184549880180297
8655.354645729065,0.8157561943879095,0.7664598200652311,1.5842438056120909,1.4311866938645914
8655.404831886292,0.8157561943879095,0.7880199774463956,1.5842438056120909,1.4026220905527635
8655.454722642899,0.7950083893025439,0.8510890730986589,1.6049916106974564,1.2863437581448016
8655.504687309265,0.7717489545041327,0.9089029429710959,1.6282510454958676,1.2238152068276973
8655.554518461227,0.7434810921392241,0.9532899212249655,1.6565189078607763,1.2144658556492247
8655.604807853699,0.7434810921392241,0.9454075915125086,1.6565189078607763,1.217996053370635
8655.654691696167,0.7103170079517428,0.9018734224739221,1.6896829920482577,1.2482966515324594
8655.704947948456,0.7421672151935783,0.8465739200628715,1.657832784806422,1.3162561106527595
8655.754736423492,0.7421672151935783,0.7881039801877826,1.657832784806422,1.4040403931562215
8655.804765224457,0.775158519997579,0.7641963275781425,1.6248414800024213,1.451628342958359
8655.854821681976,0.8350024602084969,0.7858054845039064,1.5649975397915035,1.45116808021977
8655.90483546257,0.889656137183152,0.8084599497975354,1.5103438628168484,1.408520228880338
8655.95470380783,0.889656137183152,0.8731642433307687,1.5103438628168484,1.3976332141939494
8656.004836797714,0.8942652239536042,0.9334085941899581,1.5057347760463962,1.3549010393852123
8656.05462360382,0.8807339360662277,0.9803536043377673,1.5192660639337725,1.3008584775150107
8656.104640245438,0.8893296877623551,0.9946437754325375,1.5106703122376453,1.2902051281077966
8656.15480518341,0.8893296877623551,0.9980173591885199,1.5106703122376453,1.323084273498415
8656.204807043076,0.8768618079778479,0.9514148718397579,1.5231381920221525,1.3283903689007135
8656.25472831726,0.8744373529276734,0.9426404673915181,1.525562647072327,1.3543896373803679
8656.30456662178,0.9543201048918124,0.9254139628074554,1.445679895108188,1.3851730858097766
8656.354770183563,0.9543201048918124,0.9200081765435453,1.445679895108188,1.3627208388379919
8656.404530525208,0.9582722828191097,0.9089716818254823,1.4417277171808907,1.3307408899020567
8656.454523801804,0.9984200544905144,0.9746882872458088,1.401579945509486,1.4033285478336124
8656.504713535309,1.0601826694980727,1.012206238150923,1.3398173305019276,1.3605562865584793
8656.554555892944,1.0579042871802018,1.0508592325354797,1.3420957128197986,1.3296886737292897
8656.604625225067,1.0996050570271023,1.0800197004522747,1.300394942972898,1.2778140421561917
8656.654541015625,1.0996050570271023,1.1157517342297743,1.300394942972898,1.1163358276791282
8656.70456790924,1.0621096553739047,1.1350121560762587,1.3378903446260957,1.0789296550407497
8656.75450205803,1.0894213367730017,1.1322026370669698,1.3105786632269987,1.1134169646330292
8656.804579734802,1.053533320598048,1.1343232388033377,1.3464666794019524,1.1216204362473827
8656.85452079773,1.053533320598048,1.1244547269845213,1.3464666794019524,1.1891815208445289
8656.904564619064,1.1204092016361058,1.1071476329125478,1.2795907983638946,1.2561394241947044
8656.954694747925,1.1204092016361058,1.096392404631049,1.2795907983638946,1.2566909408866684
8657.004524946213,1.0805820921394327,1.0915672105295435,1.3194179078605677,1.2469047361480947
8657.0548183918,1.0805820921394327,1.1323736615804307,1.3194179078605677,1.2386662597847373
8657.104491949081,1.1487186527234785,1.1527663650927833,1.2512813472765218,1.2096594966194292
8657.154512643814,1.1487186527234785,1.1444992893749915,1.2512813472765218,1.2555610178735706
8657.204800367355,1.2099014838874778,1.1085821058922212,1.1900985161125226,1.2847880210456915
8657.254529714584,1.2130959531348506,1.1170358920063925,1.1869040468651497,1.1943299944154382
8657.304585456848,1.2918886238406593,1.1691039179789908,1.108111376159341,1.1380051389319403
8657.354691267014,1.2918886238406593,1.1831756082187135,1.108111376159341,1.0694162946337236
8657.404485225677,1.2918886238406593,1.1716611354473843,1.108111376159341,1.0362189591429392
8657.45474243164,1.3591436405061788,1.1844481926514872,1.0408563594938216,1.0506609189809417
8657.504526853561,1.4090094050502302,1.1953460419662298,0.9909905949497702,1.1089102140057463
8657.554794311523,1.4090094050502302,1.169072896641046,0.9909905949497702,1.0696926561947482
8657.604846477509,1.3667344812797777,1.1792325033193412,1.0332655187202227,1.0163874118789131
8657.65481877327,1.409163531490355,1.2266959710161298,0.9908364685096455,1.0075398214792286
8657.704558134079,1.3356511696218416,1.306600140210643,1.0643488303781588,0.9850729487467434
8657.754819631577,1.3356511696218416,1.3232700610196546,1.0643488303781588,0.9864647882745966
8657.80483174324,1.2987112684584126,1.3667105120671734,1.1012887315415878,1.0358746849620213
8657.854789018631,1.2631906602190224,1.3614946251721243,1.136809339780978,1.1082255841418696
8657.904542446136,1.2791797243716594,1.2744740359405657,1.120820275628341,1.1467654323980065
8657.954806566238,1.2791797243716594,1.1809401480824941,1.120820275628341,1.2314304548408335
8658.004833936691,1.36416012540062,1.1272007907082269,1.0358398745993804,1.244993101521936
8658.054767847061,1.316196140884566,1.141937332796441,1.0838038591154344,1.2060364523999478
8658.104763746262,1.316196140884566,1.1987988319804859,1.0838038591154344,1.1625164522936078
8658.154756069183,1.3760268348707556,1.2459396612695666,1.0239731651292447,1.045471447975998
8658.204736948013,1.31674176881424,1.3162927565116336,1.0832582311857604,0.9757401555555695
8658.254786252975,1.2882971673333485,1.3490444876124377,1.1117028326666518,1.030419676653539
8658.30466389656,1.2267592611183482,1.3586968156350818,1.1732407388816521,1.0773730787582378
8658.354816675186,1.2267592611183482,1.351472815489286,1.1732407388816521,1.1424665729861443
8658.404786109924,1.207686140564863,1.32349345706064,1.1923138594351375,1.2453386931655759
8658.45468711853,1.2281125097754533,1.2800281964140838,1.171887490224547,1.3991121250046952
8658.504515647888,1.2281125097754533,1.2092483993434084,1.171887490224547,1.4517021726722836
8658.554631948471,1.2281125097754533,1.1775273283504188,1.171887490224547,1.4686258703883404
8658.60460782051,1.325083729606995,1.1782880520885972,1.0749162703930053,1.3282274462133379
8658.654685497284,1.2951748551754676,1.219349828817813,1.1048251448245328,1.2305601235872412
8658.704502344131,1.2951748551754676,1.2870886590927966,1.1048251448245328,1.1295260785810677
8658.754547595978,1.3242704090521022,1.3733578205174253,1.075729590947898,1.1051717686221312
8658.80451798439,1.3303160620532837,1.346852319719769,1.0696839379467167,1.1540616734349243
8658.85483455658,1.2769870134511192,1.3705187859352985,1.1230129865488812,1.2512182611295048
8658.904611110687,1.2708652886057676,1.2704319985705574,1.1291347113942327,1.2059731323028253
8658.95460820198,1.2708652886057676,1.2011209880828129,1.1291347113942327,1.177915810531544
8659.005118608475,1.2708652886057676,1.1785067852325177,1.1291347113942327,1.1507763000677231
8659.054603815079,1.2849193542311097,1.2012126065249538,1.1150806457688907,1.1264579891806914
8659.104878902435,1.2849193542311097,1.2012126065249538,1.1150806457688907,1.1264579891806914
8659.154894590378,1.2849193542311097,1.2012126065249538,1.1150806457688907,1.1264579891806914
8659.204572677612,1.2977269766802833,1.2406965605720546,1.102273023319717,1.148201050005226
8659.254809141159,1.2955586820003515,1.2406965605720546,1.1044413179996488,1.148201050005226
8659.304744005203,1.2955586820003515,1.2406965605720546,1.1044413179996488,1.148201050005226
8659.354709863663,1.2933210978584295,1.2928753379723243,1.1066789021415708,1.2392908642892755
8659.40479016304,1.2933210978584295,1.2928753379723243,1.1066789021415708,1.2392908642892755
8659.455093860626,1.2933210978584295,1.312607740248013,1.1066789021415708,1.2782513726736624
8659.504731178284,1.4918703684883123,1.3435473292379192,1.1512164373276437,1.2896696107974956
8659.554818868637,1.6922211299018866,1.3435473292379192,1.1512164373276437,1.2896696107974956
8659.604531764984,1.493369544513703,1.3105556281846997,1.1199588606632151,1.146328903042669
8659.654797315598,1.6944317469673162,1.281235606219902,1.1076809298638244,1.1259075264950962
8659.704761981964,1.8942904124336248,1.281235606219902,1.1076809298638244,1.1259075264950962
8659.75454044342,2.09340425825882,1.5190194797234242,1.0217797299730167,1.0817902196623277
8659.804807662964,2.2944731364326483,1.5425732822249236,1.1346670496445375,1.1224453275905484
8659.854871034622,2.465332950355462,1.5425732822249236,1.1346670496445375,1.1224453275905484
8659.90481710434,2.4277322192868303,2.0363782976888105,1.1722677807131694,1.2206413555017492
8659.954714536667,2.4277322192868303,2.0363782976888105,1.1722677807131694,1.2206413555017492
8660.004847288132,2.4277322192868303,2.0363782976888105,1.1722677807131694,1.2206413555017492
8660.054844141006,2.227744807787807,2.3800290482361195,1.3722551922121928,1.372074236246352
8660.104741096497,2.213752918463681,2.3800290482361195,1.3862470815363184,1.372074236246352
8660.154603242874,2.2909199420895217,2.2384847869597504,1.309080057910478,1.4504803335373635
8660.204677581787,2.2909199420895217,2.2384847869597504,1.309080057910478,1.4504803335373635
8660.254694223404,2.2909199420895217,2.2384847869597504,1.309080057910478,1.4504803335373635
8660.305765867233,2.2193480206372924,1.6834358242077614,1.3806519793627072,1.5517275115468938
8660.354694843292,2.3969281815479664,1.6834358242077614,1.2030718184520333,1.5517275115468938
8660.404793977737,2.3969281815479664,1.6834358242077614,1.2030718184520333,1.5517275115468938
8660.454711914062,2.3969281815479664,1.6834358242077614,1.2030718184520333,1.5517275115468938
8660.504692077637,2.2029351128916304,1.6851163254828907,1.3970648871083693,1.517310805044827
8660.55482840538,2.2029351128916304,1.6851163254828907,1.3970648871083693,1.517310805044827
8660.604821920395,2.2029351128916304,1.6851163254828907,1.3970648871083693,1.517310805044827
8660.654517412186,2.270616424841179,2.0663842268215524,1.3293835751588206,1.3536222976023227
8660.704714536667,2.2303437500118806,2.0663842268215524,1.3696562499881189,1.3536222976023227
8660.7548122406,2.2303437500118806,2.0663842268215524,1.3696562499881189,1.3536222976023227
8660.804830551147,2.2303437500118806,2.0663842268215524,1.3696562499881189,1.3536222976023227
8660.854484796524,2.1015455516381727,1.9080913237019126,1.4984544483618272,1.577130074675551
8660.904782533646,2.1015455516381727,1.9080913237019126,1.4984544483618272,1.577130074675551
8660.954863071442,2.1015455516381727,1.9080913237019126,1.4984544483618272,1.577130074675551
8661.004532575607,2.0670793285717357,1.6862128156298288,1.5329206714282637,1.618850406315188
8661.054828882217,2.0321742185993057,1.6862128156298288,1.5678257814006942,1.618850406315188
8661.104810476303,2.0321742185993057,1.6862128156298288,1.5678257814006942,1.618850406315188
8661.154612064362,2.0321742185993057,1.6436626870083497,1.5678257814006942,1.6227519694065897
8661.204818487167,2.064946779959308,1.6602297281412892,1.5350532200406912,1.6214223255572229
8661.254796504974,2.064946779959308,1.6602297281412892,1.5350532200406912,1.6214223255572229
8661.304785013199,2.064946779959308,1.6602297281412892,1.5350532200406912,1.6214223255572229
8661.35462808609,2.174402656072198,1.610462680729119,1.4255973439278018,1.688867610836322
8661.404700279236,2.196467319354526,1.610462680729119,1.4035326806454735,1.688867610836322
8661.454856395721,2.196467319354526,1.610462680729119,1.4035326806454735,1.688867610836322
8661.504464626312,2.1435949464672066,1.7888090426237238,1.4564050535327933,1.6459981346208696
8661.554839134216,2.1435949464672066,1.7888090426237238,1.4564050535327933,1.6459981346208696
8661.604819059372,2.1435949464672066,1.7888090426237238,1.4564050535327933,1.6459981346208696
8661.654782056808,2.06249494672004,2.0555819618401743,1.5375050532799595,1.5300866413309318
8661.704736232758,2.118099793415305,2.0555819618401743,1.4819002065846945,1.5300866413309318
8661.754898548126,2.118099793415305,2.0555819618401743,1.4819002065846945,1.5300866413309318
8661.804617881775,2.2219094765174825,1.9915862798174013,1.3780905234825171,1.5877754510900721
8661.854813814163,2.13116403995148,1.9915862798174013,1.4688359600485197,1.5877754510900721
8661.904843091965,2.13116403995148,1.9915862798174013,1.4688359600485197,1.5877754510900721
8661.954761266708,2.13116403995148,1.7069671910711974,1.4688359600485197,1.644117999523451
8662.00455236435,2.1215793262299667,1.7069671910711974,1.4784206737700327,1.644117999523451
8662.054821491241,2.1215793262299667,1.7069671910711974,1.4784206737700327,1.644117999523451
8662.104520559311,2.1215793262299667,1.8088129019908,1.4784206737700327,1.613543076861047
8662.154824495316,2.0799109871075734,1.8088129019908,1.5200890128924265,1.613543076861047
8662.204854488373,2.0799109871075734,1.8088129019908,1.5200890128924265,1.613543076861047
8662.254705667496,2.0799109871075734,1.8088129019908,1.5200890128924265,1.613543076861047
8662.304516077042,2.107942885271993,1.8559411064657185,1.4920571147280068,1.5946173864939346
8662.354890346527,2.107942885271993,1.8646854696197874,1.4920571147280068,1.6059534429513533
8662.404690027237,2.107942885271993,1.8646854696197874,1.4920571147280068,1.6059534429513533
8662.454602241516,2.133881298624383,1.7988048222774167,1.4661187013756167,1.7180533583793212
8662.504724740982,2.0074476760114717,1.7988048222774167,1.592552323988528,1.7180533583793212
8662.554838180542,2.0074476760114717,1.7988048222774167,1.592552323988528,1.7180533583793212
8662.604698419571,2.0074476760114717,1.7988048222774167,1.592552323988528,1.7180533583793212
8662.6546792984,2.109041331970173,1.6557256714644089,1.4909586680298266,1.6450309929374023
8662.704911470413,2.109041331970173,1.6557256714644089,1.4909586680298266,1.6450309929374023
8662.754708051682,2.109041331970173,1.6557256714644089,1.4909586680298266,1.6450309929374023
8662.80458855629,2.104212236054176,1.8375802793900018,1.4957877639458235,1.6704267100341974
8662.854833126068,2.104212236054176,1.8375802793900018,1.4957877639458235,1.6704267100341974
8662.904489517212,2.104212236054176,2.0472769714773156,1.4957877639458235,1.7070773519362887
8662.954739570618,2.004943114162997,2.0599642740118775,1.5950568858370024,1.673684935407989
8663.004880428314,2.004943114162997,2.0599642740118775,1.5950568858370024,1.673684935407989
8663.054478168488,2.0131592096911604,2.0177701767216387,1.5868407903088393,1.6173155372158141
8663.104708433151,1.935775265312592,1.9757323536831297,1.6642247346874077,1.6356678047666222
8663.154597759247,1.9765854505500022,1.7571883603621086,1.6234145494499974,1.6968498877286993
8663.204806566238,1.9765854505500022,1.7571883603621086,1.6234145494499974,1.6968498877286993
8663.254852294922,1.9765854505500022,1.7571883603621086,1.6234145494499974,1.6968498877286993
8663.30453801155,2.0070677797706273,1.6957202726734033,1.5929322202293723,1.7293259927661673
8663.354804515839,2.0070677797706273,1.6957202726734033,1.5929322202293723,1.7293259927661673
8663.404837369919,2.0070677797706273,1.6957202726734033,1.5929322202293723,1.7293259927661673
8663.454717636108,2.0046952070014514,1.7358280319698207,1.5953047929985482,1.6525699580115554
8663.504873991013,2.0046952070014514,1.7358280319698207,1.5953047929985482,1.6525699580115554
8663.55474615097,2.0046952070014514,1.7358280319698207,1.5953047929985482,1.6525699580115554
8663.604708909988,2.0046952070014514,1.8028150851035438,1.5953047929985482,1.5501222667278962
8663.654596805573,2.061928480879777,1.8054040941300584,1.5380715191202228,1.5279249225367377
8663.70470547676,2.061928480879777,1.8054040941300584,1.5380715191202228,1.5279249225367377
8663.754513502121,2.013941768924762,1.9253644451226148,1.5860582310752376,1.5314569241923381
8663.804733276367,2.0288873964819563,1.9253644451226148,1.5711126035180434,1.5314569241923381
8663.854732751846,2.0288873964819563,1.9253644451226148,1.5711126035180434,1.5314569241923381
8663.904664516449,2.0288873964819563,1.8567540618600513,1.5711126035180434,1.5442233985788483
8663.95483136177,1.9583559042961531,1.8030908329976836,1.6416440957038465,1.549044615395478
8664.004825592041,1.9583559042961531,1.8030908329976836,1.6416440957038465,1.549044615395478
8664.054477930069,1.9583559042961531,1.7792489524192001,1.6416440957038465,1.596911333957459
8664.10469675064,2.02111305023097,1.7972095963660708,1.5788869497690297,1.6234252351278933
8664.154711723328,2.02111305023097,1.7972095963660708,1.5788869497690297,1.6234252351278933
8664.204864501953,2.02111305023097,1.7972095963660708,1.5788869497690297,1.6234252351278933
8664.254699707031,2.1166145741879228,1.7332144924359292,1.4833854258120769,1.7864970656653296
8664.30484366417,2.1166145741879228,1.7332144924359292,1.4833854258120769,1.7864970656653296
8664.354734659195,2.1166145741879228,1.7332144924359292,1.4833854258120769,1.7864970656653296
8664.404702425003,1.9423109515796795,1.868517286656393,1.6576890484203202,1.7292885901614774
8664.454750061035,2.0061772997038734,1.8869541448820195,1.593822700296126,1.7337947441390007
8664.5048224926,2.0061772997038734,1.8869541448820195,1.593822700296126,1.7337947441390007
8664.55467247963,1.9202427581175463,1.9663323904571486,1.6797572418824533,1.6220913370526617
8664.604718923569,1.9202427581175463,1.8856436220108002,1.6797572418824533,1.6466464066551199
8664.654883146286,1.9202427581175463,1.8856436220108002,1.6797572418824533,1.6466464066551199
8664.704524040222,2.0021189486901814,1.777565122679823,1.5978810513098183,1.6844940846050007
8664.75489449501,2.0021189486901814,1.777565122679823,1.5978810513098183,1.6844940846050007
8664.804743766785,2.0021189486901814,1.777565122679823,1.5978810513098183,1.6844940846050007
8664.854644060135,1.9458924160813464,1.6830013910621142,1.6541075839186532,1.7200435841210722
8664.904889345169,1.9458924160813464,1.6789471578413089,1.6541075839186532,1.7282477405147576
8664.95470070839,1.9458924160813464,1.6789471578413089,1.6541075839186532,1.7282477405147576
8665.004665851593,2.145752988896288,1.8945590504471705,1.4542470111037118,1.6700741856293317
8665.054794073105,2.1463817535764687,1.8907157319234935,1.453618246423531,1.676589613282553
8665.104573011398,2.1366587854198564,1.9190219022314714,1.4633412145801434,1.6919620722975273
8665.154626131058,2.111063164012695,1.9019010654979098,1.4889368359873045,1.7205437096516825
8665.204611063004,2.111063164012695,1.8966998073539667,1.4889368359873045,1.6909692742548181
8665.254484653473,2.151190422536293,1.8909375696092199,1.4488095774637066,1.5701764652057335
8665.30457520485,2.0908530776053187,1.9034235916868214,1.5091469223946807,1.4858812127920573
8665.35457277298,2.0337638410720604,1.92659821661718,1.5662361589279392,1.4480301392464372
8665.404517412186,2.0337638410720604,1.9388390060153269,1.5662361589279392,1.5154004187246035
8665.454563617706,2.1064405199472382,1.9759015444238184,1.4935594800527614,1.6417914232323123
8665.50462436676,2.0284996462932967,1.952762105583639,1.5715003537067027,1.7274043751016694
8665.554505109787,2.0284996462932967,1.8835612410972682,1.5715003537067027,1.7132246229263104
8665.604528188705,2.0284996462932967,1.892535052585727,1.5715003537067027,1.691761283870171
8665.654722929,2.1086028095888194,1.9053432475853718,1.4913971904111802,1.6755832128498735
8665.704755783081,2.033390896040246,1.8726811527488978,1.5666091039597538,1.6245776591100853
8665.75462937355,2.0789783454706985,1.8594480700234777,1.521021654529301,1.6100450626873455
8665.80480837822,2.0789783454706985,1.8535969476797653,1.521021654529301,1.5689803268383793
8665.854521274567,2.0860814532557055,1.8592521603428773,1.5139185467442942,1.5912625565244265
8665.904814481735,2.0860814532557055,1.8289078946896835,1.5139185467442942,1.5937515940945213
8665.954728126526,2.084953415915595,1.8418587091918628,1.5150465840844047,1.6417772929673506
8666.004730701447,2.0740109166394287,1.8555807558306159,1.5259890833605707,1.6488325510312956
8666.054668664932,2.0740109166394287,1.877869225297264,1.5259890833605707,1.668280536433095
8666.104700088501,2.0746747214346426,1.8626872408701987,1.5253252785653573,1.6531277660727626
8666.1547062397,1.8746501166372793,1.8580893889062646,1.7253498833627205,1.630811010510926
8666.20487999916,1.6739550787954824,1.8691853981611626,1.9260449212045174,1.6252035598914163
8666.254511833191,1.475427742674877,1.8943317950271665,2.1245722573251227,1.6199145138607145
8666.304651975632,1.6759883124380606,1.8526832039536154,1.924011687561939,1.7248979790334364
8666.354743480682,1.8763543326406973,1.7046126571433944,1.7236456673593024,1.9095492976900743
8666.404826402664,1.6760226447134512,1.529221374290128,1.9239773552865485,2.157152560400849
8666.454833984375,1.876052971556713,1.5140053123820802,1.7239470284432867,2.2004154826573914
8666.504760026932,2.0757571417837637,1.6094874080630175,1.524242858216236,2.0636721481814044
8666.554739236832,2.117359545794617,1.6561369539479744,1.4826404542053824,1.9305231820321342
8666.604748010635,2.148100762633385,1.8213716235582948,1.4518992373666149,1.7633161634484384
8666.654829263687,2.181999353242212,2.0416905839499804,1.4180006467577875,1.597588075051765
8666.704548597336,1.9831220186474856,2.2078750691148152,1.616877981352514,1.4432450721919752
8666.754835367203,1.7819749391797122,2.2315805826663677,1.8180250608202875,1.3588425942752438
8666.80480670929,1.5820895708325442,2.201413290765752,2.0179104291674554,1.338372863358033
8666.854696035385,1.38253226645022,1.9633345808029903,2.2174677335497797,1.4652157725187918
8666.904523611069,1.183221963715845,1.6335760428467059,2.4167780362841547,1.688478130148391
8666.954600811005,0.9829131639721926,1.4094503572210786,2.617086836027807,1.9473646609949613
8667.004510879517,0.7832728899243411,1.2944802755340976,2.8167271100756586,2.1555919025767163
8667.054723501205,0.58242240316897,1.2982506292185203,3.0175775968310297,2.3327006974611875
8667.104743719101,0.38234153158693873,1.234024431840933,3.217658468413061,2.4447566108272385
8667.154761075974,0.18227210409670436,1.1283285808097208,3.4177278959032953,2.5331847561490264
8667.204699277878,-0.017480703520483143,0.9334624597381669,3.617480703520483,2.6453894481572533
8667.254728078842,0.0667902102568092,0.7204295917374295,3.53320978974319,2.785023926693667
8667.304644346237,0.16674281512642586,0.4304262545355225,3.4332571848735736,2.903950395225931
8667.354769468307,0.16674281512642586,0.12861951324277154,3.4332571848735736,2.9109737379692016
8667.40491271019,0.21187069493138755,0.3072968946681012,3.3881293050686123,2.8395113099816562
8667.454699754715,0.4110188730319735,0.615069426063976,3.1889811269680264,2.6882524186087773
8667.50467133522,0.4707127026219966,0.8533190120330864,3.129287297378003,2.572273052705996
8667.554849624634,0.4707127026219966,1.0001932297612934,3.129287297378003,2.4688307322169565
8667.604790210724,0.4707127026219966,1.0105640213894502,3.129287297378003,2.4056139043726406
8667.6545753479,0.4707127026219966,0.9572736592724677,3.129287297378003,2.3940494460496144
8667.704619646072,0.6708898953099849,0.8946995605814966,2.9291101046900145,2.3888940859782517
8667.754692316055,0.7359420949464732,0.8470833254976933,2.864057905053526,2.4165219801288065
8667.804714679718,0.7491225477021297,0.8685358889028023,2.85087745229787,2.3896339584930377
8667.854727745056,0.8308473481624439,0.9941568753883097,2.7691526518375555,2.2884845822886337
8667.904615879059,0.8230483404953417,1.160180677715475,2.776951659504658,2.1246816524208443
8667.9548163414,0.8230483404953417,1.2375323020494704,2.776951659504658,2.102030799687178
8668.00472664833,0.8419428525251663,1.2549946514276287,2.758057147474833,2.122379610264398
8668.054851770401,0.9323176508129668,1.2144606092276915,2.6676823491870327,2.146188436504876
8668.104568481445,0.8967698733082781,1.1640046588910606,2.7032301266917216,2.1828955335223705
8668.154742479324,0.8967698733082781,1.1627675492405767,2.7032301266917216,2.1651309033442985
8668.204558849335,0.9818898506202227,1.1900025009694055,2.6181101493797767,2.1559398400858445
8668.254757881165,0.9818898506202227,1.2307299494593984,2.6181101493797767,2.1304202304390216
8668.304785490036,1.0140208190859301,1.255256881231653,2.5859791809140695,2.090830157736795
8668.355068922043,1.0212992516155825,1.28515372869298,2.578700748384417,2.100719291164824
8668.404684066772,1.047375648959821,1.297476046789617,2.552624351040179,2.1016180270413214
8668.454728841782,1.047375648959821,1.299593293729638,2.552624351040179,2.149238053089368
8668.504691839218,1.047375648959821,1.2941716637837462,2.552624351040179,2.098122600242849
8668.554777383804,1.1454814463338785,1.33917114710668,2.454518553666121,2.129014455148705
8668.604517698288,1.1075934325209427,1.3656928452582096,2.492406567479057,2.1143656931647516
8668.654689788818,1.1075934325209427,1.36134980843297,2.492406567479057,2.125294827067692
8668.704750061035,1.1075934325209427,1.4040518047541308,2.492406567479057,2.0946070275225064
8668.754699468613,1.1075934325209427,1.391477264480469,2.492406567479057,2.0760618038720304
8668.804668426514,1.1075934325209427,1.3814960089385546,2.492406567479057,2.0858591313748267
8668.854796171188,1.1075934325209427,1.3775125038764489,2.492406567479057,2.081466132959916
8668.904525756836,0.0,1.3662415632775406,0.0,2.1160411409954527
8668.954719543457,0.0,1.3296049889029615,0.0,2.1157395925195326
8669.00468492508,0.0,1.1598371382749637,0.0,1.8679658348347417
8669.054637670517,0.0,0.36421349106537915,0.0,0.4728841665382028
8669.104542255402,0.0,-0.03742035463461538,0.0,-0.45216664732713086
8669.154740333557,0.0,-0.12878626192215417,0.0,-0.7399644770427415
8669.204757928848,0.20007038116455078,-0.06061902113415003,0.20007038116455078,-0.4714538056208087
8669.25459265709,0.39940929412841797,-0.02182284760829401,0.39940929412841797,-0.10531232128334257
8669.304720163345,0.599919319152832,0.20560093187681466,0.599919319152832,0.25851336525752944
8669.354743242264,0.8000116348266602,0.5210834555508791,0.8000116348266602,0.5135207941777997
8669.404800891876,1.0002422332763672,0.8229309563403879,1.0002422332763672,0.7122115410797891
8669.454712152481,1.1998872756958008,1.0421194116317827,1.1998872756958008,0.8894006794965184
8669.504672527313,1.2570520206481866,1.2051770882622097,1.399728775024414,1.0455453200200528
8669.554872989655,1.2449282595658846,1.2991669057660948,1.6005306243896484,1.174686372389531
8669.604721546173,1.271683784820493,1.390593886811268,1.7999248504638672,1.2835010934269913
8669.654757022858,1.2695311827733962,1.4009894038815731,2.0000667572021484,1.4241430323742565
8669.704839229584,1.2695311827733962,1.4030868830292023,2.2003955841064453,1.6091913495572592
8669.754524707794,1.2526183696746487,1.3642891009572242,2.347381630325351,1.8336513607780522
8669.804505825043,1.2526183696746487,1.3587276325198328,2.347381630325351,2.0774599564938683
8669.854488134384,1.2526183696746487,1.3274567622747058,2.347381630325351,2.1625618023706297
8669.904554605484,1.2526183696746487,1.3321531378795874,2.347381630325351,2.1002770000588713
8669.954741954803,1.2526183696746487,1.322910104879266,2.347381630325351,1.9365795469483786
8670.004556417465,1.2526183696746487,1.3648695974428149,2.347381630325351,1.85665393410448
8670.05467414856,0.0,1.3688041315869817,0.0,1.8015692825495855
8670.104753255844,0.0,1.3688041315869817,0.0,1.8015692825495855
8670.154841899872,0.0,1.3689776056231664,0.0,1.8822138923607277
8670.204692363739,0.0,0.6674675342996695,0.0,0.8874764955592872
8670.254755973816,0.0,-0.17692218344679356,0.0,-0.4531253825450552
8670.304729223251,0.0,-0.23920899701875972,0.0,-0.6311255962148077
8670.354734659195,0.0,-0.17001803795215195,0.0,-0.5184439569341013
8670.404828310013,0.0,-0.08419086421857301,0.0,-0.35264627707760743
8670.454518795013,0.0,0.026684566982276395,0.0,-0.020715197421276775
8689.354582071304,0.19930553436279297,2.3851349271304875e-171,0.19930553436279297,5.3848177520938305e-171
8689.404783964157,0.4001131057739258,2.3851349271304875e-171,0.4001131057739258,5.3848177520938305e-171
8689.454517364502,0.5990467071533203,1.8546809193366668e-172,0.5990467071533203,4.187234284028162e-172
8689.504712343216,0.7998266220092773,1.112808551602e-172,0.7998266220092773,2.512340570416897e-172
8689.554733514786,0.9999113082885742,1.112808551602e-172,0.9999113082885742,2.512340570416897e-172
8689.60478758812,1.2001276016235352,0.5810908050203324,1.2001276016235352,0.3661877249789238
8689.654744386673,1.3999547958374023,0.7321136218824387,1.3999547958374023,0.5015320023961067
8689.70485830307,1.6004104614257812,0.7321136218824387,1.6004104614257812,0.5015320023961067
8689.754541397095,1.799142837524414,1.3624406489204397,1.799142837524414,1.1036384651304667
8689.804733991623,1.999913215637207,1.4172229905409235,1.999913215637207,1.2115418046260706
8689.854731559753,2.1999034881591797,1.4172229905409235,2.1999034881591797,1.2115418046260706
8689.9044880867,2.3989295959472656,1.7982051076982586,2.3989295959472656,1.802101180257142
8689.954708814621,2.5998125076293945,1.8550812543925148,2.5998125076293945,1.8872711451660038
8690.004742383957,2.7999467849731445,1.8550812543925148,2.7999467849731445,1.8872711451660038
8690.054507732391,2.9990081787109375,2.253665241134332,2.9990081787109375,2.2803788745080933
8690.104909181595,3.2006139755249023,2.253665241134332,3.2006139755249023,2.2803788745080933
8690.154721975327,3.39986515045166,2.5638068917462706,3.39986515045166,2.4581586615397444
8690.204501390457,3.598982810974121,2.5638068917462706,3.598982810974121,2.4581586615397444
8690.254871606827,3.5999999999999996,2.5638068917462706,3.5999999999999996,2.4581586615397444
8690.304576158524,3.5999999999999996,3.2361581156655794,3.5999999999999996,3.1258953457172245
8690.354520559311,3.5999999999999996,3.297839393019953,3.5999999999999996,3.223152497118445
8690.404733181,3.5999999999999996,3.297839393019953,3.5999999999999996,3.223152497118445
8690.45472574234,3.5999999999999996,3.297839393019953,3.5999999999999996,3.223152497118445
8690.504622220993,3.5999999999999996,3.400326207788254,3.5999999999999996,3.5241365579847894
8690.554755687714,3.5999999999999996,3.400326207788254,3.5999999999999996,3.5241365579847894
8690.604732751846,3.5999999999999996,3.400326207788254,3.5999999999999996,3.5241365579847894
8690.654534578323,3.5999999999999996,3.2193025106943676,3.5999999999999996,3.357772497222605
8690.70487499237,3.5999999999999996,3.2193025106943676,3.5999999999999996,3.357772497222605
8690.75476861,3.5999999999999996,3.2193025106943676,3.5999999999999996,3.357772497222605
8690.80453157425,3.5999999999999996,3.2565280630219187,3.5999999999999996,3.064452703050565
8690.85475730896,3.5999999999999996,3.334369661452067,3.5999999999999996,3.0971567006419845
8690.904830932617,3.5999999999999996,3.334369661452067,3.5999999999999996,3.0971567006419845
8690.954656600952,3.5999999999999996,3.334369661452067,3.5999999999999996,3.0971567006419845
8691.004702091217,3.5999999999999996,3.367515330284439,3.5999999999999996,2.4816144256112342
8691.054784059525,3.5999999999999996,3.367515330284439,3.5999999999999996,2.4816144256112342
8691.104512929916,3.5999999999999996,3.367515330284439,3.5999999999999996,2.4816144256112342
8691.154753446579,3.5999999999999996,3.4095379099195506,3.5999999999999996,2.8509178429458832
8691.204780578613,3.5999999999999996,3.4095379099195506,3.5999999999999996,2.8509178429458832
8691.254529714584,3.5999999999999996,3.4095379099195506,3.5999999999999996,2.8509178429458832
8691.304533720016,3.5999999999999996,3.3033572315357533,3.5999999999999996,3.037617209852529
8691.35454416275,3.5999999999999996,3.3442511724938395,3.5999999999999996,3.081847478926654
8691.404484033585,3.5999999999999996,3.3442511724938395,3.5999999999999996,3.081847478926654
8691.454789161682,3.5999999999999996,3.3442511724938395,3.5999999999999996,3.081847478926654
8691.504747152328,3.5999999999999996,3.5125455698780605,3.5999999999999996,3.1651771690931616
8691.55453491211,3.5999999999999996,3.5125455698780605,3.5999999999999996,3.1651771690931616
8691.604940414429,3.5999999999999996,3.5125455698780605,3.5999999999999996,3.1651771690931616
8691.654738664627,3.5999999999999996,3.452008717679276,3.5999999999999996,2.9133948811080224
8691.704610347748,3.5999999999999996,3.452008717679276,3.5999999999999996,2.9133948811080224
8691.75481724739,3.5999999999999996,3.452008717679276,3.5999999999999996,2.9133948811080224
8691.804705381393,3.5999999999999996,3.301145912399647,3.5999999999999996,3.0138617307996602
8691.85464477539,3.5999999999999996,3.2937371976320486,3.5999999999999996,3.016322705212584
8691.904828071594,3.5999999999999996,3.2937371976320486,3.5999999999999996,3.016322705212584
8691.954585552216,3.5999999999999996,3.3475565913249232,3.5999999999999996,2.9224330334118642
8692.004478931427,3.5999999999999996,3.3475565913249232,3.5999999999999996,2.9224330334118642
8692.054948806763,3.5999999999999996,3.3475565913249232,3.5999999999999996,2.9224330334118642
8692.104914665222,3.5999999999999996,3.550996635389553,3.5999999999999996,2.97827893346453
8692.154518842697,3.5999999999999996,3.5785568797780436,3.5999999999999996,3.005013882219221
8692.204952001572,3.5999999999999996,3.5785568797780436,3.5999999999999996,3.005013882219221
8692.254847049713,3.5999999999999996,3.5785568797780436,3.5999999999999996,3.005013882219221
8692.30453157425,3.5999999999999996,3.3920450713486363,3.5999999999999996,2.9415100902161972
8692.3547809124,3.5999999999999996,3.3920450713486363,3.5999999999999996,2.9415100902161972
8692.404828310013,3.5999999999999996,3.3920450713486363,3.5999999999999996,2.9415100902161972
8692.454500675201,3.5999999999999996,3.0790559199947163,3.5999999999999996,2.5783913516966175
8692.504687309265,3.5999999999999996,3.0790559199947163,3.5999999999999996,2.5783913516966175
8692.554698467255,3.5999999999999996,3.0790559199947163,3.5999999999999996,2.5783913516966175
8692.604540348053,3.5999999999999996,3.084822495275597,3.5999999999999996,2.5024199502773756
8692.654781103134,3.5999999999999996,3.084822495275597,3.5999999999999996,2.5024199502773756
8692.704921483994,3.5999999999999996,3.084822495275597,3.5999999999999996,2.5024199502773756
8692.754546880722,3.5999999999999996,3.527575953559305,3.5999999999999996,2.783148430865425
8692.804726362228,3.5999999999999996,3.606030025336877,3.5999999999999996,2.8599981683977953
8692.854803085327,3.5999999999999996,3.606030025336877,3.5999999999999996,2.8599981683977953
8692.904523134232,3.5999999999999996,3.760866243494561,3.5999999999999996,3.220027638864285
8692.954759597778,3.5999999999999996,3.7338291161376302,3.5999999999999996,3.291923972005705
8693.004849910736,3.5999999999999996,3.7338291161376302,3.5999999999999996,3.291923972005705
8693.054512500763,3.5999999999999996,3.4741872821428834,3.5999999999999996,3.2566989217899707
8693.104815483093,3.5999999999999996,3.4741872821428834,3.5999999999999996,3.2566989217899707
8693.154719114304,3.5999999999999996,3.409433326245698,3.5999999999999996,3.1609798551449613
8693.204512119293,3.5999999999999996,3.409433326245698,3.5999999999999996,3.1609798551449613
8693.25479888916,3.5999999999999996,3.409433326245698,3.5999999999999996,3.1609798551449613
8693.3048350811,3.5999999999999996,3.409433326245698,3.5999999999999996,3.1609798551449613
8693.354494094849,3.5999999999999996,3.5194253284939094,3.5999999999999996,2.91846852794159
8693.404831886292,3.5999999999999996,3.509531984282015,3.5999999999999996,2.8796785193375856
8693.45459485054,3.5999999999999996,3.5464705447390084,3.5999999999999996,3.0348842711868134
8693.504562139511,3.5999999999999996,3.5464705447390084,3.5999999999999996,3.0348842711868134
8693.554848194122,3.5999999999999996,3.5464705447390084,3.5999999999999996,3.0348842711868134
8693.604697704315,3.5999999999999996,3.3676579022878332,3.5999999999999996,3.2273258525181614
8693.654644966125,3.5999999999999996,3.3676579022878332,3.5999999999999996,3.2273258525181614
8693.704738140106,3.5999999999999996,3.3676579022878332,3.5999999999999996,3.2273258525181614
8693.754482746124,3.5999999999999996,3.402116379175726,3.5999999999999996,3.3565769519684507
8693.80465221405,3.5999999999999996,3.402116379175726,3.5999999999999996,3.3565769519684507
8693.85472035408,3.5999999999999996,3.402116379175726,3.5999999999999996,3.3565769519684507
8693.90482878685,3.5999999999999996,3.3708683613455386,3.5999999999999996,3.3103646382004834
8693.954533576965,3.5999999999999996,3.3708683613455386,3.5999999999999996,3.3103646382004834
8694.004718542099,3.5999999999999996,3.3708683613455386,3.5999999999999996,3.3103646382004834
8694.054575681686,3.5999999999999996,3.5392597713768126,3.5999999999999996,3.362359423438273
8694.104490756989,3.5999999999999996,3.5392597713768126,3.5999999999999996,3.362359423438273
8694.154733419418,3.5999999999999996,3.5392597713768126,3.5999999999999996,3.362359423438273
8694.204508543015,3.5999999999999996,3.5070650081230927,3.5999999999999996,3.410540325335864
8694.25472664833,3.5999999999999996,3.5070650081230927,3.5999999999999996,3.410540325335864
8694.304913043976,3.5999999999999996,3.5070650081230927,3.5999999999999996,3.410540325335864
8694.35458779335,3.5999999999999996,3.457308949158849,3.5999999999999996,3.532017422308224
8694.404827594757,0.0,3.4271183139838346,0.0,3.4996632770238505
8694.454712629318,0.0,3.4271183139838346,0.0,3.4996632770238505
8694.504533052444,0.0,2.9316870830765165,0.0,3.0135181346404227
8694.554773569107,0.0,1.890317211288857,0.0,1.9437926694075867
8694.604490756989,0.0,1.890317211288857,0.0,1.9437926694075867
8694.654738664627,0.0,1.890317211288857,0.0,1.9437926694075867
8694.704489469528,0.0,-1.4129197316612445,0.0,-1.113199304017373
8694.754697084427,0.0,-1.4129197316612445,0.0,-1.113199304017373
8694.804819107056,0.0,-1.4129197316612445,0.0,-1.113199304017373
8694.854807853699,0.0,-0.7688902757909906,0.0,-0.7019592262635092
8694.904821157455,0.0,-0.7688902757909906,0.0,-0.7019592262635092
8694.954761981964,0.0,-0.7688902757909906,0.0,-0.7019592262635092
8695.004742860794,0.0,0.7091072248269974,0.0,0.3817994475904263
8695.054698228836,0.0,0.7130895226067254,0.0,0.4290471248820957
8695.104931592941,0.0,0.5696489764046412,0.0,0.3929336967347456
8695.154741287231,0.0,0.3647404603168395,0.0,0.2958007306675336
8695.204773426056,0.0,-0.011024641680537711,0.0,0.05723206940246419
8695.254696846008,0.0,-0.21549329436581816,0.0,-0.05477335485356047
8695.304697751999,0.0,-0.2719020066622311,0.0,-0.08006679063750623
8695.35469865799,0.0,-0.20552760695088199,0.0,-0.047832001164126337
8695.404748678207,0.0,-0.0639681156027375,0.0,-0.0133813754312639
8695.504758834839,0.0,0.04591713128814813,0.0,-0.001734226255891801
8695.55451130867,0.0,0.02850517908929485,0.0,-0.0006243214521210482
8695.604765176773,0.0,0.010261864472146146,0.0,-0.00022475572276357735
8698.15470457077,-0.19933509826660156,2.4135361817352385e-25,-0.19933509826660156,-5.2861355791078844e-27
8698.204856872559,-0.3999443054199219,8.688730254246859e-26,-0.3999443054199219,-1.9030088084788383e-27
8698.254925251007,-0.6002178192138672,3.1279428915288694e-26,-0.6002178192138672,-6.8508317105238175e-28
8698.304705381393,0.0,-0.1778340518474579,0.0,-0.14201136350631716
8698.35473203659,0.0,-0.4974907319545746,0.0,-0.3681708297252655
8698.404775619507,0.0,-0.7445833449649811,0.0,-0.5852200980587006
8698.454784870148,0.0,-0.8230823122890472,0.0,-0.6250526760436249
8698.50457572937,0.0,-0.3849451924001579,0.0,-0.2561335243374283
8698.604594945908,0.0,0.24089613173715785,0.0,0.1821408911133124
8698.654715776443,-0.2004833221435547,0.31402606826178736,-0.2004833221435547,0.16813448137942483
8698.70484161377,-0.4009866714477539,0.2115105944078654,-0.4009866714477539,0.06851175540770363
8698.75484752655,-0.6010103225708008,0.07051453526740634,-0.6010103225708008,0.018011447599239123
8698.804607152939,-0.800048828125,-0.22642266260650626,-0.800048828125,-0.19282221788977139
8698.854816436768,-1.0008859634399414,-0.6163960320010192,-1.0008859634399414,-0.4752358436399027
8698.904816865921,-1.200887680053711,-0.8795047362656977,-1.200887680053711,-0.6815581836633678
8698.95472073555,-1.400503158569336,-1.0603475532535882,-1.400503158569336,-0.8788168949484633
8699.004767417908,-1.6006898880004883,-1.2088325296022,-1.6006898880004883,-1.0441332479453016
8699.05473446846,-1.800558090209961,-1.3133793833557665,-1.800558090209961,-1.1957552654791805
8699.104712247849,-2.000469207763672,-1.4402557097448314,-2.000469207763672,-1.4015534433096266
8699.154718875885,-2.200495719909668,-1.5804199987378147,-2.200495719909668,-1.5751647321833235
8699.204616069794,-2.4000844955444336,-1.776474235548726,-2.4000844955444336,-1.7276716626329325
8699.25448012352,-2.5995407104492188,-1.9659095137456006,-2.5995407104492188,-1.871849660753361
8699.304812669754,-2.800870895385742,-2.0981593535830596,-2.800870895385742,-2.0376866691157165
8699.354720830917,-3.0005035400390625,-2.1840791084703213,-3.0005035400390625,-2.1623089420620776
8699.404610395432,-3.200061798095703,-2.266447312057128,-3.200061798095703,-2.3261896744188375
8699.454766511917,-3.400686264038086,-2.35845799675707,-3.400686264038086,-2.502552765899302
8699.504722595215,-3.5999999999999996,-2.554993708483424,-3.5999999999999996,-2.6576165836906673
8699.554503679276,-3.5999999999999996,-2.732681484062211,-3.5999999999999996,-2.84209356123887
8699.60479927063,-3.5999999999999996,-2.965527505054022,-3.5999999999999996,-3.0555793145228
8699.654671907425,-3.5999999999999996,-3.1996082772161767,-3.5999999999999996,-3.2958538424585546
8699.704679250717,-3.5999999999999996,-3.402958757019503,-3.5999999999999996,-3.4662310084681853
8699.754796266556,-3.5999999999999996,-3.4901036618959176,-3.5999999999999996,-3.488999922310631
8699.804687261581,-3.5999999999999996,-3.4370153021387315,-3.5999999999999996,-3.43457103701901
8699.8546667099,-3.5999999999999996,-3.277069266017868,-3.5999999999999996,-3.3227587733237915
8699.904817819595,-3.5999999999999996,-3.2969935949003437,-3.5999999999999996,-3.2959783146465647
8699.954684972763,-3.5999999999999996,-3.2904343777426153,-3.5999999999999996,-3.2862307096607024
8700.004543542862,-3.5999999999999996,-3.328053728587439,-3.5999999999999996,-3.336562199536081
8700.054734945297,-3.5999999999999996,-3.2977181109834945,-3.5999999999999996,-3.3832757055079155
8700.10480260849,-3.5999999999999996,-3.3330213963883843,-3.5999999999999996,-3.4114790479891974
8700.1545419693,-3.5999999999999996,-3.34515484594933,-3.5999999999999996,-3.328621282120472
8700.204781293869,-3.5999999999999996,-3.4166550842176617,-3.5999999999999996,-3.2876581480288243
8700.254670858383,-3.5999999999999996,-3.418022640010741,-3.5999999999999996,-3.317375903016939
8700.304777860641,-3.5999999999999996,-3.424576475904355,-3.5999999999999996,-3.3896741883826067
8700.354754447937,-3.5999999999999996,-3.3962344198295966,-3.5999999999999996,-3.434181481011098
8700.40475988388,-3.5999999999999996,-3.351535401423079,-3.5999999999999996,-3.412716322925348
8700.454612016678,-3.5999999999999996,-3.2352200418755896,-3.5999999999999996,-3.3613569785785646
8700.504762172699,-3.5999999999999996,-3.259893114687639,-3.5999999999999996,-3.403441345082473
8700.554495096207,-3.5999999999999996,-3.3345887674783405,-3.5999999999999996,-3.2868517999286837
8700.604572296143,-3.5999999999999996,-3.333971024056485,-3.5999999999999996,-3.2308780848181984
8700.654818534851,-3.5999999999999996,-3.337336397469169,-3.5999999999999996,-3.2434961139677014
8700.704673290253,-3.5999999999999996,-3.4191200520205767,-3.5999999999999996,-3.3765605231658515
8700.754424333572,-3.5999999999999996,-3.4247181434252836,-3.5999999999999996,-3.4379086854649508
8700.804705142975,-3.5999999999999996,-3.3540762049729462,-3.5999999999999996,-3.373608735654101
8700.854891777039,-3.5999999999999996,-3.321005880216652,-3.5999999999999996,-3.2287788250875513
8700.904741287231,-3.5999999999999996,-3.3520877573656653,-3.5999999999999996,-3.2157679221212403
8700.95478463173,-3.5999999999999996,-3.3572641735232214,-3.5999999999999996,-3.2549667675916982
8701.00476717949,-3.5999999999999996,-3.3552042576655032,-3.5999999999999996,-3.3076090450152624
8701.054489850998,-3.5999999999999996,-3.3509057879323105,-3.5999999999999996,-3.348394762339528
8701.104794502258,-3.5999999999999996,-3.3000597281411053,-3.5999999999999996,-3.3215193072065126
8701.154831409454,-3.5999999999999996,-3.339809193247131,-3.5999999999999996,-3.3544647164024495
8701.204545974731,-3.5999999999999996,-3.3583964111925027,-3.5999999999999996,-3.3349118614272206
8701.25486278534,-3.5999999999999996,-3.3925220251984904,-3.5999999999999996,-3.3036243385342097
8701.30471110344,-3.5999999999999996,-3.3826952772465053,-3.5999999999999996,-3.3486450862741712
8701.35442996025,-3.5999999999999996,-3.3000364302561294,-3.5999999999999996,-3.402871487803086
8701.404815912247,-3.5999999999999996,-3.2561591529476264,-3.5999999999999996,-3.4090405028820605
8701.454730033875,-3.5999999999999996,-3.322276327501331,-3.5999999999999996,-3.5007212825451104
8701.504777669907,-3.5999999999999996,-3.313340492304776,-3.5999999999999996,-3.4744798708379436
8701.554702281952,-3.5999999999999996,-3.375248494359236,-3.5999999999999996,-3.474007037940747
8701.604735851288,-3.5999999999999996,-3.4566278586193495,-3.5999999999999996,-3.4123154023873066
8701.654982566833,-3.5999999999999996,-3.534706997730895,-3.5999999999999996,-3.421442053541681
8701.704560995102,-3.5999999999999996,-3.5844070871049665,-3.5999999999999996,-3.50073801699701
8701.754665613174,-3.5999999999999996,-3.4639814457669673,-3.5999999999999996,-3.4769804688337675
8701.804507255554,-3.5999999999999996,-3.4639814457669673,-3.5999999999999996,-3.4769804688337675
8701.854730844498,-3.5999999999999996,-3.1934904155526738,-3.5999999999999996,-3.2998035755754316
8701.90451836586,-3.5999999999999996,-3.305990339424402,-3.5999999999999996,-3.3076727488160422
8701.954538345337,-3.5999999999999996,-3.387357402243444,-3.5999999999999996,-3.3154952752060995
8702.004586935043,-3.5999999999999996,-3.472717822217308,-3.5999999999999996,-3.3751544366169206
8702.054575681686,-3.5999999999999996,-3.420649378522645,-3.5999999999999996,-3.3993864897449577
8702.1045088768,-3.5999999999999996,-3.261198333152918,-3.5999999999999996,-3.390480167039386
8702.154759168625,-3.5999999999999996,-3.1306323711569743,-3.5999999999999996,-3.4033045362358636
8702.204714298248,-3.5999999999999996,-3.2221217431245677,-3.5999999999999996,-3.4648537870976455
8702.255003452301,-3.5999999999999996,-3.3812262348277002,-3.5999999999999996,-3.516458662869923
8702.304786920547,-3.5999999999999996,-3.5031381940344324,-3.5999999999999996,-3.47864122123327
8702.354781150818,-3.5999999999999996,-3.521963985997415,-3.5999999999999996,-3.3620111951737623
8702.40455031395,-3.5999999999999996,-3.4254562827007686,-3.5999999999999996,-3.2905985835615046
8702.454710245132,-3.5999999999999996,-3.3424711503525986,-3.5999999999999996,-3.2651490613254275
8702.504695653915,-3.5999999999999996,-3.3284006790378244,-3.5999999999999996,-3.211734942594732
8702.554469585419,-3.5999999999999996,-3.339337268211551,-3.5999999999999996,-3.2285417790411346
8702.604730844498,-3.5999999999999996,-3.3918230624454404,-3.5999999999999996,-3.2803979900550284
8702.654582738876,-3.5999999999999996,-3.4552027353569454,-3.5999999999999996,-3.3276714487220564
8702.70483326912,-3.5999999999999996,-3.4348566616389005,-3.5999999999999996,-3.349767866254296
8702.754504680634,0.0,-3.427809289150698,0.0,-3.4279465183688806
8702.80470776558,0.0,-3.3820931712579476,0.0,-3.474091082992802
8702.854716300964,0.0,-2.9633470177575973,0.0,-3.1348249161896646
8702.904700994492,0.0,-0.8731918346855054,0.0,-1.1402646462198807
8702.954685926437,0.0,0.6272047420034526,0.0,0.37444088601791703
8703.004695653915,0.0,1.0115430066474576,0.0,0.8182614388837475
8703.054794311523,0.0,0.6477517375763046,0.0,0.5943758818903229
8703.104758739471,0.0,0.12508288099762627,0.0,0.2047353361570356
8703.154778957367,0.0,-0.20511485967255774,0.0,-0.022558179216735932
8703.204717159271,0.0,-0.24758137941318922,0.0,-0.13785024704354526
8703.25479054451,0.0,-0.11215816651567759,0.0,-0.1020251127069623
8703.354761838913,0.0,0.029483217296638803,0.0,-0.014659456025889691
8703.40471482277,0.0,0.010613958226789967,0.0,-0.005277404169320288
8703.904700517654,0.2004833221435547,3.880631295335398e-07,0.2004833221435547,-1.9295025795283898e-07
8703.954719305038,0.4005584716796875,1.3970272663207433e-07,0.4005584716796875,-6.946209286302202e-08
8704.004530191422,0.5998020172119141,0.05543992184258791,0.5998020172119141,0.04157988014596743
8704.05470776558,0.8005123138427734,0.32472932432648166,0.8005123138427734,0.25376812499562995
8704.104600191116,0.0,0.46350773629281894,0.0,0.36975575615048467
8704.154790639877,0.0,0.46350773629281894,0.0,0.36975575615048467
8704.20471072197,0.0,0.46350773629281894,0.0,0.36975575615048467
8704.254697799683,0.0,0.46350773629281894,0.0,0.36975575615048467
8704.304898023605,0.0,0.46350773629281894,0.0,0.36975575615048467
8704.354698181152,0.0,0.07158401618855631,0.0,0.10484968988900087
8704.404504537582,0.19922542572021484,0.07158401618855631,0.19922542572021484,0.10484968988900087
8704.45470738411,0.4000368118286133,-0.044169390139237444,0.4000368118286133,0.019349914007214905
8704.504751443863,0.6002130508422852,-0.257356202687185,0.6002130508422852,-0.15539462308336344
8704.554493427277,0.7991809844970703,-0.257356202687185,0.7991809844970703,-0.15539462308336344
8704.60454416275,0.9993839263916016,0.047040926694474954,0.9993839263916016,0.07581247345294789
8704.654799222946,1.200404167175293,0.20286015109992167,1.200404167175293,0.1910171416740789
8704.70456981659,1.3994865417480469,0.20286015109992167,1.3994865417480469,0.1910171416740789
8704.754680633545,1.5999298095703125,1.0983748091733825,1.5999298095703125,0.9182038120836864
8704.804502248764,1.7992162704467773,1.2569834741041883,1.7992162704467773,1.081561077380827
8704.854843616486,2.000581741333008,1.2569834741041883,2.000581741333008,1.081561077380827
8704.90474486351,0.0,1.7215774257213199,0.0,1.710853580742386
8704.954763889313,0.0,1.8001627325552896,0.0,1.8151890063937348
8705.004722356796,0.0,1.8001627325552896,0.0,1.8151890063937348
8705.054493904114,0.0,0.6396498654305988,0.0,0.8264167371114037
8705.104703426361,0.0,0.6396498654305988,0.0,0.8264167371114037
8705.154683828354,0.0,-0.7297548558718961,0.0,-0.4548666162045296
8705.204699277878,0.0,-0.7297548558718961,0.0,-0.4548666162045296
8705.254787921906,0.0,-0.7297548558718961,0.0,-0.4548666162045296
8705.304545164108,0.0,-0.045138430438883576,0.0,-0.19479574141183217
8705.354771614075,0.0,0.0741549659714416,0.0,-0.08433665038513374
8705.404775857925,0.0,0.0741549659714416,0.0,-0.08433665038513374
8705.454726219177,0.0,0.0741549659714416,0.0,-0.08433665038513374
8705.504833459854,0.0,0.25132450013749524,0.0,0.10175279976333193
8705.55452656746,0.0,0.15818668260808424,0.0,0.06844366238358623
8705.60477399826,0.0,0.15818668260808424,0.0,0.06844366238358623
8705.654549121857,0.0,-0.014795589862010083,0.0,0.0031933075121685986
8705.704835176468,0.0,-0.04629926736220193,0.0,0.0019159845073011591
8705.75487780571,0.0,-0.04629926736220193,0.0,0.0019159845073011591
8705.804827690125,0.0,-0.04629926736220193,0.0,0.0019159845073011591
8705.854691505432,0.0,-0.017068656490145998,0.0,8.939217317264287e-05
8705.90477514267,0.0,-0.010241193894087598,0.0,5.363530390358572e-05
8705.954732894897,0.0,-0.010241193894087598,0.0,5.363530390358572e-05
8728.104503154755,0.0,-0.03460212716267583,0.0,-0.017301062033506523
8728.154864549637,0.0,-0.04737241368774221,0.0,-0.010380637220103914
8728.204753637314,0.0,-0.04992226310647793,0.0,-0.0022422176395424454
8728.254641532898,0.0,-0.025363997243919134,0.0,-0.0008071983502352802
9108.004686832428,-0.19971370697021484,-5e-324,0.19971370697021484,5e-324
9108.054588079453,-0.3993186950683594,-5e-324,0.3993186950683594,5e-324
9108.10477590561,-0.6000699996948242,-0.055439867079257965,0.6000699996948242,0.04311989843845368
9108.154733896255,-0.7999019622802734,-0.3484395840764046,0.7999019622802734,0.29410850679874423
9108.20473742485,-0.9999160766601562,-0.6589915668606758,0.9999160766601562,0.5556072962617875
9108.254935264587,-1.2007074356079102,-0.8677767485013008,1.2007074356079102,0.6855408134103775
9108.304766178131,-1.3020948501719656,-0.9442381609546089,1.4000310897827148,0.7851774256959305
9108.354732513428,-1.3020948501719656,-0.9227096587085823,1.5998964309692383,0.8880672798705606
9108.404710769653,-1.3020948501719656,-0.8901777845500982,1.799809455871582,0.9908038358504477
9108.45456981659,0.0,-0.8819590085224774,0.0,1.061884521744784
9108.504735469818,0.0,-0.844405763392799,0.0,1.1100930354483616
9108.554803609848,0.0,-0.6233197366160701,0.0,0.931856267982281
9108.60467839241,-0.19949913024902344,0.05768295651808206,0.19949913024902344,0.10262080430992485
9108.654829263687,-0.2991990277039591,0.4245210714082771,0.4001026153564453,-0.4221560010909747
9108.704658031464,-0.2991990277039591,0.34841263927009775,0.5994176864624023,-0.46096481500624564
9108.754759311676,-0.2991990277039591,-0.06561517904882287,0.7998228073120117,-0.06298756939849476
9108.804748535156,-0.2991990277039591,-0.3376328892374682,0.9997797012329102,0.3179470371865706
9108.854728937149,-0.2991990277039591,-0.3429874746870273,1.1997013092041016,0.5282342650293164
9108.904712677002,-0.2991990277039591,-0.15141718604104307,1.3996362686157227,0.6159425336527413
9108.954722642899,0.0,-0.054510186974775506,0.0,0.6714675411608548
9109.004746437073,0.0,-0.01962366731091918,0.0,0.75798438018656
9109.054780483246,0.0,0.051479983516486,0.0,0.2848493904808624
9109.104744195938,0.0,0.08846016716238947,0.0,0.023780748304096655
9109.154736757278,0.0,0.08846016716238947,0.0,0.023780748304096655
9109.204733371735,0.0,0.08920212399643368,0.0,-0.4260246572212546
9109.25481081009,0.0,0.09003045744706217,0.0,-0.3975949476549726
9109.304750442505,0.0,0.09003045744706217,0.0,-0.3975949476549726
9109.354739427567,0.0,0.03365973266527873,0.0,-0.0980579870518747
9109.404739618301,0.0,0.03365973266527873,0.0,-0.0980579870518747
9113.304597854614,-0.19936656951904297,3.527499741768985e-36,0.19936656951904297,-2.0119868784222638e-35
9113.354773283005,-0.4000682830810547,3.527499741768985e-36,0.4000682830810547,-2.0119868784222638e-35
9113.404589176178,-0.46089485384567785,1.2797665213545478e-38,0.5993318557739258,-7.299429162022272e-38
9113.454755067825,-0.4573378672149533,1.2797665213545478e-38,0.7999954223632812,-7.299429162022272e-38
9113.504796028137,-0.4573378672149533,1.2797665213545478e-38,1.0001592636108398,-7.299429162022272e-38
9113.554524421692,-0.4573378672149533,-0.09876534249901772,1.1990728378295898,0.11953153547763826
9113.604762792587,-0.4641840815355722,-0.09876534249901772,1.4000263214111328,0.11953153547763826
9113.654758691788,-0.4641840815355722,-0.09876534249901772,1.6000099182128906,0.11953153547763826
9113.704803705215,-0.4641840815355722,-0.09876534249901772,1.8001899719238281,0.11953153547763826
9113.754742622375,-0.4338340778360237,-0.05373234771937488,1.9999456405639648,0.714121540478615
9113.804766893387,-0.4338340778360237,-0.05373234771937488,2.200042724609375,0.714121540478615
9113.854781150818,-0.4338340778360237,-0.05373234771937488,2.400099754333496,0.714121540478615
9113.904698610306,-0.24100715011112794,-0.0025069364151951534,2.5997695922851562,1.2854902704548443
9113.95476603508,-0.24100715011112794,-0.0025069364151951534,2.641007150111128,1.2854902704548443
9114.004809617996,-0.24100715011112794,-0.0025069364151951534,2.641007150111128,1.2854902704548443
9114.054780483246,-0.24100715011112794,-0.00011696362538734502,2.641007150111128,1.736286705609855
9114.104797124863,-0.24100715011112794,-0.00011696362538734502,2.641007150111128,1.736286705609855
9114.154661893845,-0.24100715011112794,-0.00011696362538734502,2.641007150111128,1.736286705609855
9114.354770898819,0.0,0.023759689387545795,0.0,1.559797755607131
9114.404733657837,0.0,0.05717700657657731,0.0,0.8500362764168756
9114.454734563828,0.0,0.05717700657657731,0.0,0.8500362764168756
9114.504707813263,0.19989299774169922,0.0878001846640894,0.19989299774169922,-1.36013021094361
9114.554686784744,0.3998088836669922,0.0878001846640894,0.3998088836669922,-1.36013021094361
9114.604775428772,0.600163459777832,0.0878001846640894,0.600163459777832,-1.36013021094361
9114.654678821564,0.7997770309448242,0.008501499256286814,0.7997770309448242,-0.8792713052549943
9114.70470738411,0.5996627807617188,0.005100899553772088,0.9998912811279297,-0.7730822185587277
9114.754775762558,0.39938926696777344,0.005100899553772088,1.200164794921875,-0.7730822185587277
9114.80461025238,0.3660904844739764,0.6267658022741647,1.3995027542114258,1.0702502663689546
9114.854935884476,0.3660904844739764,0.6267658022741647,1.6008052825927734,1.0702502663689546
9114.904691457748,0.3660904844739764,0.6267658022741647,1.7998275756835938,1.0702502663689546
9114.954529762268,0.3660904844739764,0.9480510268419484,1.999180793762207,1.801135381004126
9115.004523515701,0.3660904844739764,0.9732896753436029,2.033909515526024,1.9009393214827246
9115.054553985596,0.0,0.9025653911215913,0.0,1.8198661002986
9115.104537963867,0.0,0.8337975899904795,0.0,1.7915625045349253
9115.154759168625,0.0,0.6303115687559782,0.0,1.396727161514165
9115.204617261887,0.0,0.20797731584754242,0.0,0.21828730651404926
9115.25456237793,0.0,0.07487183370511526,0.0,-0.5135144028115279
9115.354676008224,0.0,-0.012489276220814638,0.0,-0.6223342951261025
9115.554790735245,0.0,0.0115022756413327,0.0,0.07090918271196285
9115.604521274567,0.0,0.01646079010685824,0.0,0.025527305776306623
9326.254756450653,-0.19992637634277344,5e-324,0.19992637634277344,5e-324
9326.304739236832,4.76837158203125e-06,5e-324,0.3998575210571289,5e-324
9326.354820728302,0.2003307342529297,-0.08743659719824791,0.6001834869384766,0.08078380987048149
9326.404742956161,0.40001964569091797,0.032134679695963855,0.7998723983764648,0.21818973147273066
9326.454783678055,0.6001825332641602,0.2647757706907988,1.000035285949707,0.35785055824542045
9326.504818439484,0.7086979608879822,0.5528830091190672,1.200174331665039,0.5109917068544292
9326.554850101471,0.7271208983159863,0.8296663975727202,1.4003009796142578,0.7438997010253643
9326.604734420776,0.7386733815197085,0.9788697510723462,1.5998382568359375,1.0013307421158353
9326.654906749725,0.7386733815197085,1.0088204795037814,1.6613266184802917,1.22215926487746
9326.704706430435,0.8305596744375472,0.9396295066087881,1.5694403255624532,1.3605202430707293
9326.754750013351,0.8305596744375472,0.8951046984938182,1.5694403255624532,1.4807195279916074
9326.804774522781,0.8467525941029781,0.8792463298397326,1.5532474058970223,1.3943801598758678
9326.854583740234,0.9739955943210634,0.9527011903199099,1.426004405678937,1.3360697082404323
9326.904733419418,0.9736226856987162,1.0244563838984684,1.4263773143012841,1.2324085635563384
9326.954833745956,0.9736226856987162,1.0821874769143862,1.4263773143012841,1.1399065590842004
9327.004775762558,0.9797536293840066,1.1509616791586614,1.4202463706159938,1.1392158485749997
9327.054757356644,0.9388685199112035,1.1757203919666004,1.461131480088797,1.1714919167983402
9327.104630708694,1.007953283623957,1.1365535133949636,1.3920467163760433,1.1817454203925564
9327.154811382294,1.007953283623957,1.1213096096708197,1.3920467163760433,1.2089784945832025
9327.204782247543,0.9795974174871538,1.0727880661938363,1.4204025825128466,1.1580828478021503
9327.254808187485,1.0256576033480922,1.0878166102857747,1.3743423966519082,1.1085435408383517
9327.304745435715,1.0293846034978111,1.1101772645768413,1.3706153965021892,1.1258767506371705
9327.35483789444,1.0293846034978111,1.1299059722300848,1.3706153965021892,1.1169967339357414
9327.404737234116,1.0402550616545312,1.111468498711937,1.3597449383454692,1.1006611759395841
9327.454816579819,1.078387640520335,1.1001830237407042,1.3216123594796654,1.1325803056334773
9327.504559993744,1.0096384063936035,1.1318346501814802,1.3903615936063969,1.128377728044104
9327.554865837097,1.0096384063936035,1.1799596205268197,1.3903615936063969,1.1052018734380407
9327.604722499847,1.0756678369236414,1.2137385340302191,1.324332163076359,1.129597022505932
9327.654510498047,1.0171771960284035,1.1735041474736572,1.3828228039715968,1.1451140049835442
9327.704530954361,1.1119173755767728,1.156826584414369,1.2880826244232275,1.1997004534151696
9327.754515886307,1.1119173755767728,1.1372523434909796,1.2880826244232275,1.2199030131821589
9327.804501056671,1.0650013291450346,1.1354599187834007,1.3349986708549657,1.1767285899183066
9327.854511737823,1.1229549129000087,1.1725391598962407,1.2770450870999916,1.1298946894119113
9327.904523849487,1.0764028042786709,1.1847651214273927,1.3235971957213295,1.1068164476243232
9327.954510211945,1.0764028042786709,1.2184526518895207,1.3235971957213295,1.122481573885235
9328.00455379486,1.0705185390369054,1.2346964500873319,1.329481460963095,1.1014676246400665
9328.054779052734,1.058232891997224,1.2173034366081608,1.3417671080027764,1.1313456208714006
9328.104546785355,1.0702932380679577,1.1896914821664257,1.3297067619320426,1.1384859005644854
9328.154525756836,1.0702932380679577,1.1539030140089903,1.3297067619320426,1.1858254499447918
9328.20479130745,1.0979406849863373,1.1235149883788078,1.302059315013663,1.21861188747451
9328.254536867142,1.087778127716866,1.142924467929408,1.3122218722831342,1.2245604269670198
9328.304507255554,1.1545128972224967,1.1767362404614228,1.2454871027775036,1.2138014676439792
9328.354485034943,1.1545128972224967,1.2145671718865467,1.2454871027775036,1.1958787074900161
9328.404495477676,1.1237654715849998,1.2198535587865056,1.2762345284150005,1.1592986213403877
9328.454563379288,1.189929645767781,1.2333234066895702,1.2100703542322193,1.1882389030660845
9328.504601478577,1.189929645767781,1.2241633194136163,1.2100703542322193,1.2079328981091617
9328.554549455643,1.1668627060279457,1.1966609999220683,1.2331372939720546,1.2015100486415637
9328.604594230652,1.1885373260572734,1.2091272131686608,1.211462673942727,1.1826101792098767
9328.654686450958,1.215719372312225,1.2200583610585451,1.1842806276877753,1.1735103042269759
9328.704714536667,1.197842257698974,1.2223487804049653,1.2021577423010263,1.1419148222689037
9328.754727125168,1.2563356324164687,1.222413000215807,1.1436643675835316,1.1349122730285242
9328.80473780632,1.2563356324164687,1.226964222222466,1.1436643675835316,1.114605019356858
9328.85477757454,1.232030363982119,1.225189271031582,1.1679696360178813,1.1287809383390133
9328.904726743698,1.2414821273863408,1.2271435102672923,1.1585178726136596,1.139062744552533
9328.954753875732,1.2232542861889635,1.2268002167052585,1.1767457138110369,1.1426364930300619
9329.005067825317,1.2232542861889635,1.2152643633379898,1.1767457138110369,1.134872339433266
9329.054540634155,1.233560693156054,1.2056804096398723,1.1664393068439463,1.116663945531547
9329.104826927185,1.233560693156054,1.203557238424944,1.1664393068439463,1.1284335182246088
9329.154825687408,1.2052844557916997,1.222093534032748,1.1947155442083006,1.1343664786626049
9329.204770565033,1.2177491718641535,1.2263127821303292,1.1822508281358468,1.1153411648777418
9329.25477027893,1.204708825237279,1.2055192896467524,1.1952911747627213,1.098785807446502
9329.304832696915,1.204708825237279,1.211205734327152,1.1952911747627213,1.1027828108391269
9329.355029344559,1.1981663310629485,1.2296162224464589,1.201833668937052,1.1191508359117903
9329.404737949371,1.17368930838708,1.2455319563145508,1.2263106916129203,1.1568546433354712
9329.45464515686,1.1823427427937552,1.2614135980461265,1.2176572572062452,1.1925538541950689
9329.504809856415,1.1823427427937552,1.2560070075936638,1.2176572572062452,1.205477567747041
9329.554691791534,1.2484731838816792,1.2054441446667021,1.1515268161183212,1.242084178531696
9329.60486960411,1.3922351356187919,1.148912465856258,0.9508155658131454,1.2732360815541255
9329.654678106308,1.4323551062389115,1.1661407457420052,0.7515815570240829,1.278704473574268
9329.704776763916,1.4323551062389115,1.255170718668538,0.551186926591954,1.226195832204571
9329.754544734955,1.4657623459423443,1.376352077426423,0.35211504243668057,1.0175616240901055
9329.804577112198,1.4402581996979174,1.4314125510580216,0.3597418003020826,0.7060561643744337
9329.854504108429,1.3338048764579937,1.4424708366105632,0.46619512354200604,0.43462865710394954
9329.904772996902,1.3338048764579937,1.394130657185662,0.46619512354200604,0.3410810833935882
9329.95465540886,1.23941082694613,1.2662919819603735,0.5605891730538699,0.433252473083673
9330.004674434662,1.207722663215352,1.099759619006528,0.5922773367846478,0.607409851339175
9330.054512739182,1.1421280732352546,0.9855256201871682,0.6578719267647453,0.7366343247604539
9330.104532003403,1.1421280732352546,0.9774898525016945,0.6578719267647453,0.7747916379348816
9330.154509305954,1.1420855460360906,0.996098076198248,0.6579144539639091,0.8127249311963218
9330.204547643661,1.1166599409697275,1.0024078827716403,0.6833400590302723,0.8572483527025998
9330.25456905365,1.0468989414919816,1.025414212046295,0.7531010585080183,0.867881946588567
9330.3045129776,1.0468989414919816,1.0010556614988673,0.7531010585080183,0.8633442280858794
9330.3545088768,1.0934578391316778,1.0040082634661303,0.706542160868322,0.8841764435113681
9330.404538869858,1.1874833585062747,0.9823149264278545,0.612516641493725,0.9449106182434992
9330.454538583755,0.9874845029154544,0.9909481914194537,0.8125154970845453,0.9551848575751365
9330.504761695862,0.7865920544901615,0.9994478623158495,1.0134079455098384,0.9018292405109541
9330.554556846619,0.9857726575175052,1.0012672972710166,0.8142273424824946,0.8586247936928607
9330.604645252228,1.1861262799540286,0.8829922472964966,0.6138737200459712,0.9482474604622485
9330.65454339981,1.1381092331729934,0.8274805091213433,0.6618907668270064,0.9640697006956087
9330.704764604568,1.1381092331729934,0.8510117019648105,0.6618907668270064,0.9417188861713021
9330.754790306091,1.2097026092193306,0.9456363184011489,0.5902973907806692,0.8355584656743482
9330.804716348648,1.191616802954981,1.00042754159295,0.608383197045019,0.767551950772343
9330.85488820076,1.191616802954981,0.9890004506561403,0.608383197045019,0.715244078216459
9330.904890537262,1.132907365778424,0.9922681252069441,0.6670926342215757,0.6712910664954801
9330.954490184784,1.132907365778424,0.9732294507006752,0.6670926342215757,0.7417522416017321
9331.004501581192,1.132907365778424,0.9776251516525727,0.6670926342215757,0.85057503982193
9331.0549223423,0.9312243213448304,1.006988432471208,0.8687756786551695,0.9103949868815184
9331.104516983032,1.1296028842720764,1.0453502320519397,0.6703971157279234,0.9301887799788847
9331.154516458511,1.1753162745309575,0.9776686638571492,0.6246837254690423,0.976062487941599
9331.204708099365,1.222992907782626,0.8766234997502924,0.5770070922173738,1.0635328262024937
9331.254571437836,1.1997700803273976,0.8839497405383097,0.6002299196726022,0.9992139161458189
9331.304503917694,1.1836044318105987,1.0177238024983324,0.616395568189401,0.8410843570529428
9331.35451078415,1.1925640843516616,1.1189530433790749,0.6074359156483382,0.7098932609378937
9331.40449500084,1.1822525857681256,1.1567045310107542,0.6177474142318742,0.6870853619129531
9331.454612731934,1.1822525857681256,1.082523655616081,0.6177474142318742,0.7496359532958654
9331.50456738472,1.1619519438731507,1.0154665082893977,0.6380480561268491,0.831653856726398
9331.554526805878,1.1430446883688041,0.9555724347902135,0.6569553116311957,0.8753487480253851
9331.604547739029,1.0759320382072068,0.9431222230889604,0.724067961792793,0.8855469970430448
9331.654730558395,1.0759320382072068,0.9499169761192157,0.724067961792793,0.8726412206360882
9331.704761266708,1.105282735380099,0.9599410160929771,0.6947172646199009,0.8734294384401551
9331.754722118378,1.133149214661513,0.9176502608496241,0.6668507853384869,0.8754606059675758
9331.804774284363,1.1264283801543284,0.8617848628725394,0.6735716198456714,0.8810484890276913
9331.854747056961,1.1437007467207057,0.8311042502152605,0.6562992532792941,0.84836241546159
9331.904580831528,1.1343567846419482,0.8723605077729588,0.6656432153580516,0.7757111606939495
9331.954753160477,1.1343567846419482,0.9196643782114733,0.6656432153580516,0.7343909508446643
9332.004784584045,1.1506200985347386,0.9699928624316125,0.6493799014652613,0.6950869476721211
9332.054770469666,1.107412566247819,0.996087758405831,0.6925874337521808,0.6958852046463081
9332.10467338562,1.0949693095674147,0.9986918051232672,0.7050306904325851,0.7307985556268641
9332.154767513275,1.0949693095674147,0.994999547452561,0.7050306904325851,0.7730622887186032
9332.2047457695,1.1216694236890745,0.9550909637156124,0.6783305763109253,0.8610408902015145
9332.25476884842,1.1071023455238247,0.9245653738525985,0.6928976544761751,0.8962513375227161
9332.304704666138,1.1112521454049924,0.8977254387121492,0.6887478545950075,0.8866251814822379
9332.35490655899,1.1112521454049924,0.9377108105318936,0.6887478545950075,0.8708422413513669
9332.404779195786,1.1392732529180458,1.006180740176339,0.660726747081954,0.8457259809152702
9332.454720973969,1.1000234814206113,1.0486714494629021,0.6999765185793885,0.8321481326285511
9332.504626512527,1.1123373137407762,1.0425109429026835,0.6876626862592237,0.8351224844120804
9332.554807186127,1.1123373137407762,1.0529375587534378,0.6876626862592237,0.8556764001058171
9332.604732990265,1.079134034299915,0.9922607272135545,0.7208659657000849,0.857012923040627
9332.654802799225,1.0559645667758744,0.9331549213862658,0.7440354332241255,0.8588049634022612
9332.704656124115,1.090588426502206,0.9137156465006915,0.7094115734977938,0.8730655917068636
9332.754554986954,1.090588426502206,0.916329822242965,0.7094115734977938,0.8786544397547358
9332.804577827454,1.0485110796388433,0.9037537078740752,0.7514889203611564,0.8572159002449934
9332.854509353638,1.0573348398667888,0.8700480497127493,0.7426651601332112,0.8129025527319965
9332.904526233673,1.0716106217133514,0.8654449237434525,0.7283893782866484,0.8120738540344831
9332.954506158829,1.0716106217133514,0.8960548014538929,0.7283893782866484,0.8406073000760101
9333.004533052444,1.0947072413028136,0.9074703444634955,0.7052927586971862,0.8722632770561417
9333.054749250412,1.0868807152753388,0.9445305200670391,0.713119284724661,0.8878897444542613
9333.105221509933,1.0868807152753388,0.967887501678022,0.713119284724661,0.8726530009318483
9333.154636621475,1.1078989625285554,0.9503174712995834,0.6921010374714446,0.8362849235704812
9333.204806804657,1.1158536171574636,0.9459495956146805,0.6841463828425363,0.8282501864535374
9333.254765510559,1.1216350169015479,0.9276500850121053,0.678364983098452,0.8234628594435249
9333.304763555527,1.0771484982721813,0.9529988780927612,0.7228515017278186,0.8045495494550583
9333.354735851288,1.0771484982721813,0.9684413486234648,0.7228515017278186,0.8038030413751406
9333.404783010483,1.0858591720507986,0.9985471015040506,0.7141408279492012,0.8080568938719488
9333.454793453217,1.073838003909114,1.015431410486618,0.7261619960908858,0.8140512548423025
9333.504503965378,1.0186413253678461,0.9883137940460869,0.7813586746321537,0.8286076084090309
9333.554969549179,1.0186413253678461,0.947739579645196,0.7813586746321537,0.8214495192282094
9333.604654550552,1.0579432366434407,0.9258636564138172,0.7420567633565591,0.8307592109553585
9333.654763698578,1.0498408427325858,0.9159335492893208,0.750159157267414,0.8566220105545248
9333.704539299011,1.049833003608345,0.8767610072676235,0.7501669963916549,0.88501321914875
9333.754795312881,1.0707426575711256,0.8867179231494866,0.7292573424288742,0.8740962635627394
9333.804584741592,1.0707426575711256,0.9207604244941545,0.7292573424288742,0.8691121396237971
9333.854771852493,1.0794061137782407,0.948176333269861,0.720593886221759,0.8487991091065774
9333.904601335526,1.0691830748968243,0.9365118011098099,0.7308169251031756,0.8101558159513416
9333.954859018326,1.1136016053646636,0.9222662248767013,0.6863983946353363,0.7979427618219341
9334.004847764969,1.1136016053646636,0.9108081149538729,0.6863983946353363,0.8072854057228762
9334.054770469666,1.1306447506295558,0.9108624871068134,0.669355249370444,0.8394774666527343
9334.10481762886,1.110673438286697,0.9153131494219859,0.689326561713303,0.8290944261014123
9334.15482878685,1.110673438286697,0.9153131494219859,0.689326561713303,0.8290944261014123
9334.204720973969,1.0901928406652734,0.9153131494219859,0.7098071593347264,0.8290944261014123
9334.254857301712,1.0997060777077936,0.9153131494219859,0.7002939222922062,0.8290944261014123
9334.30482673645,1.0997060777077936,0.9153131494219859,0.7002939222922062,0.8290944261014123
9334.354576826096,1.0876775635485545,1.011033124888583,0.7123224364514453,0.8196163030155621
9334.404757738113,1.0876775635485545,1.011033124888583,0.7123224364514453,0.8196163030155621
9334.454766988754,1.0876775635485545,1.011033124888583,0.7123224364514453,0.8196163030155621
9334.504883527756,1.0876775635485545,1.0160837298508119,0.7123224364514453,0.8651251274709537
9334.554881334305,1.0876775635485545,1.0160837298508119,0.7123224364514453,0.8651251274709537
9334.604895353317,1.0876775635485545,1.0160837298508119,0.7123224364514453,0.8651251274709537
9334.654586315155,1.0366999762973794,0.9739684844120591,0.7633000237026204,0.80925672558181
9334.70480298996,1.0090379281679198,0.9739684844120591,0.79096207183208,0.80925672558181
9334.754512548447,1.0280261654790084,1.0293839684975095,0.7719738345209916,0.8551128718556007
9334.80491399765,1.105708981415649,1.0293839684975095,0.6942910185843507,0.8551128718556007
9334.854822397232,1.105708981415649,1.0293839684975095,0.6942910185843507,0.8551128718556007
9334.904611587524,1.0443231135334476,0.9832393569240577,0.7556768864665522,0.975856272285212
9334.954781293869,1.0114435489528566,0.974062719493485,0.7885564510471432,0.9854728507429533
9335.004855394363,1.0114435489528566,0.974062719493485,0.7885564510471432,0.9854728507429533
9335.054584741592,1.0403776185297047,0.938694839212894,0.7596223814702953,0.9061470871087879
9335.104766368866,1.0717828276473043,0.938694839212894,0.7282171723526956,0.9061470871087879
9335.15453505516,1.0710931835747068,0.8739820571137045,0.7289068164252931,0.8693019452196425
9335.204863786697,1.0710931835747068,0.8705138237114295,0.7289068164252931,0.8766960085929671
9335.254826307297,1.0710931835747068,0.8705138237114295,0.7289068164252931,0.8766960085929671
9335.304599523544,1.085535955193981,0.9240360909006697,0.7144640448060189,0.8463804601117095
9335.354825019836,1.085535955193981,0.9240360909006697,0.7144640448060189,0.8463804601117095
9335.404865503311,1.085535955193981,0.9240360909006697,0.7144640448060189,0.8463804601117095
9335.454553127289,1.085535955193981,0.9324207814515652,0.7144640448060189,0.8442475008061004
9335.504705429077,1.0254707290489022,1.0098371420938757,0.7745292709510976,0.8648610340256306
9335.554783344269,1.0254707290489022,1.0098371420938757,0.7745292709510976,0.8648610340256306
9335.604727745056,1.0254707290489022,1.0098371420938757,0.7745292709510976,0.8648610340256306
9335.654628753662,1.0314403880379335,0.9934061881453392,0.7685596119620663,0.8110787176867043
9335.704750299454,0.9847684239848767,0.9934061881453392,0.8152315760151231,0.8110787176867043
9335.754873991013,0.9847684239848767,0.9934061881453392,0.8152315760151231,0.8110787176867043
9335.80507850647,0.9847684239848767,0.9841227958530543,0.8152315760151231,0.8192864479887315
9335.854711771011,1.0131472460150006,0.8679960181669821,0.7868527539849992,0.8995093267938821
9335.904791593552,1.0131472460150006,0.8679960181669821,0.7868527539849992,0.8995093267938821
9335.954867601395,1.0131472460150006,0.8679960181669821,0.7868527539849992,0.8995093267938821
9336.004615783691,1.00262581354906,0.8338387143888467,0.7973741864509398,0.9594240015561621
9336.054867506027,1.0106047465220829,0.8338387143888467,0.789395253477917,0.9594240015561621
9336.104825496674,1.0106047465220829,0.8338387143888467,0.789395253477917,0.9594240015561621
9336.154558181763,1.042374207979926,0.9641480239068259,0.7576257920200737,0.876839810845258
9336.204744815826,1.042374207979926,0.9641480239068259,0.7576257920200737,0.876839810845258
9336.254772663116,1.042374207979926,0.9641480239068259,0.7576257920200737,0.876839810845258
9336.304950475693,1.042374207979926,0.9641480239068259,0.7576257920200737,0.876839810845258
9336.354713439941,1.0231900979027448,0.9964830438388033,0.776809902097255,0.8558526210936721
9336.404818058014,1.0401956399704324,0.9964830438388033,0.7598043600295674,0.8558526210936721
9336.45473408699,1.0401956399704324,0.9964830438388033,0.7598043600295674,0.8558526210936721
9336.504837036133,1.0401956399704324,1.0153395195980877,0.7598043600295674,0.8380589779772171
9336.554739952087,0.9874693926720479,1.0153395195980877,0.8125306073279519,0.8380589779772171
9336.604896306992,0.9874693926720479,1.0153395195980877,0.8125306073279519,0.8380589779772171
9336.65456867218,0.9956729647682283,0.9289846154307618,0.8043270352317715,0.8150680425173822
9336.704937458038,0.9811983688423327,0.9289846154307618,0.8188016311576671,0.8150680425173822
9336.754817724228,0.9811983688423327,0.9289846154307618,0.8188016311576671,0.8150680425173822
9336.804669857025,0.9919378457602697,0.8570636247584922,0.8080621542397302,0.8424647150814981
9336.854875564575,0.9816358499998792,0.8468773922318042,0.8183641500001206,0.8381180464256078
9336.904905796051,0.9816358499998792,0.8468773922318042,0.8183641500001206,0.8381180464256078
9336.954575300217,0.9883708948903552,0.8048496840223471,0.8116291051096446,0.82178020118416
9337.004920482635,0.9883708948903552,0.8048496840223471,0.8116291051096446,0.82178020118416
9337.054844856262,0.9883708948903552,0.8048496840223471,0.8116291051096446,0.82178020118416
9337.104818582535,0.9883708948903552,0.8048496840223471,0.8116291051096446,0.82178020118416
9337.154673814774,1.0196214843300055,0.8048496840223471,0.7803785156699943,0.82178020118416
9337.20492863655,0.9780931434866426,0.8048496840223471,0.8219068565133573,0.82178020118416
9337.254827976227,0.9780931434866426,0.8048496840223471,0.8219068565133573,0.82178020118416
9337.304533720016,1.0000634566482856,1.032767171490809,0.7999365433517144,0.8489085757531367
9337.354860067368,0.9610076745709591,1.032767171490809,0.8389923254290407,0.8489085757531367
9337.404783010483,0.9610076745709591,1.032767171490809,0.8389923254290407,0.8489085757531367
9337.45473575592,1.0171155438426642,1.080431813718666,0.7828844561573356,0.8989107007706338
9337.50486087799,0.9237305117619921,1.080431813718666,0.8762694882380078,0.8989107007706338
9337.554776906967,0.9237305117619921,1.080431813718666,0.8762694882380078,0.8989107007706338
9337.604850292206,0.9237305117619921,1.080431813718666,0.8762694882380078,0.8989107007706338
9337.654740095139,0.9785039548454251,1.0087712973598475,0.8214960451545747,0.857535871064529
9337.704964876175,0.9785039548454251,1.0087712973598475,0.8214960451545747,0.857535871064529
9337.75493979454,0.9785039548454251,1.0087712973598475,0.8214960451545747,0.857535871064529
9337.804721832275,0.9566869928729618,0.8389709701722956,0.843313007127038,0.8290614606291953
9337.854736328125,0.9566869928729618,0.8389709701722956,0.843313007127038,0.8290614606291953
9337.904539108276,0.9566869928729618,0.7905558571393465,0.843313007127038,0.8471553080396103
9337.9545276165,1.0078666615369283,0.8069727316603168,0.7921333384630715,0.8321787448594717
9338.004884958267,1.0078666615369283,0.8069727316603168,0.7921333384630715,0.8321787448594717
9338.054564476013,1.0460579198495874,0.9204645514334858,0.7539420801504125,0.8845451622774522
9338.104749917984,1.027229617317331,0.9224740004447473,0.7727703826826688,0.874096628997941
9338.154522418976,1.0352604849513245,1.017393446764707,0.7647395150486753,0.8352050745883175
9338.204909801483,1.0352604849513245,1.017393446764707,0.7647395150486753,0.8352050745883175
9338.254805803299,1.0352604849513245,1.017393446764707,0.7647395150486753,0.8352050745883175
9338.304669857025,0.9848674065152613,1.017393446764707,0.8151325934847385,0.8352050745883175
9338.354860544205,0.9848674065152613,1.045128168583437,0.8151325934847385,0.8437366487607738
9338.404891967773,0.9848674065152613,1.045128168583437,0.8151325934847385,0.8437366487607738
9338.454576969147,0.9212971954608575,0.9613651754697203,0.8787028045391423,0.8626544364984926
9338.504784345627,0.9804130203083176,0.9613651754697203,0.8195869796916823,0.8626544364984926
9338.554759025574,0.9804130203083176,0.9613651754697203,0.8195869796916823,0.8626544364984926
9338.60450911522,1.004961119764944,0.8673786974125735,0.795038880235056,0.9221702702322608
9338.654865980148,1.004961119764944,0.8673786974125735,0.795038880235056,0.9221702702322608
9338.704933643341,1.004961119764944,0.8673786974125735,0.795038880235056,0.9221702702322608
9338.754740476608,0.9787728101389602,0.8637754034090079,0.8212271898610396,0.7829980369311791
9338.804771900177,0.9736660574239202,0.9000443524770758,0.8263339425760796,0.7495181748808755
9338.854771137238,0.9736660574239202,0.9000443524770758,0.8263339425760796,0.7495181748808755
9338.904606819153,0.9948832430488557,1.0163222805632475,0.8051167569511442,0.7381923521378371
9338.954648256302,0.9681946769501468,1.0163222805632475,0.831805323049853,0.7381923521378371
9339.00484418869,0.9681946769501468,1.0163222805632475,0.831805323049853,0.7381923521378371
9339.054725646973,0.9681946769501468,0.9749091877785019,0.831805323049853,0.9285603134370986
9339.104783773422,1.0026254871410325,0.9749091877785019,0.7973745128589672,0.9285603134370986
9339.154779195786,1.0026254871410325,0.9749091877785019,0.7973745128589672,0.9285603134370986
9339.204604148865,1.0026254871410325,0.8794456099941625,0.7973745128589672,0.9572025335722832
9339.254732847214,1.027472455424243,0.8935705289527354,0.7725275445757569,0.9235927103098434
9339.304883241653,1.027472455424243,0.8935705289527354,0.7725275445757569,0.9235927103098434
9339.354751348495,1.027472455424243,0.8935705289527354,0.7725275445757569,0.9235927103098434
9339.404757261276,1.0187309366614794,0.8957446254475432,0.7812690633385205,0.7912270552953167
9339.454708576202,1.044683843554726,0.8957446254475432,0.7553161564452737,0.7912270552953167
9339.504905700684,1.044683843554726,0.8957446254475432,0.7553161564452737,0.7912270552953167
9339.554547786713,1.0140772982130044,0.9466501753928298,0.7859227017869954,0.7942957451032779
9339.604890584946,1.0140772982130044,0.9466501753928298,0.7859227017869954,0.7942957451032779
9339.654800653458,1.0140772982130044,0.9466501753928298,0.7859227017869954,0.7942957451032779
9339.704600572586,1.0082383669368729,1.0168413068615092,0.7917616330631269,0.9049161606394039
9339.75492143631,1.0082383669368729,1.0140238491155322,0.7917616330631269,0.9072688539840452
9339.804853200912,1.0082383669368729,1.0140238491155322,0.7917616330631269,0.9072688539840452
9339.854547023773,1.0246154185579743,0.9576231933756294,0.7753845814420255,0.9228236911461696
9339.904736995697,1.0179582771908562,0.9576231933756294,0.7820417228091436,0.9228236911461696
9339.954738140106,1.0179582771908562,0.9576231933756294,0.7820417228091436,0.9228236911461696
9340.00497341156,1.0062918294666723,0.9243224024620255,0.7937081705333277,0.8325465185885834
9340.054787397385,1.0082262636948018,0.9105757689384579,0.791773736305198,0.8234134711888557
9340.104803085327,1.005533129737357,0.8790286165204511,0.7944668702626426,0.8069577621722386
9340.154633045197,0.9935009096427124,0.873621024431951,0.8064990903572874,0.8102535751093923
9340.20473742485,1.0004815318581095,0.8367471591504216,0.7995184681418903,0.8255772619234144
9340.254579305649,1.0149928988750019,0.8505589137985158,0.7850071011249979,0.8531905232233984
9340.304726600647,1.0149928988750019,0.877906812567014,0.7850071011249979,0.8782756764303392
9340.354712963104,1.0063102518020937,0.9137240409869547,0.7936897481979062,0.8781402649382619
9340.404705524445,1.0166155871114166,0.933063090801904,0.7833844128885832,0.8650885394298984
9340.4546084404,1.0354328957899985,0.9442119363405713,0.7645671042100013,0.8446924366146548
9340.5047082901,1.0354328957899985,0.9400325857445625,0.7645671042100013,0.8158757094475111
9340.554785728455,1.033890652310079,0.9166653910700688,0.7661093476899207,0.8000550104593926
9340.60470199585,1.0324344417342748,0.9487085089477614,0.767565558265725,0.8202425634890447
9340.654582500458,1.050046356417193,0.9919310645601528,0.749953643582807,0.8283032034407729
9340.704731702805,1.050046356417193,1.0822487248065964,0.749953643582807,0.8839668508018497
9340.75480890274,1.0332013726162859,1.0476381459146582,0.7667986273837141,0.8581271270148316
9340.80470085144,1.0235230364021268,1.0331221942297164,0.776476963597873,0.8623344838344702
9340.854675769806,1.0314072282741686,0.9837375613757924,0.7685927717258312,0.8394440987011308
9340.904856920242,1.0314072282741686,0.9824498462453707,0.7685927717258312,0.8380049006331152
9340.954725980759,1.0188089984190236,0.9944263613620481,0.7811910015809762,0.8466983200140543
9341.004565954208,1.025970469177445,1.0026253598832755,0.7740295308225549,0.8347401104340939
9341.05457663536,1.0459813020593902,0.9961276461328388,0.7540186979406096,0.8408251791704888
9341.104535102844,1.0459813020593902,0.9931280735604282,0.7540186979406096,0.8517053099695157
9341.154527664185,1.0340881817187237,0.9762350674917334,0.7659118182812761,0.8629530086120358
9341.204524993896,1.0327338439012634,0.9620751961392177,0.7672661560987364,0.8547658376932283
9341.254520893097,1.0283891522179642,0.9552214678879505,0.7716108477820356,0.8544010395898869
9341.304780244827,1.0283891522179642,0.9457008339198563,0.7716108477820356,0.8359689739380282
9341.35451388359,1.0222026942635136,0.9420815001928378,0.7777973057364862,0.8456455454957724
9341.404531240463,1.0133512493211616,0.9435979136587466,0.7866487506788382,0.8366551584863271
9341.454628944397,1.0133512493211616,0.9169188645635111,0.7866487506788382,0.844154302604089
9341.504762887955,1.0086775987204244,0.9143694391424917,0.7913224012795754,0.8476742879129968
9341.554505586624,1.0111284090542794,0.9365210300889777,0.7888715909457205,0.85816264780441
9341.604494571686,1.0148992863737472,0.9325717890098274,0.7851007136262527,0.847814099664971
9341.654625415802,1.0148992863737472,0.9353164578855484,0.7851007136262527,0.8599477875264232
9341.704800844193,1.0216871127784999,0.9789474658506077,0.7783128872214999,0.8672472262870696
9341.754540920258,1.022579957384473,0.9962698740602837,0.7774200426155269,0.8633026298698697
9341.804544448853,1.02548041845275,1.00698379002242,0.7745195815472499,0.8471696907335607
9341.85457277298,1.02548041845275,1.0078342461188865,0.7745195815472499,0.8505094051618846
9341.90477180481,1.0385015738582206,1.0174068225717627,0.7614984261417792,0.8514741277787496
9341.954720973969,0.8387048972224784,1.0031431921300937,0.9612951027775214,0.8389037380274182
9342.00461101532,0.639144731817205,1.0321219828597659,1.1608552681827948,0.8454840873356836
9342.054778337479,0.4384754431819511,0.9994744539334282,1.3615245568180487,0.8632729921821181
9342.104732513428,0.23865873938556437,0.8178588538196291,1.5613412606144355,0.9721058228284153
9342.154796600342,0.43891508704181437,0.5772805245695093,1.3610849129581855,1.1657881743432295
9342.204718351364,0.6386020911311698,0.37303869361797254,1.16139790886883,1.3881253054161504
9342.254748344421,0.8387220633601737,0.2507980055276845,0.9612779366398261,1.4656644219310153
9342.304738521576,0.6387613547420097,0.40470144820204834,1.1612386452579901,1.2743568928534175
9342.354745149612,0.4387348425960136,0.7357655847263032,1.3612651574039862,1.0003919092951197
9342.404726266861,0.23881037360187296,1.0353318912097822,1.5611896263981269,0.6933787532378904
9342.454814195633,0.038458658513982336,1.05376213773402,1.7615413414860175,0.674671425857413
9342.504827260971,-0.16159360283855673,0.8413588594829289,1.9615936028385565,0.9287070278304582
9342.554788827896,-0.36143987053875204,0.5039189889944284,2.161439870538752,1.2972790423862135
9342.604745388031,-0.5612661110783028,0.14175000405013638,2.3612661110783026,1.6049024495064734
9342.654747247696,-0.7612735497379708,-0.3555290629302261,2.5612735497379706,1.8238419663636511
9342.704670190811,-0.5817609077121524,-0.6417332791030932,2.3817609077121524,1.9190827836416466
9342.754779100418,-0.5245226332081061,-0.6861129940536211,2.324522633208106,1.9241142402823797
9342.804691553116,-0.4053693454196292,-0.5557766487951251,2.205369345419629,1.8251523970628751
9342.854778051376,-0.4053693454196292,-0.328707295564002,2.205369345419629,1.6312125968598714
9342.904816627502,-0.289947833366371,-0.17709373518485533,2.089947833366371,1.3840684407113812
9342.954788208008,-0.23388871780956322,-0.06809251726147665,2.033888717809563,1.264161278480011
9343.00477695465,-0.19620791366332635,-0.024513306214131593,1.9962079136633262,1.2427019177700465
9343.054615736008,-0.13616511372868878,-0.008824790237087373,1.9361651137286886,1.220185369211151
9343.104529857635,-0.06917952621976942,-0.003176924485351454,1.8691795262197692,1.2012034022656848
9343.154514551163,-0.06917952621976942,-0.0011436928147265234,1.8691795262197692,1.2338592039530671
9343.20473575592,-0.03163227900124366,-0.00041172941330154837,1.8316322790012434,1.2146969184989405
9343.254816055298,-0.03163227900124366,-0.00014822258878855742,1.8316322790012434,1.1815711574213983
9343.304551124573,0.16730799809836572,-5.336013196388067e-05,1.632692001901634,1.0407040828391534
9343.354516744614,0.36717047826193994,-1.920964750699704e-05,1.4328295217380598,0.9621455257150395
9343.404531955719,0.16710963384055322,0.09239286646926503,1.6328903661594465,1.0064148480300736
9343.454773664474,0.12978607189616498,0.49039450811988394,1.6702139281038348,0.9922990885235535
9343.504500865936,0.15259196665186436,0.7885982281958328,1.6474080333481353,1.0119725854465127
9343.554544448853,0.1286837901767658,0.851538489591906,1.671316209823234,1.059640834019259
9343.60452413559,0.14245991248211065,0.7434441293472633,1.6575400875178892,1.1035147270985872
9343.654503822327,0.14245991248211065,0.5972197155425996,1.6575400875178892,1.1691774449859296
9343.704553842545,0.16726021778346545,0.4912621343232411,1.6327397822165344,1.2029263492386664
9343.754533052444,0.1894815686813921,0.4770044373547036,1.6105184313186078,1.1886713570104048
9343.804603338242,0.22974698153821538,0.5308789081719517,1.5702530184617844,1.0913392161993745
9343.854796886444,0.22974698153821538,0.6045235467200398,1.5702530184617844,1.057938041293689
9343.904622077942,0.25103989157045836,0.6459654428569646,1.5489601084295415,1.0856946213259941
9343.954526901245,0.2690154695988587,0.6637465521576942,1.5309845304011411,1.1046383894639487
9344.005275249481,0.2690154695988587,0.6557750919391477,1.5309845304011411,1.086629779169397
9344.054730176926,0.27361389769650724,0.647353678426615,1.5263861023034926,1.0820822182999026
9344.104822397232,0.2941258654166732,0.6531663356357116,1.5058741345833266,1.1204918645753612
9344.154732465744,0.3251011280025863,0.6527028996276844,1.4748988719974134,1.1697072800255115
9344.204525232315,0.38047900985734595,0.663485147423553,1.419520990142654,1.13503265677415
9344.254709005356,0.38047900985734595,0.6570296828271177,1.419520990142654,1.1618019972986793
9344.30479502678,0.5808230955507053,0.671481690799757,1.2191769044492946,1.205494898608213
9344.35467505455,0.7803432066346897,0.7162436063273778,1.0196567933653102,1.0859648435297795
9344.404517173767,0.9797116835023655,0.7570864587492,0.8202883164976345,1.0260876386994071
9344.454813241959,1.1808959562684787,0.8957927332925648,0.6191040437315212,0.9206222618687372
9344.504784345627,1.3807803709413302,1.086225027082247,0.4192196290586696,0.7252688476467688
9344.554676055908,1.5803472120668185,1.299401958312231,0.21965278793318133,0.46793014952032186
9344.604929685593,1.7813617308046115,1.5024943016263144,0.018638269195388357,0.31847850614245565
9344.654880523682,1.9811650831605685,1.6940472672805416,-0.18116508316056867,0.2785078792576402
9344.704820871353,2.1515612837536633,1.8327597862634144,-0.35156128375366325,0.2590224692393926
9344.754710197449,1.952003979371339,1.9278142196948438,-0.15200397937133903,0.15977593418966246
9344.804896354675,1.751259350465089,2.0040331796293893,0.048740649534910974,-0.20757966223832186
9344.854826688766,1.551538014100343,2.074949526148514,0.24846198589965707,-0.4184891163711889
9344.904806375504,1.3516192671521008,2.008325012930921,0.44838073284789925,-0.35774638817567145
9344.954623699188,1.1523499724133313,1.7605754968197433,0.6476500275866688,0.06951544946721132
9345.004626750946,0.9523377653820813,1.321492539763616,0.8476622346179188,0.6011381778703604
9345.054804325104,0.7516274687512219,0.9652398491812346,1.0483725312487782,1.0058438432307173
9345.104778289795,0.5517316099865734,0.7712397944299911,1.2482683900134266,1.205271908715646
9345.154623031616,0.7511105772717297,0.6904753543627931,1.0488894227282703,1.2811379202873519
9345.20470905304,0.9514546629650891,0.6875019561419251,0.848545337034911,1.3084292424441937
9345.25485610962,0.7508664366467297,0.714193533343173,1.0491335633532703,1.3507702545900904
9345.304770946503,0.55120708911255,0.7416297783191551,1.24879291088745,1.25262686955618
9345.354934215546,0.350554012940675,0.8269610830450851,1.449445987059325,1.0706050253427761
9345.404731750488,0.3147680925656925,0.8235318313230799,1.4852319074343074,1.045213203067186
9345.454663276672,0.3121409011470685,0.7317104357548854,1.4878590988529314,1.1269830156926879
9345.504686832428,0.3121409011470685,0.6005909699702847,1.4878590988529314,1.260327900274917
9345.554761886597,0.3543887888997582,0.4725459978045674,1.4456112111002417,1.2576265876857011
9345.60465168953,0.36451752530081916,0.4449975239656562,1.4354824746991808,1.261966071559223
9345.654618263245,0.36451752530081916,0.5047792248996089,1.4354824746991808,1.2672481591820355
9345.704714298248,0.36451752530081916,0.6055156869794842,1.4354824746991808,1.2268235083336698
9345.754738330841,0.36451752530081916,0.6823500138439864,1.4354824746991808,1.1867683313816215
9345.804640054703,0.36451752530081916,0.707974925348215,1.4354824746991808,1.1800308292816672
9345.854711294174,0.36451752530081916,0.7035000424536655,1.4354824746991808,1.1924845814362977
9345.904748678207,0.0,0.6657326448304387,0.0,1.1890424480315143
9345.954606056213,0.0,0.6185492191914176,0.0,1.1686207457879578
9346.004692792892,0.0,0.5136050360513968,0.0,1.0062541009604715
9346.054772853851,0.0,0.16771287001776372,0.0,0.13765619963239845
9346.104741573334,0.0,0.02718158016541364,0.0,-0.37440383397401134
9346.15461230278,0.0,-0.026139666617135664,0.0,-0.5898358367545393
9366.954714775085,-0.1990184783935547,3.040454477674522e-07,0.1990184783935547,3.040454477674522e-07
9367.004754781723,-0.39917850494384766,1.8242726866047134e-07,0.39917850494384766,1.8242726866047134e-07
9367.054763555527,-0.5992136001586914,1.8242726866047134e-07,0.5992136001586914,1.8242726866047134e-07
9367.104685783386,-0.666215924185495,-0.154677242171981,0.7989025115966797,0.1330557100651482
9367.154891729355,-0.7137963062011403,-0.154677242171981,0.9997262954711914,0.1330557100651482
9367.204935312271,-0.7137963062011403,-0.154677242171981,1.1999006271362305,0.1330557100651482
9367.25481414795,-0.7137963062011403,-0.154677242171981,1.3994159698486328,0.1330557100651482
9367.304770231247,-0.6585329382293772,-0.6994100491827541,1.5992403030395508,0.7248268905964743
9367.354953289032,-0.6585329382293772,-0.6994100491827541,1.7999725341796875,0.7248268905964743
9367.404893875122,-0.6585329382293772,-0.6994100491827541,1.999734878540039,0.7248268905964743
9367.45451593399,-0.6585329382293772,-0.5995476956397103,2.198223114013672,1.0889516090908355
9367.504856586456,-0.6585329382293772,-0.5995476956397103,2.399585723876953,1.0889516090908355
9367.55489397049,-0.6585329382293772,-0.5995476956397103,2.5997352600097656,1.0889516090908355
9367.604604244232,0.0,-0.10892864486052213,0.0,1.547790000453582
9367.654748678207,0.0,-0.06535718691631327,0.0,1.611932915219659
9367.704885482788,0.0,-0.06535718691631327,0.0,1.611932915219659
9367.75475859642,0.0,0.05497498171500196,0.0,1.080185259330724
9367.804739236832,0.0,0.05497498171500196,0.0,1.080185259330724
9367.854731321335,0.0,0.05497498171500196,0.0,1.080185259330724
9367.904586315155,0.0,0.11973259510435791,0.0,-0.9294046830074074
9367.954852581024,0.0,0.11123104527198155,0.0,-1.0040796679816295
9368.004718065262,0.0,0.11123104527198155,0.0,-1.0040796679816295
9368.054598093033,0.0,0.023763479049126627,0.0,-0.49416673699927294
9368.104717969894,0.0,0.023763479049126627,0.0,-0.49416673699927294
9371.254584312439,-0.19948768615722656,3.4321998890382364e-31,0.19948768615722656,-3.073243864935433e-26
9371.305235862732,-0.40209388732910156,1.235591960053765e-31,0.40209388732910156,-1.1063677913767557e-26
9371.354736804962,-0.20409011840820312,4.4481310561935534e-32,0.60009765625,-3.98292404895632e-27
9371.40467453003,-0.0043392181396484375,-0.06921375095844269,0.7998485565185547,0.10089368075132371
9371.454698085785,0.1678864507934008,-0.1472258369922638,0.9999427795410156,0.25560774010419846
9371.50475859642,0.1678864507934008,-0.016005847929716113,1.2001848220825195,0.43276075220823285
9371.554750442505,0.24410077186207846,0.13471895250840188,1.4001522064208984,0.5771082676531791
9371.604729175568,0.3222232443011046,0.41984264538227273,1.600067138671875,0.7269654263406486
9371.65467596054,0.3212949866575273,0.621426421948214,1.7998542785644531,0.8845458384519633
9371.704587221146,0.3212949866575273,0.7395122212939047,1.9994993209838867,1.0425504811823063
9371.754732847214,0.3212949866575273,0.7776700173415869,2.078705013342473,1.2080420816500075
9371.80450963974,0.12218781655254685,0.7278361576055812,2.2778121834474536,1.3579690086087854
9371.854569911957,0.32242890541973435,0.6396213671179531,2.077571094580266,1.5390584001746632
9371.904538154602,0.522301876000789,0.5509620261411161,1.8776981239992114,1.7069970868756839
9371.954523324966,0.7222425574583086,0.4761365849573716,1.677757442541692,1.8323017729305198
9372.004543066025,0.922321521691707,0.5466381930875529,1.4776784783082935,1.725769804941999
9372.054568529129,1.0991025937009724,0.7711157902563006,1.300897406299028,1.440430276522894
9372.104721546173,1.0991025937009724,1.0410641183072706,1.300897406299028,1.1849975775229427
9372.154626369476,1.137618473629751,1.2738301426034346,1.2623815263702494,1.0019626351790722
9372.204519987106,1.06720477823749,1.4027294040868703,1.3327952217625103,0.9372334217761908
9372.254698991776,1.06720477823749,1.417094440024496,1.3327952217625103,1.0094864631558045
9372.304540157318,1.0102057942789562,1.347017983470464,1.3897942057210442,1.1074216937374324
9372.354525566101,0.9951871910176201,1.2124681639221087,1.4048128089823804,1.143911611152336
9372.404608488083,1.0140564059307486,1.1082751429395712,1.3859435940692517,1.2030659763023777
9372.454495191574,1.0140564059307486,1.0197572568529905,1.3859435940692517,1.1982295792581625
9372.50455570221,1.050405825257064,1.0253204605391284,1.3495941747429363,1.171739349887919
9372.554504156113,1.1048617656086315,1.0543521535901066,1.2951382343913689,1.1469796598408766
9372.60450387001,1.1333586250220415,1.1185420570078315,1.2666413749779588,1.1091609656973176
9372.65455365181,1.1102316613072987,1.142364133435656,1.2897683386927017,1.060505656013697
9372.704822063446,1.1102316613072987,1.199713359727205,1.2897683386927017,1.0290335849320207
9372.754762411118,1.0377227547261831,1.218350962562707,1.3622772452738172,1.0161742556832545
9372.804672718048,0.9515330705699049,1.225791591082816,1.4484669294300954,1.0256181116846435
9372.854783535004,0.9423632857564943,1.2163343588142888,1.457636714243506,1.0611121209602556
9372.904651403427,0.9251462954255778,1.1547420177327141,1.4748537045744226,1.1558169872334363
9372.954574346542,0.9742999133881951,1.0697883636999088,1.4257000866118053,1.2495492774523769
9373.004809141159,0.9742999133881951,0.9996681644170746,1.4257000866118053,1.3362286547998479
9373.054779052734,1.027677401833564,0.9698951256388163,1.3723225981664364,1.3372803185050448
9373.104758024216,1.055586180113212,0.9915898279707576,1.3444138198867883,1.3081016988872802
9373.15482378006,1.055586180113212,1.0614546741137842,1.3444138198867883,1.241926805424189
9373.204732894897,1.0577321279084388,1.1497967841061332,1.3422678720915615,1.1650473318985086
9373.254834890366,1.0289788405650724,1.211958577698435,1.371021159434928,1.1506185308393593
9373.304743766785,1.0214508106339508,1.226323279309022,1.3785491893660495,1.1605102887855798
9373.354751825333,1.0108947586890604,1.2024425861481718,1.38910524131094,1.2025098706879673
9373.40481543541,1.0276069615202603,1.137091700932165,1.37239303847974,1.2773535599326535
9373.454813957214,1.0276069615202603,1.0848998992565084,1.37239303847974,1.3137176972633164
9373.504768371582,1.0563170533497939,1.0460318530412724,1.3436829466502065,1.3272233870746692
9373.554749250412,1.1279367917576462,1.0551416994862155,1.2720632082423542,1.2970708680315735
9373.604830026627,1.0872666550738257,1.094257702412572,1.3127333449261747,1.2547887017308685
9373.654772520065,1.0872666550738257,1.1684277832445025,1.3127333449261747,1.2325945085279588
9373.7047727108,1.0857594882737247,1.2484821550823397,1.3142405117262757,1.1761579389331023
9373.754755735397,1.0857594882737247,1.2448951985637122,1.3142405117262757,1.1696857407673815
9373.804640293121,0.8862212573777286,1.2187764806580463,1.5137787426222717,1.2194209883803588
9373.854753017426,0.6857703601609317,1.1704212342392892,1.7142296398390686,1.2339992948840068
9373.904754638672,0.8857768451462833,1.1220400875100431,1.514223154853717,1.2533042059589627
9373.954732179642,1.0856870090256778,1.0314035872920373,1.3143129909743225,1.2819611606448604
9374.004752874374,1.1821052464168456,0.8907342431653982,1.2178947535831548,1.3133694879096645
9374.054766654968,1.1821052464168456,0.9231949404851,1.2178947535831548,1.3120790488200866
9374.104801177979,1.327078731930269,1.0803725918284202,1.0729212680697313,1.2394976437095695
9374.155045986176,1.2931766451808457,1.2312069439942053,1.1068233548191546,1.0938670475484333
9374.204600334167,1.290307506899738,1.3448163785000233,1.1096924931002623,1.0328266563129926
9374.2548558712,1.290307506899738,1.4422744220778796,1.1096924931002623,0.98010540993616
9374.30476307869,1.2118405265252241,1.452740949617104,1.1881594734747762,0.9669411289391698
9374.354743242264,1.1965993197124174,1.3869534166668451,1.203400680287583,1.0511865845095318
9374.404701948166,1.1809136944209104,1.3063371455197788,1.21908630557909,1.1890433489360046
9374.4547560215,1.1809136944209104,1.207631640751073,1.21908630557909,1.2988575741914856
9374.504942655563,1.285353646390135,1.1370364808269415,1.1146463536098654,1.3382078949904899
9374.554841518402,1.345502033291203,1.127980069514325,1.0544979667087973,1.2640053228484318
9374.604665994644,1.2846350031349842,1.163333247731761,1.1153649968650161,1.1055685542564413
9374.654736757278,1.2846350031349842,1.2686431326737293,1.1153649968650161,1.0336904762699897
9374.704512357712,1.2837050366203218,1.3646169061042173,1.1162949633796786,0.9995977296298038
9374.754564762115,1.2509935183033691,1.3883800204245078,1.1490064816966312,1.0004377083968623
9374.804521083832,1.2306916540495365,1.3418692336910185,1.1693083459504638,1.0891126722213567
9374.854583501816,1.2306916540495365,1.2893903870499093,1.1693083459504638,1.1952251695436338
9374.90450501442,1.1976578389531707,1.2418786890190585,1.2023421610468297,1.2367771471563136
9374.954751491547,1.1615297045199309,1.2374332551289644,1.2384702954800695,1.2609834674014542
9375.004608869553,1.1727562214995193,1.2258504348687207,1.227243778500481,1.2893243857076766
9375.05478477478,1.1727562214995193,1.234469063144438,1.227243778500481,1.2985408680350186
9375.104733228683,1.2085883443484349,1.2150230862122222,1.1914116556515655,1.2658088341967082
9375.154788970947,1.2607179154316215,1.190288645890526,1.1392820845683789,1.164632849774926
9375.204555511475,1.2607179154316215,1.187427519393148,1.1392820845683789,1.0985116957004675
9375.254754781723,1.2880987290073111,1.183859490859097,1.1119012709926892,1.0717213844672133
9375.304755449295,1.287459661754535,1.2199875581887671,1.1125403382454653,1.0665670595913634
9375.354743003845,1.3086472974866927,1.2331908727393381,1.0913527025133076,1.0722019182091773
9375.404425382614,1.3450033346360484,1.2487210387482346,1.054996665363952,1.0918596758763488
9375.454812526703,1.3450033346360484,1.208669799130944,1.054996665363952,1.121311790024775
9375.50476026535,1.274989707199092,1.2055869928223328,1.1250102928009083,1.1353116487057942
9375.554752588272,1.3039260012543819,1.2268014585216918,1.0960739987456185,1.1252725191566444
9375.60478067398,1.3039260012543819,1.268867024251464,1.0960739987456185,1.1188647294397271
9375.654754638672,1.2592557879543562,1.295430153060666,1.1407442120456441,1.1185816315777939
9375.704842329025,1.2419147884151795,1.3175799260552088,1.1580852115848208,1.1104079981315556
9375.754520654678,1.2498018482472544,1.2932988480335008,1.150198151752746,1.1223131787658365
9375.804600715637,1.2498018482472544,1.2551737430908274,1.150198151752746,1.1590589656310306
9375.854612112045,1.1886989097356073,1.2085444666105982,1.211301090264393,1.1891577711299788
9375.904509067535,1.2053842817838318,1.1899822045740536,1.1946157182161685,1.218114941260662
9375.954550981522,1.2321341764767417,1.1730493219868083,1.1678658235232586,1.262665613511126
9376.004571914673,1.2445040416359079,1.142700850206938,1.1554959583640925,1.2928883161612466
9376.054602861404,1.2686445141917622,1.1414740821975444,1.1313554858082382,1.29259577011352
9376.104571819305,1.2686445141917622,1.1754677751514189,1.1313554858082382,1.2598304508279032
9376.15461730957,1.2596034738826412,1.2487036058492493,1.1403965261173592,1.2301887234979965
9376.204785585403,1.280060204765189,1.2705053449578414,1.1199397952348114,1.2308840451574599
9376.254569530487,1.2813938266370466,1.2477960667934656,1.1186061733629538,1.2291936289526084
9376.304629325867,1.2813938266370466,1.21555617625451,1.1186061733629538,1.2113298396321677
9376.354490041733,1.2944341504912087,1.2018511504230591,1.1055658495087917,1.2230518181342795
9376.404780387878,1.301792371148105,1.2268425539838441,1.0982076288518954,1.217203118296346
9376.454648017883,1.300291746588344,1.2493113630666914,1.0997082534116565,1.2245522324652245
9376.5045068264,1.3154385595318068,1.2387723143215625,1.0845614404681936,1.232520141044048
9376.554768562317,1.301111448506012,1.2122162538283698,1.0988885514939883,1.1982834808249905
9376.604625701904,1.301111448506012,1.1888995822970974,1.0988885514939883,1.1656453015406
9376.65480852127,1.3139733206687065,1.194012574793276,1.0860266793312938,1.145077807974782
9376.704769849777,1.3004907656876759,1.1773232409148373,1.0995092343123245,1.109171136595714
9376.754772901535,1.3142707044315487,1.181592833327589,1.0857292955684517,1.102685680614655
9376.804721832275,1.3142707044315487,1.1938923828580394,1.0857292955684517,1.1505782570696157
9376.854716062546,1.3056366754624218,1.1834991490642457,1.0943633245375786,1.1863860308977228
9376.904811143875,1.3224309318281906,1.186905898420819,1.0775690681718098,1.1817851788944815
9376.95482993126,1.3294573895883088,1.2173042527802496,1.0705426104116915,1.1697228977851921
9377.004672765732,1.2844722884437736,1.2541094672191515,1.1155277115562268,1.0982586609043903
9377.054740667343,1.2965062761515616,1.2753640765491143,1.1034937238484388,1.0624192190188726
9377.104703903198,1.2965062761515616,1.2574651892617825,1.1034937238484388,1.0712108933455429
9377.154815196991,1.247722887089358,1.2287034507621104,1.1522771129106424,1.1224649497339731
9377.204799413681,1.2760951604912245,1.174802424288825,1.1239048395087758,1.166867714469538
9377.254633665085,1.2867458351043501,1.172377615610493,1.1132541648956502,1.2080832510035893
9377.304804563522,1.2867458351043501,1.188717051544094,1.1132541648956502,1.2326656027618048
9377.354841470718,1.2893907957407469,1.2006728616469993,1.1106092042592535,1.2468457643025992
9377.404799938202,1.489224665674829,1.2258243644397457,0.9107753343251714,1.2614545735299783
9377.454717874527,1.504608344631667,1.2403087073860526,0.7111035890248785,1.204334613534696
9377.504812002182,1.504608344631667,1.2710225100862251,0.5107270784047613,1.1546644581030203
9377.554864883423,1.5144169724533338,1.3556940573053575,0.3105155534413824,1.0397737602950474
9377.604774475098,1.4415923970728544,1.4382410008047943,0.35840760292714546,0.846955501338053
9377.654609441757,1.4234909053617666,1.4384646067023845,0.3765090946382331,0.6444551801563053
9377.704837560654,1.4234909053617666,1.3618902033210005,0.3765090946382331,0.4677590068297654
9377.75467824936,1.3854302167381993,1.2670783638587073,0.4145697832618004,0.45604087958754547
9377.804634332657,1.2486104367986746,1.1325146283971241,0.5513895632013253,0.565805773913937
9377.854504823685,1.2467760223515538,1.0119223139143099,0.553223977648446,0.6740372828173915
9377.904864311218,1.2467760223515538,0.9609913590475121,0.553223977648446,0.8025961155245882
9377.954540252686,1.2937587552914032,0.9408693610283445,0.5062412447085968,0.8851264346081082
9378.004516363144,1.2762794556751085,0.9724522864336744,0.5237205443248912,0.9259215317405962
9378.05452656746,1.2954292930728404,1.004906891662418,0.5045707069271594,0.8750584932173862
9378.104837417603,1.2954292930728404,1.0293478079599878,0.5045707069271594,0.7947891835691538
9378.154525756836,1.2680546079294472,1.034919659184077,0.5319453920705526,0.746275032198024
9378.20456814766,1.2116309593576853,1.0382077407431574,0.5883690406423145,0.7273429171927901
9378.25453042984,1.222364281018486,1.0134455983016004,0.5776357189815139,0.7594065929658937
9378.304842472076,1.222364281018486,1.0059269126953998,0.5776357189815139,0.7908251809552096
9378.354842185974,1.222364281018486,0.9835037466300363,0.5776357189815139,0.8382087228587192
9378.404517412186,1.0236633761722946,1.0137154439596952,0.7763366238277053,0.8776870087823005
9378.4546148777,0.8232735141117478,1.0609087936702473,0.9767264858882522,0.8735799354090953
9378.504546880722,1.0230015261967087,1.0736583659394896,0.7769984738032912,0.8717386994996545
9378.554521799088,1.201869925676734,0.914889771557247,0.5981300743232658,0.9778723671760158
9378.604501724243,1.2293480160009969,0.8918230052529795,0.570651983999003,1.0439468987486122
9378.654631614685,1.2293480160009969,0.9351594704057822,0.570651983999003,0.9625452888381967
9378.704573631287,1.2527315175208191,1.0403477665543335,0.5472684824791807,0.8213191842689211
9378.754767656326,1.1666616374097494,1.0899035642599926,0.6333383625902504,0.7722084531577882
9378.804727554321,1.0861448212602487,1.159026059271903,0.7138551787397511,0.7121895006677791
9378.854803800583,1.0861448212602487,1.1501116631372015,0.7138551787397511,0.7315870994823438
9378.904796600342,1.0857705714769599,1.0510174540737833,0.7142294285230399,0.7980084398209071
9378.954893112183,1.1463024646706799,0.9457249680063569,0.65369753532932,0.9180015723282939
9379.004812002182,1.1708051149146235,0.8763797344768562,0.6291948850853764,1.0216309595242088
9379.054805994034,1.1708051149146235,0.8548474715472885,0.6291948850853764,1.0256793439913374
9379.104823350906,1.1720290197205512,0.8851476315451638,0.6279709802794485,0.9876467550115933
9379.154895544052,1.1720290197205512,0.8851476315451638,0.6279709802794485,0.9876467550115933
9379.204691886902,1.1865739326067906,0.8851476315451638,0.6134260673932094,0.9876467550115933
9379.254740715027,1.1450647015829596,0.8851476315451638,0.6549352984170403,0.9876467550115933
9379.304907083511,1.1450647015829596,0.8851476315451638,0.6549352984170403,0.9876467550115933
9379.354721069336,1.068047221148969,1.062683700367714,0.7319527788510307,0.6658472700343219
9379.404899835587,1.068047221148969,1.062683700367714,0.7319527788510307,0.6658472700343219
9379.454688549042,1.068047221148969,1.0045069689049122,0.7319527788510307,0.7307755359227639
9379.504704236984,1.0724537007975694,1.0045069689049122,0.7275462992024304,0.7307755359227639
9379.554742097855,1.0724537007975694,1.0045069689049122,0.7275462992024304,0.7307755359227639
9379.604572057724,1.0974169219754042,0.7892605496686933,0.7025830780245956,0.9100501829781942
9379.654755592346,1.1648389130812609,0.7579092164780044,0.6351610869187391,0.9323208149909266
9379.70482802391,1.1648389130812609,0.7579092164780044,0.6351610869187391,0.9323208149909266
9379.755283117294,1.2186951178414458,0.7643292426086018,0.581304882158554,0.94807474898794
9379.804733037949,1.219994875539907,0.7643292426086018,0.5800051244600928,0.94807474898794
9379.854923725128,1.219994875539907,0.7643292426086018,0.5800051244600928,0.94807474898794
9379.904526472092,1.1574756410654423,1.0016711977844432,0.6425243589345574,0.7028311973653072
9379.954751491547,1.1574756410654423,1.0016711977844432,0.6425243589345574,0.7028311973653072
9380.004759311676,1.1574756410654423,1.0016711977844432,0.6425243589345574,0.7028311973653072
9380.054545164108,1.2371249431164117,1.055322939497703,0.562875056883588,0.6103918459178842
9380.104763031006,1.2371249431164117,1.055322939497703,0.562875056883588,0.6103918459178842
9380.154504776001,1.173374886968602,1.0460934919702853,0.6266251130313978,0.6663512507755134
9380.204728126526,1.173374886968602,1.0460934919702853,0.6266251130313978,0.6663512507755134
9380.254768371582,1.173374886968602,1.0460934919702853,0.6266251130313978,0.6663512507755134
9380.30512213707,1.1957282647508958,0.9508849209188242,0.604271735249104,0.636544006883276
9380.354785442352,1.2315052199420236,0.9460913733028662,0.5684947800579762,0.6340884076471165
9380.404730796814,1.2315052199420236,0.9460913733028662,0.5684947800579762,0.6340884076471165
9380.454779148102,1.2315052199420236,0.9460913733028662,0.5684947800579762,0.6340884076471165
9380.50457072258,1.2122625963165192,1.0590074014436128,0.5877374036834806,0.6127822871968882
9380.554752111435,1.2122625963165192,1.0590074014436128,0.5877374036834806,0.6127822871968882
9380.604847192764,1.2122625963165192,1.0590074014436128,0.5877374036834806,0.6127822871968882
9380.654519557953,1.2105778006754249,1.2138643406335488,0.589422199324575,0.5935709634543572
9380.704739570618,1.0997478523072999,1.2138643406335488,0.7002521476927,0.5935709634543572
9380.754753828049,1.0997478523072999,1.2138643406335488,0.7002521476927,0.5935709634543572
9380.804882526398,1.0997478523072999,1.2138643406335488,0.7002521476927,0.5935709634543572
9380.854845046997,1.0762480863248447,1.1507280018451134,0.7237519136751551,0.6043924749206516
9380.904736042023,1.1107750049695349,1.1507280018451134,0.6892249950304649,0.6043924749206516
9380.954775094986,1.1107750049695349,1.1507280018451134,0.6892249950304649,0.6043924749206516
9381.004587650299,1.1125757739742572,0.9387267956459608,0.6874242260257426,0.8800067337042493
9381.054817438126,1.170710173197711,0.9387267956459608,0.6292898268022888,0.8800067337042493
9381.104899644852,1.170710173197711,0.9387267956459608,0.6292898268022888,0.8800067337042493
9381.155602931976,1.170710173197711,0.9971421961140776,0.6292898268022888,0.9375360248851736
9381.204832315445,1.2548147590942893,0.9971421961140776,0.5451852409057105,0.9375360248851736
9381.254889011383,1.2548147590942893,0.9971421961140776,0.5451852409057105,0.9375360248851736
9381.304780721664,1.2548147590942893,0.9971421961140776,0.5451852409057105,0.9375360248851736
9381.354594707489,1.254137945063944,1.199879576142986,0.5458620549360557,0.6474742469603356
9381.404807329178,1.125540688950806,1.199879576142986,0.6744593110491939,0.6474742469603356
9381.45500946045,1.125540688950806,1.199879576142986,0.6744593110491939,0.6474742469603356
9381.504420280457,1.0241845693114253,1.285563605193797,0.7758154306885746,0.41664312881492105
9381.554855823517,1.0241845693114253,1.285563605193797,0.7758154306885746,0.41664312881492105
9381.604752063751,1.0241845693114253,1.285563605193797,0.7758154306885746,0.41664312881492105
9381.654647350311,1.027468657376005,1.0818436411115597,0.7725313426239949,0.6885386673495288
9381.704850912094,1.0539925244692177,1.030885307019536,0.7460074755307822,0.7230824689796636
9381.754898071289,1.0539925244692177,1.030885307019536,0.7460074755307822,0.7230824689796636
9381.804812908173,1.0615848518651538,0.8530139191914294,0.7384151481348459,0.9293037567443101
9381.854937791824,1.194168848426782,0.8530139191914294,0.6058311515732177,0.9293037567443101
9381.904832363129,1.194168848426782,0.8530139191914294,0.6058311515732177,0.9293037567443101
9381.954519748688,1.194168848426782,1.0367710748394852,0.6058311515732177,0.8137538301635603
9382.004745006561,1.1869194228111555,1.0367710748394852,0.6130805771888443,0.8137538301635603
9382.054782390594,1.1869194228111555,1.0367710748394852,0.6130805771888443,0.8137538301635603
9382.104593753815,1.1869194228111555,1.253233928692943,0.6130805771888443,0.6826400078439405
9382.15456700325,1.17209505225803,1.268879663474921,0.6279049477419698,0.6882817218961531
9382.204723596573,1.17209505225803,1.268879663474921,0.6279049477419698,0.6882817218961531
9382.254758834839,1.17209505225803,1.268879663474921,0.6279049477419698,0.6882817218961531
9382.304559707642,1.1056239882458638,1.1845515690621795,0.694376011754136,0.7266431897187087
9382.35490322113,1.1056239882458638,1.1845515690621795,0.694376011754136,0.7266431897187087
9382.404863357544,1.1056239882458638,1.1845515690621795,0.694376011754136,0.7266431897187087
9382.45451927185,1.0603816930278886,1.0486911917903445,0.7396183069721112,0.777766509051911
9382.504756689072,1.1047837594663301,1.0486911917903445,0.6952162405336698,0.777766509051911
9382.554827928543,1.1047837594663301,1.0486911917903445,0.6952162405336698,0.777766509051911
9382.604816198349,1.1047837594663301,1.0486911917903445,0.6952162405336698,0.777766509051911
9382.654745340347,1.0809296935015138,0.9546838438972285,0.719070306498486,0.8279899000705616
9382.704867839813,1.0809296935015138,0.9546838438972285,0.719070306498486,0.8279899000705616
9382.754830598831,1.0809296935015138,0.9546838438972285,0.719070306498486,0.8279899000705616
9382.80482840538,1.039728143457933,0.9580220501491711,0.7602718565420667,0.758442635765424
9382.854778051376,1.024616939288984,0.9580220501491711,0.7753830607110158,0.758442635765424
9382.904418468475,1.024616939288984,0.9854870612330997,0.7753830607110158,0.7474340963095845
9382.954762458801,1.0553755277064916,0.9915418520536814,0.7446244722935083,0.7506111419581326
9383.004779338837,1.0553755277064916,0.9915418520536814,0.7446244722935083,0.7506111419581326
9383.054533481598,1.0553755277064916,0.9981721863494288,0.7446244722935083,0.91159903496935
9383.10476231575,1.1513788700642755,0.9981721863494288,0.6486211299357244,0.91159903496935
9383.154525995255,1.1486146004496334,1.0640869102880197,0.6513853995503665,0.9513425424691065
9383.204781293869,1.1486146004496334,1.0640869102880197,0.6513853995503665,0.9513425424691065
9383.254861354828,1.1486146004496334,1.0640869102880197,0.6513853995503665,0.9513425424691065
9383.30456495285,1.0797032772097883,1.2301966786692038,0.7202967227902115,0.7954043410105398
9383.354795217514,1.0997508917938679,1.2301966786692038,0.700249108206132,0.7954043410105398
9383.404800653458,1.0997508917938679,1.2301966786692038,0.700249108206132,0.7954043410105398
9383.454700231552,1.0878287048340858,1.2108585075339358,0.7121712951659139,0.6444487451179035
9383.504770994186,0.9472262308415351,1.1811220786452699,0.8527737691584647,0.6583246277966026
9383.554834365845,0.9472262308415351,1.1811220786452699,0.8527737691584647,0.6583246277966026
9383.604688882828,1.0210026122898224,1.0176313322483013,0.7789973877101776,0.8237438146779841
9383.654771327972,1.026259965120107,1.0176313322483013,0.7737400348798927,0.8237438146779841
9383.70486497879,1.026259965120107,1.0176313322483013,0.7737400348798927,0.8237438146779841
9383.754696369171,1.026259965120107,0.9829695225369397,0.7737400348798927,0.8467798952285018
9383.804638624191,1.055539937380283,0.8723521249055413,0.7444600626197169,1.0472839629598532
9383.854731321335,1.055539937380283,0.8723521249055413,0.7444600626197169,1.0472839629598532
9383.904903650284,1.055539937380283,1.0109389533368418,0.7444600626197169,0.9032192280227465
9383.954750061035,1.046487929690834,1.030678409920196,0.7535120703091658,0.8704127818545414
9384.004727363586,1.046487929690834,1.030678409920196,0.7535120703091658,0.8704127818545414
9384.05453324318,1.046487929690834,1.0823512426531674,0.7535120703091658,0.8461332291484304
9384.104800701141,1.0325966284923869,1.1079043982939443,0.767403371507613,0.7728464290586717
9384.154771566391,1.0325966284923869,1.1079043982939443,0.767403371507613,0.7728464290586717
9384.204853057861,1.0325966284923869,1.1079043982939443,0.767403371507613,0.7728464290586717
9384.254914999008,1.0325966284923869,1.049931283874486,0.767403371507613,0.7884745973097637
9384.304787158966,1.0325966284923869,1.049931283874486,0.767403371507613,0.7884745973097637
9384.35473561287,1.0325966284923869,1.049931283874486,0.767403371507613,0.7884745973097637
9384.404762983322,1.0146485645570578,1.049931283874486,0.7853514354429421,0.7884745973097637
9384.454749584198,1.0002602066469488,1.049931283874486,0.799739793353051,0.7884745973097637
9384.504908800125,0.9573841754803386,1.049931283874486,0.8426158245196612,0.7884745973097637
9384.554727077484,0.9977271169255246,1.0326438104747024,0.8022728830744752,0.9384264570392945
9384.604807853699,0.9942771065517949,1.0326438104747024,0.8057228934482049,0.9384264570392945
9384.65485405922,0.9942771065517949,1.0326438104747024,0.8057228934482049,0.9384264570392945
9384.704795122147,0.9683271801547026,1.0326438104747024,0.8316728198452972,0.9384264570392945
9384.754788398743,0.9683271801547026,1.0326438104747024,0.8316728198452972,0.9384264570392945
9384.804750919342,0.9683271801547026,1.0326438104747024,0.8316728198452972,0.9384264570392945
9384.85464477539,0.9763933863508574,0.9233667278172881,0.8236066136491424,0.8393454424902088
9384.90481376648,1.0057172926412354,0.9233667278172881,0.7942827073587644,0.8393454424902088
9384.954816818237,1.0057172926412354,0.9233667278172881,0.7942827073587644,0.8393454424902088
9385.004705429077,1.0170231663422333,0.9431453633664626,0.7829768336577665,0.8855374399454083
9385.05476140976,1.0170231663422333,0.9431453633664626,0.7829768336577665,0.8855374399454083
9385.104763269424,1.0170231663422333,0.9431453633664626,0.7829768336577665,0.8855374399454083
9385.154636859894,1.0170231663422333,0.9647277050102541,0.7829768336577665,0.8713208514208376
9385.20465874672,0.9964096634471225,0.9420316548187062,0.8035903365528774,0.8144620231779138
9385.254607915878,0.9787750267870432,0.9243406771792837,0.8212249732129566,0.7632026400086303
9385.304541349411,0.980981775826713,0.9112259120645714,0.8190182241732868,0.7400823399752504
9385.354812383652,0.980981775826713,0.907174729260299,0.8190182241732868,0.7909761178015516
9385.404718637466,0.9860525175981387,0.9007039922192652,0.8139474824018611,0.8309848253440169
9385.454722642899,0.9507824822860249,0.905835575737296,0.8492175177139749,0.9004804305259457
9385.504519939423,0.9280640934599844,0.9033021927634735,0.8719359065400154,0.9263945846089388
9385.554787635803,0.9280640934599844,0.9094165516171404,0.8719359065400154,0.9264073596595048
9385.604748725891,1.014183973547985,0.9493345076658802,0.7858160264520149,0.9263143167328234
9385.654738426208,1.038584520680963,0.972053207927411,0.7614154793190367,0.9392484411751532
9385.704559087753,1.0293190274121473,0.9957679264450545,0.7706809725878525,0.9374784917290916
9385.754747390747,1.0293190274121473,1.0261308891548326,0.7706809725878525,0.896764796638104
9385.804767131805,1.0287538390919018,0.9954512218108276,0.7712461609080982,0.8345879894484088
9385.854735851288,1.0278140643497458,0.9674340760518492,0.7721859356502541,0.7937569564100149
9385.904553174973,1.0095800169469404,0.9514155152729529,0.7904199830530594,0.7966305212563053
9385.954764604568,1.0095800169469404,0.9614173709139124,0.7904199830530594,0.8294047282833734
9386.00475025177,1.0342928159196094,0.9651084615749679,0.7657071840803903,0.8496098244201736
9386.054804563522,0.9872511364075489,0.9499912431465111,0.8127488635924509,0.8561398478988981
9386.104567050934,0.9524276336020472,0.8980828608498522,0.8475723663979526,0.8042766675702635
9386.154811143875,0.9524276336020472,0.8683263999971944,0.8475723663979526,0.7261742720133747
9386.204722642899,0.9945265780951816,0.8388498285801362,0.8054734219048182,0.7501465285704142
9386.254775047302,0.9643567119541302,0.8702274153014833,0.8356432880458696,0.801517949279032
9386.3047747612,0.9643567119541302,0.8800748606698805,0.8356432880458696,0.8030875560435826
9386.35478067398,0.9688287081823442,0.9013216145101939,0.8311712918176556,0.7785663880155029
9386.40476489067,0.9874635149353881,0.9200584356998355,0.8125364850646117,0.7665707663504675
9386.454741716385,0.9766869220712432,0.9456738757496458,0.8233130779287566,0.8002682517460011
9386.504736661911,0.9766869220712432,0.9545962212349909,0.8233130779287566,0.8010382791933188
9386.554737091064,0.9736395163050018,0.975404462738011,0.826360483694998,0.807185096999768
9386.604762792587,0.9879862996468016,0.9713008409225369,0.8120137003531982,0.8537593043306221
9386.654706478119,1.035564002468145,0.9365998651558194,0.7644359975318549,0.9062867220565827
9386.704805850983,1.035564002468145,0.9095725278606666,0.7644359975318549,0.9459041973230297
9386.75473332405,1.0255557013414163,0.907826466341638,0.7744442986585836,0.9396194989780327
9386.804767847061,1.0244901893992477,0.9517480527090395,0.7755098106007522,0.8808037486779596
9386.854832172394,1.0288127775912028,0.9685833380720864,0.7711872224087969,0.8002770774522272
9386.904742717743,1.0288127775912028,0.9916071054733462,0.7711872224087969,0.7500677645072524
9386.954729795456,0.9843218514142049,1.0117131313346623,0.8156781485857949,0.7256607391786045
9387.004550218582,0.9892450566420973,0.9898670640228795,0.8107549433579025,0.7762551442987251
9387.054494142532,0.9942297904641086,0.908543700932453,0.8057702095358912,0.8412367631032417
9387.104639053345,1.0085339573838827,0.8428205281349384,0.7914660426161171,0.903135819281376
9387.15462422371,0.9969741237776029,0.8376962886995922,0.803025876222397,0.9240463673038137
9387.204531669617,0.9969741237776029,0.886281302454955,0.803025876222397,0.8795674383269377
9387.254699707031,0.995807275011428,0.9228916207133125,0.8041927249885719,0.8261448910102831
9387.30451965332,1.002889971394871,0.9529695405666254,0.7971100286051289,0.8135969580506892
9387.354642391205,0.9910440343553412,0.9800847850121577,0.8089559656446587,0.8251176598535399
9387.40455365181,0.9910440343553412,0.9807410984710759,0.8089559656446587,0.8701970239710719
9387.45460486412,1.0408680308806426,0.9742813378385033,0.7591319691193571,0.8895575878703086
9387.504511833191,1.0408680308806426,0.9787641431025741,0.7591319691193571,0.8897190789347943
9387.554813623428,1.0217913836876238,0.9763862823891191,0.7782086163123759,0.8644966399657508
9387.604696273804,1.0440706237414288,0.994601540641101,0.7559293762585712,0.8459055441375176
9387.654615402222,1.0500714540081362,1.0272950027738017,0.7499285459918636,0.8609046990068769
9387.704512834549,1.0500714540081362,1.0274283490545988,0.7499285459918636,0.8626185436627394
9387.75486421585,1.0160172094567401,1.0179181457738542,0.7839827905432596,0.878886150096722
9387.80480337143,1.0333790569406185,1.0181694231455491,0.7666209430593813,0.883647229710174
9387.854687929153,0.9944596053157199,1.0265164924392094,0.80554039468428,0.8686550306459495
9387.904799461365,1.002640195607553,0.9794853217385646,0.7973598043924468,0.8453619330113016
9387.95472073555,1.011132373757151,0.9521788175218977,0.7888676262428488,0.8531398313874561
9388.004585027695,1.011132373757151,0.9520949369185094,0.7888676262428488,0.8778970147717438
9388.054623126984,1.003631419572005,0.9447032253329608,0.7963685804279947,0.8863272704678216
9388.10451054573,1.001286885450548,0.9704471554893728,0.7987131145494519,0.8661381043671645
9388.154525995255,1.029924621887951,0.9963442490055014,0.7700753781120488,0.8573380483750968
9388.204719781876,1.029924621887951,1.0332023765642826,0.7700753781120488,0.867072407253902
9388.254502296448,1.0290001066492784,1.0216228532552498,0.7709998933507215,0.8691888203078464
9388.304521560669,1.0140612134347862,0.9557548535261073,0.7859387865652137,0.8244947749324067
9388.354523181915,1.0381392054012808,0.900302373375661,0.7618607945987191,0.815735336230305
9388.404808282852,1.0381392054012808,0.9341994200966954,0.7618607945987191,0.8516994295428182
9388.454692363739,1.0298220451308133,0.9772819831903767,0.7701779548691865,0.8713308374134298
9388.504601240158,1.0188957119519109,0.9491383393383976,0.781104288048089,0.8755813050287102
9388.554546356201,1.0314632711654432,0.9343924221912727,0.7685367288345566,0.880998354244845
9388.604585886002,1.0314632711654432,0.8757320248193635,0.7685367288345566,0.8747621110994638
9388.654644727707,1.0210405962577973,0.8346924735226784,0.7789594037422026,0.8700238275022156
9388.704736948013,1.0210405962577973,0.8006361348552187,0.7789594037422026,0.8375113609131878
9388.754578590393,1.0210405962577973,0.8378757294341093,0.7789594037422026,0.8442208291064514
9388.804706573486,0.8205286638847504,0.8575406227305034,0.9794713361152495,0.8502596927267797
9388.854776144028,1.0208069460502778,0.8843449623749673,0.7791930539497222,0.8546740619867738
9388.904754638672,1.0383385141362624,0.8785286547434099,0.7616614858637373,0.8784915593336712
9388.95486330986,1.0383385141362624,0.8339203119882977,0.7616614858637373,0.985495409503127
9389.004720211029,1.059199041726321,0.8819651313045872,0.7408009582736788,0.936403408456282
9389.054600000381,1.0679178401761824,0.9467627802164287,0.7320821598238174,0.8515080218822132
9389.104545116425,1.0286150029254257,0.9928074573995207,0.7713849970745742,0.7497846462241543
9389.154653072357,1.0286150029254257,0.9980610142536712,0.7713849970745742,0.7083238903729343
9389.204504013062,1.0369401744830686,0.9775537036796005,0.7630598255169312,0.7470040706651768
9389.254501104355,1.036291246714718,0.9605259102442119,0.7637087532852818,0.8196241803595076
9389.30450463295,1.0573667270047347,0.948300192422566,0.7426332729952653,0.8579481153832191
9389.354588270187,1.0573667270047347,0.9463308702708115,0.7426332729952653,0.8594559946946972
9389.404733896255,1.0636016626917375,0.9447896510839957,0.7363983373082623,0.8538568090970918
9389.454735279083,1.065534927202799,0.9790840255193889,0.734465072797201,0.836778283294759
9389.504652023315,1.0451912791082134,1.0044767179598681,0.7548087208917863,0.795831031862517
9389.555445432663,1.0451912791082134,1.0088106769982672,0.7548087208917863,0.781197602962358
9389.604744911194,1.0452579884143454,1.007980193328751,0.7547420115856546,0.7865868861966979
9389.654745101929,1.0436135780126599,0.9971371432418441,0.75638642198734,0.8226253338632697
9389.70465874672,1.0264921640890177,0.9518987848856979,0.7735078359109822,0.8258730917445796
9389.754776000977,1.0264921640890177,0.9276947253167247,0.7735078359109822,0.8400947648026458
9389.8047580719,1.0415502645935928,0.9437620737511975,0.758449735406407,0.8346568631316869
9389.855028152466,1.0526430025517595,0.9682871376881264,0.7473569974482402,0.8431979878134362
9389.90455198288,1.0254463311948778,0.9661353162077402,0.774553668805122,0.8328815363664686
9389.954696893692,1.0254463311948778,0.9636664842777491,0.774553668805122,0.8273081134373876
9390.00473332405,1.0396364095814616,0.9798979659752742,0.7603635904185382,0.8066083771210288
9390.054729700089,1.031164487987907,1.0104682147458801,0.7688355120120929,0.8226017635663048
9390.10465312004,1.018989866590153,1.040926998852096,0.7810101334098469,0.8566553454971205
9390.154755115509,1.018989866590153,1.0248922083372123,0.7810101334098469,0.8520168231025657
9390.204765081406,1.013377215264374,1.0216396751497119,0.7866227847356257,0.8579069340024705
9390.254707574844,1.0329562191999282,0.9694333876071188,0.7670437808000716,0.8338379870818012
9390.304607629776,0.8333559994733657,0.9163279320561104,0.9666440005266341,0.8248240474807961
9390.354703426361,0.6329728131330337,0.9221204824124531,1.1670271868669662,0.8333174249153522
9390.40471482277,0.43292722750070944,0.954473940379909,1.3670727724992904,0.8377610156758257
9390.454779148102,0.23266992617014304,0.9243036727359859,1.5673300738298568,0.9031957737144337
9390.504591941833,0.43192110109690085,0.7611657197565187,1.368078898903099,1.0588337451769054
9390.554791688919,0.632720089439186,0.5694349711641198,1.1672799105608138,1.2808900500733782
9390.604766845703,0.8326207165754165,0.3873814394058415,0.9673792834245833,1.466824320270984
9390.654689788818,0.632928944114479,0.3905276280634986,1.1670710558855208,1.462049861185921
9390.70476937294,0.43261060762766257,0.6407842858550568,1.3673893923723373,1.1998373101114652
9390.754765748978,0.23262510347727194,0.9414702304810626,1.5673748965227279,0.9385765563235077
9390.804568529129,0.033413982871803194,1.045570689986122,1.7665860171281966,0.874593736080601
9390.854775190353,-0.16741266202565774,0.8947783274233241,1.9674126620256576,1.0537361817413355
9390.904766321182,-0.36737718534108743,0.4279469887267314,2.1673771853410875,1.3640521663494272
9390.95481967926,-0.5675906176530991,-0.09158036566314358,2.367590617653099,1.6735729419493923
9391.004538297653,-0.6090151298080508,-0.5463903455371998,2.4090151298080507,1.8636228529204457
9391.054732084274,-0.6090151298080508,-0.7450800457633261,2.4090151298080507,1.9786515910955498
9391.104597330093,-0.45624225721266565,-0.6238411540640614,2.2562422572126657,1.905866098864039
9391.154700517654,-0.45624225721266565,-0.40174935519170357,2.2562422572126657,1.7693586274849749
9391.20475101471,-0.3547067795536387,-0.19929830316116187,2.1547067795536385,1.5735654708695663
9391.254911184311,-0.28089556150360795,-0.07174738913801827,2.080895561503608,1.4146103147370428
9391.304589033127,-0.21501462885564027,-0.025829060089686575,2.0150146288556403,1.3027885586155465
9391.354767560959,-0.21501462885564027,-0.009298461632287166,2.0150146288556403,1.2217189537334328
9391.404716730118,-0.17471516822500366,-0.00334744618762338,1.9747151682250035,1.2147585702007253
9391.45478773117,-0.1318807100274364,-0.0012050806275444167,1.9318807100274362,1.2420441205048052
9391.504577875137,-0.06428608078417186,-0.00043382902591599,1.8642860807841717,1.2272267590073402
9391.554734945297,0.13634219985547658,-0.00015617844932975638,1.6636578001445232,1.173607949618375
9391.604797124863,0.3365909181171953,-5.622424175871229e-05,1.4634090818828045,1.1442071870102437
9391.65485548973,0.5368243775898516,-2.024072703313642e-05,1.2631756224101482,1.1235469296622496
9391.704632520676,0.3377162538105547,0.2262857103408697,1.4622837461894451,1.0625454574244577
9391.754699230194,0.13744941573682423,0.6079832223914143,1.6625505842631756,0.9451518341094503
9391.804713010788,0.02446816269106633,0.9233867516945151,1.7755318373089335,0.8424830085345596
9391.85482597351,-0.17598368820004695,0.9290004631577855,1.9759836882000468,0.9341031973233874
9391.904716730118,-0.003648798465211822,0.7131530235063646,1.8036487984652116,1.177792425084271
9391.954657793045,0.05722733528387869,0.3538657399362903,1.7427726647161212,1.400634062932071
9392.004784107208,0.05722733528387869,-0.0053747741336853255,1.7427726647161212,1.5325173709319126
9392.054726362228,0.0910075026818683,-0.023628780768700754,1.7089924973181314,1.4187376275131496
9392.104771375656,0.2191288443929722,0.16616523252973975,1.5808711556070276,1.2183598962236424
9392.154600858688,0.25356654127579714,0.4705566024317146,1.5464334587242026,0.9780636198571555
9392.204769849777,0.25356654127579714,0.6729992910218405,1.5464334587242026,0.7933319533080303
9392.25477051735,0.24908591191455487,0.8041508132454932,1.5509140880854448,0.7201999017313878
9392.304778814316,0.2391718451635778,0.7936183286036436,1.560828154836422,0.8346758719223413
9392.35460782051,0.24911857055611042,0.7078985335466403,1.5508814294438893,0.9796217263676288
9392.404811382294,0.24911857055611042,0.5976064954532554,1.5508814294438893,1.0487475722171389
9392.454774856567,0.25257832551316806,0.5307956917643559,1.5474216744868317,1.069140159933717
9392.504750967026,0.31331494377583013,0.5228303760371213,1.4866850562241698,1.0894933237489286
9392.55498123169,0.3180900129992288,0.6003270259159433,1.481909987000771,0.9574744793050433
9392.6045088768,0.3180900129992288,0.6593400136467562,1.481909987000771,0.8662891301729541
9392.65449976921,0.345598805505165,0.6951982699335841,1.4544011944948347,0.8640086548287246
9392.704532384872,0.342757998439124,0.684235276788517,1.4572420015608758,0.904581874493071
9392.754534959793,0.5427682981217412,0.6717096645867983,1.2572317018782586,0.9694620573103339
9392.804821252823,0.7439134702408818,0.67008846327911,1.056086529759118,0.9948808266012636
9392.854501724243,0.9426353559220342,0.6802663373658067,0.8573646440779656,0.9244815318568504
9392.904745817184,1.143611727687171,0.8309689772501828,0.6563882723128289,0.8330515864652618
9392.95454454422,1.3428066358292607,1.0517450527802197,0.4571933641707391,0.6923488823114237
9393.004772424698,1.5437181577408818,1.261721356741968,0.256281842259118,0.5297500126673603
9393.054725646973,1.743531046840003,1.453467935573715,0.05646895315999689,0.36900462984253735
9393.104789495468,1.9437864408219365,1.5174008430550443,-0.1437864408219367,0.2945834072185145
9393.154639720917,1.744385539027503,1.6793218787256459,0.05561446097249689,0.19300308722564885
9393.204726219177,1.5440395459855107,1.77613419302977,0.2559604540144891,0.123391605475459
9393.254760503769,1.3439024076188115,1.8242375636411077,0.4560975923811883,-0.0696267579583239
9393.304766893387,1.1438768491471318,1.782946884071077,0.656123150852868,-0.01239366243796032
9393.354573726654,0.9446495160782842,1.4712641070253532,0.8553504839217156,0.32437312873417207
9393.404797077179,0.7437561139786748,1.124934655307539,1.056243886021325,0.7001946125228908
9393.454686403275,0.5441988095963506,0.8454893714948204,1.2558011904036492,1.0630691106486214
9393.504779815674,0.3438251599991826,0.6937086803947821,1.4561748400008172,1.2955825873148878
9393.554693222046,0.32484919275864854,0.6691629441941357,1.4751508072413513,1.4289467053866067
9393.604830026627,0.32484919275864854,0.6675446064125743,1.4751508072413513,1.4356868547411805
9393.654778003693,0.3569109965912419,0.617335795075342,1.4430890034087578,1.4756208425359265
9393.70474410057,0.3569109965912419,0.5673047704853933,1.4430890034087578,1.4908153545473697
9393.75463271141,0.3569109965912419,0.5479569150218364,1.4430890034087578,1.4874872946124558
9393.804772615433,0.3569109965912419,0.577212399716699,1.4430890034087578,1.4247509306686383
9393.854743242264,0.3569109965912419,0.6235954856188979,1.4430890034087578,1.3079180598026727
9393.904722929,0.3569109965912419,0.6504388986341436,1.4430890034087578,1.1996630387222604
9393.954607725143,0.0,0.6679195429675202,0.0,1.1796516546028555
9394.004743337631,0.0,0.6558971476242216,0.0,1.1464664519459378
9394.054649353027,0.0,0.6307360460168816,0.0,1.1621561544166936
9394.104862689972,0.0,0.5255705195550142,0.0,0.9595669208185038
9394.154798269272,0.0,0.5255705195550142,0.0,0.9595669208185038
9394.204814910889,0.0,0.038974777996764694,0.0,-0.5002433089668266
9394.254744052887,0.0,0.01863287792517311,0.0,-0.5995212810191339
9394.30490231514,0.0,0.01863287792517311,0.0,-0.5995212810191339
9417.404579877853,-0.1993722915649414,3.7461280484149716e-27,0.1993722915649414,-1.9358355712038817e-14
9417.454704284668,-0.3998699188232422,1.3486060974293897e-27,0.3998699188232422,-6.969008056333974e-15
9417.50477385521,-0.6001482009887695,4.854981950745802e-28,0.6001482009887695,-2.5088429002802304e-15
9417.554745912552,-0.8000364303588867,-0.08937394589185715,0.8000364303588867,0.15169810861349017
9417.60457110405,-0.9993371963500977,-0.2961166184067726,0.9993371963500977,0.44857186058759657
9417.654742240906,-1.200021743774414,-0.5131208734841347,1.200021743774414,0.7058210276827811
9417.70473575592,-1.3999958038330078,-0.7302518309520912,1.3999958038330078,0.9020767773365592
9417.754738092422,-1.6000051498413086,-0.8407059128773415,1.6000051498413086,1.0280586158696037
9417.804522037506,-1.7991409301757812,-0.8811571150669647,1.7991409301757812,1.0643047073649128
9417.854754924774,-2.000072479248047,-0.8983452182882735,2.000072479248047,1.0832760755717787
9417.904731273651,0.0,-0.947435456342949,0.0,1.1404134616076957
9417.954701662064,0.0,-1.0236524383404686,0.0,1.2115441054637435
9418.005653142929,0.0,-0.8874320598904669,0.0,1.0867981871557904
9418.054730415344,0.0,-0.05889108344785138,0.0,0.1841922283980609
9418.104803085327,0.0,0.46123694694684114,0.0,-0.4081452054686536
9418.154659032822,0.0,0.6528500174879295,0.0,-0.6622032247629352
9418.204585790634,0.0,0.4612206806683276,0.0,-0.5244628878586264
9418.254765987396,0.0,0.1687005587796116,0.0,-0.21807889075825584
9418.304736375809,0.0,0.02055838164853134,0.0,-0.04203057242363681
9418.35455083847,-0.19925785064697266,0.003409346784950774,0.19925785064697266,-0.015131006072509251
9418.404543876648,-0.3992300033569336,0.016347330217052036,0.3992300033569336,-0.00544716218610333
9418.454748392105,-0.6000480651855469,0.00987670948665924,0.6000480651855469,-0.017832621363996482
9418.50480890274,-0.8002901077270508,-0.06992741254963308,0.8002901077270508,0.04468573635404145
9418.554629564285,-0.99957275390625,-0.22076573608397662,0.99957275390625,0.18772870125383678
9418.604775428772,-1.2001562118530273,-0.3761898528507205,1.2001562118530273,0.36296595748189886
9418.654747009277,-1.4000425338745117,-0.4893564838518209,1.4000425338745117,0.5617681704136985
9418.704778432846,-1.600168228149414,-0.5726743039494576,1.600168228149414,0.7357898460211727
9418.754718065262,0.0,-0.5901023240806754,0.0,0.8826569809811964
9418.805010557175,0.0,-0.6130953464003359,0.0,0.9245519171105976
9418.854871988297,0.0,-0.750044558039616,0.0,0.9836545585375007
9418.904684782028,0.0,-0.3025488867788233,0.0,0.41680534060410174
9418.954731225967,0.0,0.19311881609813988,0.0,-0.19057263955255208
9419.004702806473,0.0,0.46070649343034015,0.0,-0.5223260427407499
9419.054794549942,0.0,0.4404949275873913,0.0,-0.5394408716520813
9419.10478067398,0.0,0.24666214209399748,0.0,-0.32339771677593515
9419.154646873474,0.0,0.06750946124172971,0.0,-0.10977039369180246
9419.204775333405,0.0,0.024303406047022694,0.0,-0.035525671120528374
9419.254737138748,-0.19984722137451172,0.008749226176928169,0.19984722137451172,-0.012789241603390213
9419.304748296738,-0.39989185333251953,0.0031497214236941404,0.39989185333251953,-0.011835414635435044
9419.354765415192,-0.5999603271484375,-0.01882445333007265,0.5999603271484375,0.011705933165325418
9419.404841184616,-0.8002634048461914,-0.1350805029902576,0.8002634048461914,0.09751152330104365
9419.454572200775,-0.9991874694824219,-0.2730284636843342,0.9991874694824219,0.19403177589224763
9419.50485944748,-1.2003364562988281,-0.4088095094786217,1.2003364562988281,0.3285148325802576
9419.554617643356,-1.399369239807129,-0.49721024749372467,1.399369239807129,0.49107714116245593
9419.604747772217,-1.5998897552490234,-0.5404636632836846,1.5998897552490234,0.6632171974885587
9419.654545545578,-1.7990808486938477,-0.5722403879679556,1.7990808486938477,0.8385322990289255
9419.704711437225,-1.9997444152832031,-0.6397169025796884,1.9997444152832031,0.9466799653388592
9419.754754543304,0.0,-0.7763614425203169,0.0,0.975145462399156
9419.804760217667,0.0,-0.9863484371593344,0.0,1.1096456587000243
9419.854815483093,0.0,-0.919401339968112,0.0,1.025839643705495
9419.90472984314,0.0,-0.1386322369385005,0.0,0.13066978884766384
9419.95465040207,0.0,0.38385394131392575,0.0,-0.4386121453057651
9420.004744529724,0.0,0.6198490056344879,0.0,-0.6848009045557115
9420.054742097855,0.0,0.45974717234190743,0.0,-0.5387281173099018
9420.10480427742,0.0,0.1927249206112019,0.0,-0.23023003913029205
9420.154610395432,0.0,0.015327099192363906,0.0,-0.04795569596432746
9420.305052280426,-0.2009897232055664,0.03383142138315834,0.2009897232055664,-0.016629160933159012
9420.35475230217,-0.39978981018066406,0.0298236529879341,0.39978981018066406,-0.005986497935937244
9420.404710769653,-0.5996236801147461,-0.021248027234581614,0.5996236801147461,0.02343249399520645
9420.454588413239,-0.7991342544555664,-0.13405219419573813,0.7991342544555664,0.13217749445101387
9420.504806995392,-1.0000085830688477,-0.2765601815120282,1.0000085830688477,0.2649636265580443
9420.554780006409,-1.1999006271362305,-0.38946953682908664,1.1999006271362305,0.4262349878648968
9420.604703903198,-1.3995962142944336,-0.46619546628764597,1.3995962142944336,0.5845450213515777
9420.654725313187,0.0,-0.523447274744885,0.0,0.6323762721168047
9420.704775810242,0.0,-0.6325143931795514,0.0,0.7083191461448806
9420.754725694656,0.0,-0.7413001331742772,0.0,0.7858870954663135
9420.804668664932,0.0,-0.21763743781052236,0.0,0.2749360131508318
9420.854844093323,0.0,0.26073216143964933,0.0,-0.24851927063633655
9420.90481710434,0.0,0.4800143232717009,0.0,-0.5247904142204629
9420.95477771759,0.0,0.44575844135667886,0.0,-0.5155562358068361
9421.004711866379,-0.1997365951538086,0.2328220707540012,0.1997365951538086,-0.31366634358049394
9421.054730892181,-0.3998126983642578,0.08025195376089679,0.3998126983642578,-0.11291988368897782
9421.104731321335,-0.5998144149780273,0.028890703353922843,0.5998144149780273,-0.04065115812803201
9421.154707193375,-0.799717903137207,-0.06771916685093358,0.799717903137207,0.06348540313225427
9421.20460677147,-0.9993162155151367,-0.1551245961937508,0.9993162155151367,0.14990444723551788
9421.254556655884,-1.1991157531738281,-0.25028040281605246,1.1991157531738281,0.2713690981046628
9421.304736852646,-1.399836540222168,-0.32473953821064777,1.399836540222168,0.4113972503462888
9421.354753732681,-1.5999040603637695,-0.39134589883495,1.5999040603637695,0.5178992707199856
9421.40490603447,-1.8005132675170898,-0.4712097283106159,1.8005132675170898,0.6287092861652495
9421.454720973969,-1.9997730255126953,-0.6465250254595678,1.9997730255126953,0.7716717540187878
9421.504748106003,-2.1998815536499023,-0.7868150675627374,2.1998815536499023,0.9141960842238632
9421.554790973663,0.0,-0.9050329043030543,0.0,1.048549519878391
9421.604693174362,0.0,-1.0566281526169705,0.0,1.2130358744508374
9421.654804229736,0.0,-0.8786242317753385,0.0,1.0124359701459293
9421.754714727402,0.0,0.5078892972525938,0.0,-0.5530835001428669
9421.804664373398,0.0,0.6913346266671533,0.0,-0.7771261504444985
9421.85493850708,0.0,0.4835163032743161,0.0,-0.5815252269918981
9421.90477180481,0.0,0.16310389417050453,0.0,-0.22673704122717128
9421.954795360565,0.0,0.04281651599158586,0.0,-0.0704764377303658
9422.00478386879,-0.19995403289794922,0.015413945756970908,0.19995403289794922,-0.025371517582931685
9422.05483341217,-0.40015220642089844,0.022180982831461096,0.40015220642089844,-0.01744972750933119
9422.104817867279,-0.6000900268554688,0.01566144379496915,0.6000900268554688,-0.012934686250893408
9422.154643535614,-0.7993927001953125,-0.06576843421749946,0.7993927001953125,0.031046789941522553
9422.204685926437,-0.9995622634887695,-0.1679295472303367,0.9995622634887695,0.14062758549118032
9422.254801988602,-1.200026512145996,-0.2752773084163429,1.200026512145996,0.3074518225099945
9422.304824829102,-1.4001178741455078,-0.38527516309928045,1.4001178741455078,0.5014017503800262
9422.354601621628,-1.5992250442504883,-0.480944683973233,1.5992250442504883,0.6401776247504569
9422.404663562775,-1.6809535447287947,-0.609795072373476,1.7994728088378906,0.6465269603711326
9422.454730033875,-1.6809535447287947,-0.7103538782704091,1.9997386932373047,0.6888350395577654
9422.504741668701,-1.6809535447287947,-0.8095461191406804,2.1997852325439453,0.7242688017446103
9422.554606199265,-1.6809535447287947,-0.9059875796438799,2.3992433547973633,0.909383244896828
9422.604656457901,0.0,-0.8564933338237363,0.0,1.1742219975894328
9422.654850959778,0.0,-0.8328840517451486,0.0,1.3707417124976744
9422.704741954803,0.0,-0.9023157519143863,0.0,1.631560426037432
9422.754729270935,0.0,-0.31951144470126785,0.0,0.7310618964723067
9422.804637670517,0.0,0.2857421703337979,0.0,-0.2007001635590321
9422.854755401611,0.0,0.5745680642318494,0.0,-0.769870417016475
9422.904879808426,0.0,0.511084492642585,0.0,-0.8227868545166477
9422.954743862152,0.0,0.251895650704707,0.0,-0.5127286720792708
9423.004534006119,0.0,0.054539902620317424,0.0,-0.13980396301222764
9423.054875612259,0.0,-0.010192285378169342,0.0,0.009323873958565283
9423.104828119278,-0.19981002807617188,-0.007507367723962542,0.19981002807617188,0.00719473961290508
9423.15484714508,-0.3998861312866211,0.012529312282044576,0.3998861312866211,-0.008105868789684334
9423.204644203186,-0.5990743637084961,-0.011289810254846018,0.5990743637084961,0.012882249912095706
9423.254814386368,-0.7997550964355469,-0.12902579669285083,0.7997550964355469,0.11679246808068966
9423.304672241211,-0.9991865158081055,-0.293369940987092,0.9991865158081055,0.2851278011261595
9423.35478925705,-1.1996545791625977,-0.4481761409297687,1.1996545791625977,0.4620072468850317
9423.404527187347,0.0,-0.5561093993230499,0.0,0.6266441067957866
9423.454701900482,0.0,-0.6395835533348502,0.0,0.7063056083048816
9423.504798650742,-0.20038700103759766,-0.748826112315933,0.20038700103759766,0.7020536107370413
9423.554694652557,-0.39997100830078125,-0.30600931947203164,0.39997100830078125,0.24726731869754154
9423.604543924332,-0.5993680953979492,0.11500782058916682,0.5993680953979492,-0.15995143189486163
9423.654793977737,-0.8003683090209961,0.08643704963785002,0.8003683090209961,-0.1407423231045829
9423.704751729965,-1.000199317932129,-0.03230587638713746,1.000199317932129,-0.014963959698334701
9423.75468826294,-1.1999454498291016,-0.23806959389673887,1.1999454498291016,0.10556471748550342
9423.8045296669,-1.3993110656738281,-0.45636018871913153,1.3993110656738281,0.28946270788931705
9423.854625225067,-1.5996932983398438,-0.573340877627074,1.5996932983398438,0.4854111215301413
9423.904769182205,-1.8002691268920898,-0.7145859949832223,1.8002691268920898,0.692854543000271
9423.954798698425,-2.000387191772461,-0.8212913746730708,2.000387191772461,0.8857809494029796
9424.004735708237,-2.2001352310180664,-0.8906139329110225,2.2001352310180664,1.0459354420933002
9424.05466723442,-2.3998613357543945,-0.9353638891590108,2.3998613357543945,1.1409672725355462
9424.10473036766,-2.600113868713379,-0.9473174097664636,2.600113868713379,1.1716592209432026
9424.154822826385,-2.8004837036132812,-0.9473174097664636,2.8004837036132812,1.1716592209432026
9424.204765558243,0.0,-0.9473174097664636,0.0,1.1716592209432026
9424.254809379578,0.0,-0.9473174097664636,0.0,1.1716592209432026
9424.304821252823,0.0,-0.9473174097664636,0.0,1.1716592209432026
9424.354813337326,0.0,-1.341947823836565,0.0,1.523873772547443
9424.404875278473,0.0,-1.341947823836565,0.0,1.523873772547443
9424.454843759537,0.0,-1.341947823836565,0.0,1.523873772547443
9424.504561662674,0.19887161254882812,0.5789354718985492,-0.19887161254882812,-0.6239036564947227
9424.554825782776,0.39992809295654297,0.5789354718985492,-0.39992809295654297,-0.6239036564947227
9424.604674100876,0.5993213653564453,1.0006930413683177,-0.5993213653564453,-1.1475927648390396
9424.654830694199,0.7999477386474609,0.9912669410014106,-0.7999477386474609,-1.154250610914532
9424.70483469963,0.9999637603759766,0.9912669410014106,-0.9999637603759766,-1.154250610914532
9424.75462770462,1.1991357803344727,0.615362053806879,-1.1991357803344727,-0.6403633300330953
9424.804818153381,0.9983739852905273,0.5720460210414516,-0.9983739852905273,-0.5748770680348108
9424.854790449142,0.7984848022460938,0.5720460210414516,-0.7984848022460938,-0.5748770680348108
9424.904577255249,0.5993375778198242,0.7619347856262126,-0.5993375778198242,-0.5853150666477129
9424.954803943634,0.39843082427978516,0.7619347856262126,-0.39843082427978516,-0.5853150666477129
9425.004744052887,0.22518011948780903,0.7619347856262126,-0.1986703872680664,-0.5853150666477129
9425.054561853409,0.22518011948780903,0.8946382011367151,0.0006008148193359375,-0.8406929214895695
9425.104759454727,0.22518011948780903,0.7556245136495393,0.20139122009277344,-0.7276341998637277
9425.154728412628,0.22518011948780903,0.32355665078550255,0.40126705169677734,-0.19339429564844374
9425.204710960388,0.22518011948780903,0.25590984768146086,0.6011972427368164,-0.12078856626195195
9425.254707336426,0.22518011948780903,0.25590984768146086,0.801182746887207,-0.12078856626195195
9425.304530382156,0.22518011948780903,0.12601435262993457,1.0004749298095703,0.9478700078566221
9425.354828834534,0.023986309978531684,0.1468884472789495,1.2016687393188477,1.028080935301742
9425.404848337173,-0.17609170058055035,0.1468884472789495,1.4017467498779297,1.028080935301742
9425.454845666885,-0.2592591227643075,0.1468884472789495,1.601736068725586,1.028080935301742
9425.504631757736,-0.2592591227643075,0.28451818526339345,1.8008804321289062,1.3281313428135415
9425.554875850677,-0.2592591227643075,0.28451818526339345,2.001856803894043,1.3281313428135415
9425.604800701141,-0.2592591227643075,0.28451818526339345,2.2015562057495117,1.3281313428135415
9425.654533624649,-0.2592591227643075,-0.3701813215294448,2.4004878997802734,1.5039964081200137
9425.704837322235,-0.4604739131085458,-0.3845604982542376,2.6017026901245117,1.5870157695622549
9425.754818439484,-0.6603983821026864,-0.3845604982542376,2.8016271591186523,1.5870157695622549
9425.804769039154,-0.860200780784327,-0.3845604982542376,3.001429557800293,1.5870157695622549
9425.85536813736,-1.0625971736065927,-0.26194286794482946,3.2038259506225586,1.9487453976647404
9425.904747724533,-1.2601155223004403,-0.18673365086924598,3.4013442993164062,2.0451971459017004
9425.95475101471,-1.4601286830060067,-0.18673365086924598,3.6013574600219727,2.0451971459017004
9426.004942893982,-1.6608962000958505,-0.18673365086924598,3.8021249771118164,2.0451971459017004
9426.055464029312,0.0,-0.26281504422785495,0.0,2.30713913297907
9426.104818105698,0.0,-0.26281504422785495,0.0,2.30713913297907
9426.154735326767,0.0,-0.26281504422785495,0.0,2.30713913297907
9426.2047727108,0.0,-0.996163499173593,0.0,2.648575996036381
9426.254721164703,0.0,-0.996163499173593,0.0,2.648575996036381
9426.304797649384,0.0,-0.996163499173593,0.0,2.648575996036381
9426.354538917542,0.0,0.45374339701272415,0.0,-1.254933792762447
9426.404853105545,0.0,0.45374339701272415,0.0,-1.254933792762447
9426.45480966568,0.0,0.45374339701272415,0.0,-1.254933792762447
9426.504544973373,0.0,0.6815021727241775,0.0,-1.8170273722485035
9426.554743289948,0.0,0.681836050376755,0.0,-1.776817895250042
9426.604943275452,0.0,0.681836050376755,0.0,-1.776817895250042
9426.655236244202,0.0,-0.15503472162080056,0.0,0.44067266234909175
9426.704868555069,0.19852924346923828,-0.15503472162080056,-0.19852924346923828,0.44067266234909175
9426.754957199097,0.3988838195800781,-0.15503472162080056,-0.3988838195800781,0.44067266234909175
9426.80453658104,0.5972013473510742,-0.33998372077776867,-0.5972013473510742,1.0547880845798099
9426.85483455658,0.7983932495117188,-0.1961565995284331,-0.3960094451904297,1.0582443243451056
9426.90489435196,0.9986324310302734,-0.1961565995284331,-0.195770263671875,1.0582443243451056
9426.954875946045,1.1985588073730469,-0.1961565995284331,0.0041561126708984375,1.0582443243451056
9427.004716873169,1.3979225158691406,0.8221949721613367,-0.1952075958251953,-0.6963301111544459
9427.05480146408,1.5982608795166016,0.8221949721613367,-0.39554595947265625,-0.6963301111544459
9427.10486483574,1.7985143661499023,0.8221949721613367,-0.595799446105957,-0.6963301111544459
9427.154719114304,1.9979314804077148,1.6438566734011277,-0.7952165603637695,-1.1319525597735658
9427.204903364182,2.1986684799194336,1.6438566734011277,-0.9959535598754883,-1.1319525597735658
9427.25477361679,2.3981494903564453,1.6438566734011277,-1.1954345703125,-1.1319525597735658
9427.304544210434,2.597231864929199,1.6411641064892943,-1.394516944885254,-0.18199839387849873
9427.355051994324,0.0,1.6411641064892943,0.0,-0.18199839387849873
9427.404797792435,0.0,1.6411641064892943,0.0,-0.18199839387849873
9427.454572200775,0.0,1.7774939114482384,0.0,-0.10363474898007843
9427.504765987396,0.0,1.8105578407425393,0.0,-0.11032600350658496
9427.554798841476,0.0,1.8105578407425393,0.0,-0.11032600350658496
9427.604940652847,0.0,1.8105578407425393,0.0,-0.11032600350658496
9427.65478181839,0.0,0.3866957013917167,0.0,0.10060690186564361
9427.704802036285,0.0,0.3866957013917167,0.0,0.10060690186564361
9427.754919052124,0.0,0.3866957013917167,0.0,0.10060690186564361
9427.80451965332,0.0,-0.9987199592061231,0.0,0.03971445858841492
9427.854726552963,0.0,-0.9987199592061231,0.0,0.03971445858841492
9427.904877901077,0.0,-0.9987199592061231,0.0,0.03971445858841492
9427.954454421997,0.19830608367919922,-0.22605439784201767,0.19830608367919922,0.001852917779901086
9428.004708528519,0.399322509765625,-0.22605439784201767,0.399322509765625,0.001852917779901086
9428.054829835892,0.5998077392578125,-0.22605439784201767,0.5998077392578125,0.001852917779901086
9428.104650497437,0.7990903854370117,0.30251989081165415,0.7990903854370117,0.07656120119749345
9428.154774427414,0.9995861053466797,0.30251989081165415,0.9995861053466797,0.07656120119749345
9428.204642057419,1.141483677870131,0.5323982404230048,1.199056625366211,0.7244990902983184
9428.254785060883,1.141483677870131,0.5323982404230048,1.2585163221298694,0.7244990902983184
9428.304557561874,1.1386604378518417,1.0209394254771422,1.2613395621481587,1.2385463647713935
9428.354800701141,1.281115164269304,1.1871222948126525,1.1188848357306964,1.3328064401549504
9428.40489411354,1.281115164269304,1.1871222948126525,1.1188848357306964,1.3328064401549504
9428.454514980316,1.281115164269304,1.3602584424879547,1.1188848357306964,1.512559969071178
9428.504601955414,1.2168716704617584,1.4576735629598139,1.183128329538242,1.493614625241535
9428.554923057556,1.2168716704617584,1.4576735629598139,1.183128329538242,1.493614625241535
9428.604798316956,1.2168716704617584,1.4576735629598139,1.183128329538242,1.493614625241535
9428.654664993286,1.416338375784024,1.3645283163423794,0.9836616242159764,0.9542563691544419
9428.704842567444,1.6170486724148834,1.3645283163423794,0.782951327585117,0.9542563691544419
9428.754860639572,1.817120960928067,1.3645283163423794,0.5828790390719334,0.9542563691544419
9428.804795265198,2.0168594634305084,1.054186132384167,0.383140536569492,0.8765905991393721
9428.854800224304,2.2168792998562896,1.054186132384167,0.18312070014371074,0.8765905991393721
9428.9049346447,2.4174169814358795,1.054186132384167,-0.01741698143587911,0.8765905991393721
9428.954536676407,2.2190088546048248,1.4360212413483386,0.18099114539517558,0.7518993877207414
9429.004858255386,2.017722538686856,1.6119849638946966,0.38227746131314433,0.6329308428070054
9429.054817199707,1.8178867614041412,1.6119849638946966,0.5821132385958592,0.6329308428070054
9429.104558944702,1.6189197814236724,2.2034408303548294,0.7810802185763279,0.13074018950045485
9429.15479850769,1.4179615294705474,2.230079677846992,0.9820384705294529,0.1323856094168447
9429.204789161682,1.2488306448111095,2.230079677846992,1.1511693551888909,0.1323856094168447
9429.254557847977,0.0,1.3762670930436538,0.0,0.6484758856398277
9429.30476140976,-0.20081424713134766,1.3762670930436538,0.20081424713134766,0.6484758856398277
9429.354984521866,-0.4017066955566406,1.3762670930436538,0.4017066955566406,0.6484758856398277
9429.404683351517,-0.6005020141601562,0.37755025279225046,0.6005020141601562,1.6134698697473162
9429.454801082611,-0.8009729385375977,0.37755025279225046,0.8009729385375977,1.6134698697473162
9429.50481724739,-1.00103759765625,0.37755025279225046,1.00103759765625,1.6134698697473162
9429.554556846619,-1.199995994567871,-0.4076951199322446,1.199995994567871,1.105051849860698
9429.60474061966,-1.400731086730957,-0.7734281452625694,1.400731086730957,0.8677321640126407
9429.654787540436,-1.6009187698364258,-0.7734281452625694,1.6009187698364258,0.8677321640126407
9429.70450758934,-1.7997989654541016,-0.1843386053755289,1.7997989654541016,1.1668803611340781
9429.754621267319,-1.599344253540039,0.008196558969354298,1.599344253540039,1.3495667409266627
9429.804629802704,-1.3993101119995117,0.008196558969354298,1.4995249262203063,1.3495667409266627
9429.854749917984,-1.1988296508789062,0.008196558969354298,1.4995249262203063,1.3495667409266627
9429.904742002487,-0.9988613128662109,-0.908121989097096,1.4995249262203063,1.929452511995184
9429.9547560215,-0.7988052368164062,-0.908121989097096,1.4995249262203063,1.929452511995184
9430.0045068264,-0.5998020172119141,-0.4220842136430717,1.4995249262203063,1.4760888348003969
9430.054663181305,0.0,0.06354874292087703,0.0,1.3687721568334545
9430.104843616486,0.20072174072265625,0.5250273892369467,-0.20072174072265625,1.11171835582215
9430.154516458511,0.3994131088256836,0.2592336940438723,-0.3994131088256836,0.8311712113169136
9430.204910755157,0.6009902954101562,0.2100677042962733,-0.6009902954101562,0.5928397184782255
9430.25450849533,0.7993812561035156,0.2570918622527703,-0.7993812561035156,-0.30933304168559217
9430.304491758347,0.9993143081665039,0.5410923989861316,-0.5994482040405273,-1.0115305359522477
9430.354510307312,1.1993885040283203,0.8249933874219337,-0.39937400817871094,-1.4240605321655266
9430.404800653458,1.4005498886108398,1.0956516083100918,-0.1982126235961914,-1.417824288146362
9430.45457649231,1.5996532440185547,1.2114526873595532,-0.39731597900390625,-1.0213635539782042
9430.504685163498,1.8000879287719727,1.158333880153907,-0.5977506637573242,-0.5759102407373904
9430.55457496643,1.9996471405029297,1.1392111095598743,-0.7973098754882812,-0.32343157243530457
9430.604734659195,2.2002859115600586,1.2001341311744955,-0.9979486465454102,-0.3556797323648948
9430.65450143814,2.39935302734375,1.3350870011548555,-1.1970157623291016,-0.5763911897429759
9430.704538345337,2.5995006561279297,1.5405155777323376,-1.3971633911132812,-0.8489160452302313
9430.754586458206,2.7996931076049805,1.7312968764086294,-1.597355842590332,-1.0131077974086766
9430.8048350811,3.000687599182129,1.8780203983800314,-1.7983503341674805,-1.1422629764930878
9430.854750156403,3.200347900390625,2.0045374939066187,-1.9980106353759766,-1.3483702186795405
9430.90449500084,3.399327278137207,2.1560762277563335,-2.1969900131225586,-1.4792369119186044
9430.954562425613,0.0,2.2597584277863474,0.0,-1.6076152388522211
9431.004739522934,0.0,2.327686792033023,0.0,-1.7589454673863358
9431.05472111702,0.0,2.0727240486444614,0.0,-1.5127184590030995
9431.10477232933,0.0,1.3101622607410897,0.0,-0.8544087991314702
9431.154614210129,0.0,-0.2423399110042711,0.0,0.2314675741721068
9431.2047457695,0.0,-0.9547697384144185,0.0,0.6993505773542716
9431.254847049713,0.0,-0.8326926641723345,0.0,0.5430030228099478
9431.304507732391,0.0,-0.25541746156433204,0.0,0.1483571973944158
9431.354593038559,0.0,0.17876686619394191,0.0,-0.16203927347048103
9431.404714345932,0.0,0.2517854778766865,0.0,-0.21633776968354218
9431.45474600792,0.0,0.10766281353116873,0.0,-0.10183162252533758
9431.504640340805,-0.19957733154296875,-0.012672528177449082,0.19957733154296875,-0.019515670426231584
9431.55457687378,-0.3993234634399414,-0.03731427981255614,0.3993234634399414,0.0033629375681131033
9431.60450911522,-0.5936918301487819,-0.06166582755016624,0.5990524291992188,0.05443293230479416
9431.654554843903,-0.5936918301487819,-0.31453840298092606,0.7992353439331055,0.3074567271831469
9431.704761743546,-0.5936918301487819,-0.6374732435797558,1.0000629425048828,0.5165042669855178
9431.754539728165,-0.7928037686253444,-0.8367663948913183,1.1991748809814453,0.6572543570261938
9431.804604530334,-0.9930629773045436,-0.7777474211161053,1.3994340896606445,0.7269636507819321
9431.854563236237,-1.192897800912942,-0.6633003337325352,1.599268913269043,0.7819546502586685
9431.904510259628,-1.3926858944798366,-0.6811982911756645,1.7990570068359375,0.8851159301432305
9431.954539775848,-1.5928039593602077,-0.8075196047519806,1.9991750717163086,0.9989529163968205
9432.004589796066,-1.7930040402317897,-1.031660917993611,2.1993751525878906,1.1695995609044423
9432.05472946167,-1.9935627026463405,-1.127154251431069,2.3999338150024414,1.3018844895391246
9432.10461974144,-2.1931238217259303,-1.2192063452582267,2.5994949340820312,1.450987619381973
9432.15476846695,-2.3937187237645046,-1.2940753770935958,2.8000898361206055,1.511412264240878
9432.204737901688,-2.5935964627171413,-1.486301906337801,2.999967575073242,1.6732906298636547
9432.254628658295,0.0,-1.6227989318718183,0.0,1.7890750955390626
9432.30470442772,0.0,-1.7923532672911764,0.0,1.9573266645973098
9432.354711294174,0.0,-1.5893242078372198,0.0,1.853309047485775
9432.404733181,0.0,-0.28195031287723865,0.0,0.45534697285844794
9432.45477771759,0.0,0.5878287084014866,0.0,-0.5586698182408074
9432.504717826843,0.0,0.9376034376780387,0.0,-1.0160872505182286
9432.554726600647,0.0,0.6957640947494577,0.0,-0.8601657950666282
9432.6046230793,-0.1995859146118164,0.2040341368142487,0.1995859146118164,-0.383579514162066
9432.654708385468,-0.39992713928222656,-0.17771442756091163,0.39992713928222656,-0.03251182826864328
9432.704788923264,-0.19960498809814453,-0.3354430163801954,0.6002492904663086,0.0736352355748143
9432.75482058525,0.0005216598510742188,-0.38968686097507166,0.8003759384155273,0.12418845390569185
9432.804690122604,0.19999980926513672,-0.4015386670838993,0.9998540878295898,0.2222594318221486
9432.85475564003,0.40026187896728516,-0.13717800778190614,1.2001161575317383,0.35783946385731014
9432.904631376266,0.5997648239135742,0.2631505761073578,1.3762009651290317,0.5305480523255457
9432.954767227173,0.8003082275390625,0.7002484548160988,1.3762009651290317,0.736026657701027
9433.004711151123,0.6005325317382812,1.0184902482534488,1.575976660929813,0.916277196316895
9433.054676055908,0.8003921508789062,1.2147549962987316,1.376117041789188,1.0964419935854592
9433.104629039764,1.000204086303711,1.2418503490444355,1.1763051063643832,1.2521775327221984
9433.154569387436,1.199965476989746,1.0836687848814606,1.1565616598708717,1.3294103203569567
9433.204913139343,1.1826726581620968,1.0412258803551773,1.2173273418379036,1.2613022539027232
9433.254721403122,1.1826726581620968,1.1190441119565504,1.2173273418379036,1.1111518101575744
9433.304630756378,1.3823100711869991,1.2576832271061158,1.0176899288130012,0.9591257532840767
9433.35477757454,1.2002216047809686,1.356098376385277,1.1997783952190317,0.9164123592521833
9433.404619216919,1.1887961177025288,1.3908150205630918,1.2112038822974716,1.0204963990835936
9433.454701423645,1.1887961177025288,1.4260957101447174,1.2112038822974716,1.0466279855533334
9433.504725694656,1.1887961177025288,1.3858164307879015,1.2112038822974716,1.1234099246679743
9433.554619550705,1.3883715418968647,1.2951698931720235,1.0116284581031356,1.2027616945845723
9433.604575634003,1.1885472087059468,1.235033196187009,1.2114527912940536,1.1942062395075383
9433.654775857925,1.1779832513092696,1.2020058638963662,1.2220167486907307,1.194984441420773
9433.70474934578,1.1779832513092696,1.2822314932506167,1.2220167486907307,1.1168568153696083
9433.754898309708,1.3785791070221602,1.33345075254062,1.0214208929778401,1.0533760483092125
9433.804585933685,1.2236831567665643,1.301098579660961,1.176316843233436,1.0556910453448078
9433.854672431946,1.2236831567665643,1.2637737922057781,1.176316843233436,1.1577363545254247
9433.90475845337,1.257724094511924,1.301802570778797,1.1422759054880764,1.169200549169375
9433.954756975174,1.2517723407910673,1.2930156809659015,1.148227659208933,1.1842469011464096
9434.004666566849,1.2517723407910673,1.267038875433369,1.148227659208933,1.216638628293933
9434.054797887802,1.247122240326784,1.2508256627127756,1.1528777596732163,1.1486915577589971
9434.104751110077,1.247122240326784,1.2448693630578005,1.1528777596732163,1.115239337532741
9434.154768943787,1.4471935751656513,1.2497210878425316,0.9528064248343491,1.124976466458686
9434.204567193985,1.6463865759591083,1.2690558759555868,0.753613424040892,1.1824712146621876
9434.25471496582,1.4457954886177997,1.2891301606244678,0.9542045113822006,1.2280557223308777
9434.304782629013,1.2455248358468036,1.4089102134995521,1.1544751641531967,1.1256096864276657
9434.354508638382,1.1598824924438487,1.4798448009214233,1.2401175075561517,1.0292506779861519
9434.404550075531,1.1598824924438487,1.4449432202430281,1.2401175075561517,1.0793076574432399
9434.454543352127,1.082980979109747,1.3227376475901025,1.3170190208902532,1.1689329130516366
9434.504523277283,1.0651917071313508,1.1653339648832304,1.3348082928686495,1.2274659484529227
9434.554589986801,1.1179253888860075,1.0675270098897012,1.282074611113993,1.2865994456972025
9434.60451889038,1.1179253888860075,1.0354509856147356,1.282074611113993,1.2831314689003948
9434.654833078384,1.1336871990487296,1.077561243981461,1.2663128009512707,1.2499382025986978
9434.704794883728,1.1336871990487296,1.148942736843946,1.2663128009512707,1.2306675360318446
9434.754562854767,0.9346153148934562,1.18237420608749,1.4653846851065442,1.210208682264677
9434.804519176483,0.7347900280282218,1.140829050624907,1.6652099719717786,1.1674814133807865
9434.854902029037,0.936321438245507,1.0585529580418611,1.4636785617544934,1.2080674472677058
9434.904515981674,1.134777248792382,0.9363306823267106,1.2652227512076184,1.3602170194349532
9434.954514503479,1.2442909364308998,0.9243967007241332,1.1557090635691005,1.3790322033820812
9435.004652023315,1.2442909364308998,1.1047830153933174,1.1557090635691005,1.264293790635762
9435.054733037949,1.3296504957749373,1.2903038061653735,1.070349504225063,1.0245924380221239
9435.104743242264,1.2885729160018704,1.353321359050101,1.11142708399813,0.927687181954322
9435.154552698135,1.2177828072747396,1.3638919373125407,1.1822171927252607,0.9803749563424842
9435.2047894001,1.2177828072747396,1.3236909019810303,1.1822171927252607,1.0360085393267306
9435.254721403122,1.2198389068648021,1.234375757260168,1.1801610931351982,1.1854646095732724
9435.304774284363,1.2468390776613514,1.1404852875291267,1.153160922338649,1.3120082767879917
9435.354714870453,1.2683674420731867,1.1054210808832272,1.1316325579268136,1.3519689471271976
9435.40462398529,1.2683674420731867,1.1066425431314217,1.1316325579268136,1.2779837848585274
9435.454534292221,1.2683674420731867,1.1956078882888475,1.1316325579268136,1.2389495802584205
9435.50457239151,1.4685198392289485,1.2740607598737068,0.9314801607710519,1.167791668152675
9435.554521560669,1.6683165158646907,1.302615111088104,0.7316834841353097,1.1683680475625509
9435.604735851288,1.8691736783402766,1.2805278927179258,0.5308263216597238,1.155201307587213
9435.65454506874,2.068410548152288,1.3137903777857511,0.33158945184771205,1.0176093770234937
9435.704501628876,1.8685843076127373,1.4219505036389788,0.5314156923872628,0.8561385939062531
9435.754524469376,1.6684929456132256,1.5877524964040264,0.7315070543867745,0.6598570729329907
9435.804603338242,1.4681774701493584,1.6758580715188651,0.9318225298506417,0.5056082338703176
9435.854745864868,1.2676073636430107,1.555607484962795,1.1323926363569894,0.5944915985088051
9435.904509067535,1.0685545529740654,1.3265510417889073,1.3314454470259347,0.8667757454521835
9435.954567670822,0.8683201398270928,1.1051864463521426,1.5316798601729074,1.1726975515964289
9436.00455069542,0.6683880414384209,0.9003899278080482,1.7316119585615792,1.4177127817445754
9436.054538488388,0.4684368695634209,0.7844032924831874,1.9315631304365792,1.5595901348295365
9436.10454750061,0.668472918452581,0.7412976580188619,1.731527081547419,1.6820027996815163
9436.154633045197,0.8688150967973076,0.6843381651875715,1.5311849032026925,1.713614417423615
9436.204508781433,1.0683180417435967,0.6413708112944605,1.3316819582564035,1.7338013529693397
9436.254520893097,1.2683664883988701,0.6569818486159708,1.13163351160113,1.614839475149829
9436.304726362228,1.2864697433649586,0.8558330570239663,1.1135302566350418,1.3873897126179642
9436.35470199585,1.4863722778498218,1.1120632994620385,0.9136277221501785,1.1211374043534412
9436.404756307602,1.4497318402438608,1.3666597643535752,0.9502681597561395,0.8468512239137964
9436.454770088196,1.4497318402438608,1.511972543205312,0.9502681597561395,0.7850587323455696
9436.504841804504,1.381367998692817,1.578606766440448,1.0186320013071835,0.7547686012440449
9436.554785966873,1.381367998692817,1.5890256459634222,1.0186320013071835,0.8191458098359177
9436.604720830917,1.5811074548695747,1.450026732508685,0.8188925451304256,0.9362684385395266
9436.654618740082,1.3815158182118599,1.3090578204957293,1.0184841817881405,1.0908408843189317
9436.704725503922,1.22087843373817,1.2261670286620014,1.1791215662618304,1.1448369365707578
9436.75508737564,1.222529722769347,1.2979905505835183,1.1774702772306533,1.0294748142400578
9436.804752349854,1.222529722769347,1.2840055239150225,1.1774702772306533,1.0374222801341721
9436.854743719101,1.1922125396426777,1.2627137760621059,1.2077874603573227,1.12378725789359
9436.904671430588,1.1694591706614692,1.238223132859531,1.2305408293385312,1.1825215961302664
9436.954820871353,1.1694591706614692,1.2215608801975955,1.2305408293385312,1.236113524881554
9437.00483250618,1.2544769735982941,1.1596273105097452,1.1455230264017062,1.2548494826963732
9437.054907083511,1.2544769735982941,1.1731616516382446,1.1455230264017062,1.2807432254985995
9437.10473203659,1.2556225861254144,1.206128363351975,1.144377413874586,1.2834496345819006
9437.15474319458,1.256181209764289,1.2990125290897918,1.1438187902357113,1.2498628036988129
9437.204738378525,1.1746114480641852,1.388306360447911,1.2253885519358152,1.1996128608040457
9437.254532337189,1.1746114480641852,1.4138959196822074,1.2253885519358152,1.1900823992223422
9437.304547071457,1.2260192198506663,1.3343157224994742,1.173980780149334,1.1772511368416863
9437.35479927063,1.22008198305426,1.2283313126495543,1.1799180169457404,1.2061778485330266
9437.404802560806,1.2310223822733979,1.1943777234036363,1.1689776177266025,1.2573154556484414
9437.454779863358,1.2785735777405087,1.1529020248894204,1.1214264222594916,1.23487227634423
9437.504705667496,1.2640303055160065,1.169560033525621,1.1359696944839939,1.2098374276489006
9437.55470776558,1.2640303055160065,1.2317957204981786,1.1359696944839939,1.1902437368320222
9437.604775428772,1.2523381408012235,1.3108672138120225,1.1476618591987768,1.1202067479832218
9437.65476679802,1.2463848845208447,1.3419393909954604,1.1536151154791556,1.1177256564620701
9437.704663038254,1.2404099621719955,1.3483866004818765,1.1595900378280048,1.1630802080746974
9437.754847288132,1.2404099621719955,1.306721261096266,1.1595900378280048,1.1718991014617617
9437.804633140564,1.1964875103921226,1.2271440831252098,1.2035124896078777,1.1910075311633803
9437.854744434357,1.2380076141558574,1.238935566214138,1.161992385844143,1.258204768828375
9437.904794692993,1.2177516146953746,1.2231649695399094,1.1822483853046257,1.2372298636669479
9437.954795837402,1.251744455639296,1.2182975723229417,1.1482555443607043,1.2494248628128015
9438.00474858284,1.2285217308495393,1.2335948794084515,1.171478269150461,1.203220828038756
9438.054720163345,1.2285217308495393,1.223101033532538,1.171478269150461,1.0921270264371528
9438.104791164398,1.226776302216771,1.1903386260618871,1.1732236977832293,1.0291402583068954
9438.15480184555,1.2274169355606075,1.201944108446244,1.1725830644393929,1.0646408883838538
9438.2046084404,1.2274169355606075,1.1926604255341782,1.1725830644393929,1.0922368271866567
9438.254831314087,1.2274169355606075,1.2208278755296456,1.1725830644393929,1.1535234607596085
9438.304750204086,1.2274169355606075,1.2595259921532578,1.1725830644393929,1.2310001858713226
9438.354706764221,1.0275906950210567,1.2917985216420307,1.3724093049789436,1.2339342215767621
9438.404655694962,1.222977789757329,1.3384302793374567,1.1770222102426713,1.2663104407469434
9438.454759120941,1.222977789757329,1.2541626908217993,1.1770222102426713,1.2626730730228424
9438.504907608032,1.223911583782847,1.0467235023201154,1.1760884162171534,1.299956493261795
9438.554721832275,1.223911583782847,0.9605230942161314,1.1760884162171534,1.37878217673898
9438.604736089706,1.223911583782847,1.0243723173662935,1.1760884162171534,1.3252985276339064
9438.654745101929,1.223911583782847,1.142342726459202,1.1760884162171534,1.1833141016086677
9438.7047457695,1.4239142540709329,1.2525434351218094,0.9760857459290675,1.0829555404348639
9438.75468993187,1.4876153393884297,1.3357359834761269,0.7763090964539698,1.0368472914277362
9438.804629802704,1.2878558560510274,1.3225868130296772,0.9760685797913722,1.0236610334055012
9438.854808807373,1.2863190332448233,1.336075953885447,1.113680966755177,0.9840451774932046
9438.904807567596,1.2863190332448233,1.3799810310284606,1.113680966755177,0.877222992108003
9438.954852581024,1.2863190332448233,1.2855063593416327,1.113680966755177,0.806468743250037
9439.004560709,1.0874865213429679,1.232010471201977,1.3125134786570325,0.9190168707961791
9439.054773330688,0.8866360345875968,1.1579060843147186,1.5133639654124036,1.1236802361987217
9439.104763031006,0.6866772333180655,1.1579060843147186,1.7133227666819348,1.1236802361987217
9439.154783010483,0.4865973154103507,1.1579060843147186,1.9134026845896497,1.1236802361987217
9439.204484462738,0.6854031244313468,0.9008353879608778,1.7145968755686536,1.4444717373552796
9439.254895210266,0.8870461145436515,0.9008353879608778,1.512953885456349,1.4444717373552796
9439.304569244385,1.0857422510182608,0.7511877488097454,1.3142577489817395,1.532375452736719
9439.354773283005,1.2865584054982413,0.6626348987555698,1.113441594501759,1.6048124737829528
9439.404860258102,1.4869063058888663,0.6626348987555698,0.9130936941111341,1.6048124737829528
9439.454728841782,1.605412202753937,1.1262407334062798,0.7136193593943372,1.2696399655428445
9439.50480389595,1.6374981966564355,1.3904692430146541,0.5133191427195325,1.0989183286718678
9439.554829120636,1.6374981966564355,1.3904692430146541,0.3132182439768567,1.0989183286718678
9439.604605197906,1.5662028811294575,1.8523307024771394,0.23379711887054233,0.4426574576607956
9439.654749155045,1.5662028811294575,1.8523307024771394,0.23379711887054233,0.4426574576607956
9439.70482468605,1.5662028811294575,1.8523307024771394,0.23379711887054233,0.4426574576607956
9439.754742145538,1.3665330431777973,1.546333203330579,0.4334669568222025,0.17545683173173754
9439.804699897766,1.1667020342666645,1.4469187078565016,0.6332979657333353,0.24639377586742695
9439.854747533798,1.0696632741494838,1.4469187078565016,0.7303367258505161,0.24639377586742695
9439.904542446136,1.0662634210244741,0.9206419712097991,0.7337365789755258,0.46224771074303384
9439.954754829407,1.0662634210244741,0.9206419712097991,0.7337365789755258,0.46224771074303384
9440.004827737808,1.0662634210244741,0.9206419712097991,0.7337365789755258,0.46224771074303384
9440.054638147354,1.0902180726148711,0.6967116945336789,0.7097819273851287,1.0004427383366379
9440.10482764244,1.0902180726148711,0.6967116945336789,0.7097819273851287,1.0004427383366379
9440.154485225677,1.2566198074947978,0.8169275300695726,0.543380192505202,1.1680714148762823
9440.204810857773,1.2566198074947978,0.8169275300695726,0.543380192505202,1.1680714148762823
9440.254831075668,1.2566198074947978,0.8169275300695726,0.543380192505202,1.1680714148762823
9440.304568767548,1.201083458144965,1.1024785588266295,0.5989165418550348,0.6683981385538362
9440.354796648026,1.1388249260477652,1.1024785588266295,0.6611750739522347,0.6683981385538362
9440.404865026474,1.1388249260477652,1.1024785588266295,0.6611750739522347,0.6683981385538362
9440.454782009125,1.1388249260477652,1.1024785588266295,0.6611750739522347,0.6683981385538362
9440.504809617996,1.1798586419950652,1.1224054897468936,0.6201413580049346,0.4428549145222898
9440.554741382599,1.1798586419950652,1.1224054897468936,0.6201413580049346,0.4428549145222898
9440.604727745056,1.1798586419950652,1.1224054897468936,0.6201413580049346,0.4428549145222898
9440.654579162598,1.090326928965873,0.8163036000830984,0.7096730710341269,0.9158739867606931
9440.704880952835,1.030283563160051,0.8163036000830984,0.7697164368399486,0.9158739867606931
9440.754741191864,1.030283563160051,0.8163036000830984,0.7697164368399486,0.9158739867606931
9440.804813623428,1.030283563160051,0.8163036000830984,0.7697164368399486,0.9158739867606931
9440.854562997818,1.2292810607186448,0.8424849829351164,0.5707189392813549,1.055808365858538
9440.904725074768,1.1722805311201308,0.8424849829351164,0.6277194688798692,1.055808365858538
9440.954900741577,1.1722805311201308,0.8424849829351164,0.6277194688798692,1.055808365858538
9441.004522800446,1.1460008201129397,0.911870588858832,0.6539991798870601,0.9171558854841939
9441.054679870605,1.291780703387929,0.911870588858832,0.508219296612071,0.9171558854841939
9441.104840755463,1.291780703387929,0.911870588858832,0.508219296612071,0.9171558854841939
9441.154542207718,1.291780703387929,1.0940292050418812,0.508219296612071,0.6369295094337634
9441.204766273499,1.258546163445226,1.0940292050418812,0.5414538365547739,0.6369295094337634
9441.254874944687,1.258546163445226,1.0940292050418812,0.5414538365547739,0.6369295094337634
9441.30483698845,1.258546163445226,1.0940292050418812,0.5414538365547739,0.6369295094337634
9441.354736566544,1.0589478510672963,1.0751691731701418,0.7410521489327035,0.48147047049061764
9441.404886722565,0.9621161200702201,1.0751691731701418,0.8378838799297798,0.48147047049061764
9441.45476937294,0.9621161200702201,1.0751691731701418,0.8378838799297798,0.48147047049061764
9441.504683732986,1.1021229558080552,0.9798998532545529,0.6978770441919447,0.6867330876067358
9441.554878950119,1.0791743145200654,0.9798998532545529,0.7208256854799344,0.6867330876067358
9441.60489487648,1.0791743145200654,0.9798998532545529,0.7208256854799344,0.6867330876067358
9441.654490709305,1.1091208079740253,0.7764868565974812,0.6908791920259746,1.102070836500535
9441.704875946045,1.1091208079740253,0.7764868565974812,0.6908791920259746,1.102070836500535
9441.754937171936,1.1091208079740253,0.7764868565974812,0.6908791920259746,1.102070836500535
9441.8045732975,1.199127598424682,0.9060835011052035,0.6008724015753177,1.0642960713064422
9441.854771137238,1.224799613020038,0.9060835011052035,0.5752003869799618,1.0642960713064422
9441.904779911041,1.224799613020038,0.9060835011052035,0.5752003869799618,1.0642960713064422
9441.95466184616,1.224799613020038,1.1753863376548959,0.5752003869799618,0.7705643206046799
9442.00496006012,1.2631134739670453,1.1753863376548959,0.5368865260329545,0.7705643206046799
9442.054958581924,1.2631134739670453,1.1753863376548959,0.5368865260329545,0.7705643206046799
9442.1045358181,1.2631134739670453,1.3008930128892437,0.5368865260329545,0.5677422218417596
9442.154598474503,1.2004675072963515,1.2997774983692274,0.5995324927036483,0.5515872736510915
9442.204723358154,1.2004675072963515,1.2997774983692274,0.5995324927036483,0.5515872736510915
9442.254834651947,1.2004675072963515,1.2997774983692274,0.5995324927036483,0.5515872736510915
9442.304552555084,1.0015958947475234,1.0280103799595866,0.7984041052524764,0.7610458537472095
9442.354858636856,0.8003715676601211,1.0280103799595866,0.9996284323398787,0.7610458537472095
9442.404813289642,0.6005529565151015,1.0280103799595866,1.1994470434848983,0.7610458537472095
9442.454721212387,0.8001846474941054,0.8261816868275118,0.9998153525058944,0.8979109023253591
9442.504912376404,1.000949303561,0.8112898092919416,0.7990506964389998,0.8927087839985174
9442.554997682571,1.0823748989836648,0.8112898092919416,0.717625101016335,0.8927087839985174
9442.604884386063,1.0823748989836648,0.8112898092919416,0.717625101016335,0.8927087839985174
9442.65470957756,1.2816756649748757,0.38991370397468506,0.5183243350251241,1.4088089579132872
9442.70486831665,1.3688447346975692,0.38991370397468506,0.43115526530243076,1.4088089579132872
9442.754758358002,1.3688447346975692,0.38991370397468506,0.43115526530243076,1.4088089579132872
9442.804809808731,1.1686389317800887,0.8464285033249501,0.6313610682199112,1.1566598107690889
9442.854937791824,0.9681269994070418,0.8464285033249501,0.8318730005929581,1.1566598107690889
9442.904656171799,0.7692534795095809,1.092879143856894,1.030746520490419,0.9309745725491743
9442.954738140106,0.9695813527395614,1.706481367695709,0.8304186472604385,0.28271139124296935
9443.004740476608,1.1695906987478621,1.706481367695709,0.6304093012521377,0.28271139124296935
9443.054768562317,1.2496470050298538,1.2513390621740519,0.550352994970146,0.5042323100061444
9443.104741811752,1.0497540072881546,1.104232635569507,0.7502459927118452,0.5811247365171449
9443.15458035469,1.0136766720582564,0.6315553936540461,0.7863233279417434,0.9146217122756306
9443.204772472382,1.0136460248813821,0.6315553936540461,0.7863539751186178,0.9146217122756306
9443.254732608795,1.0136460248813821,0.6315553936540461,0.7863539751186178,0.9146217122756306
9443.3047580719,1.0136460248813821,0.6315553936540461,0.7863539751186178,0.9146217122756306
9443.354751110077,0.8136738721714212,0.6315553936540461,0.9863261278285788,0.9146217122756306
9443.4048371315,0.6133297864780618,0.6315553936540461,1.1866702135219382,0.9146217122756306
9443.454634666443,0.8125199262485696,0.9739462365285898,0.9874800737514304,0.8492795539016381
9443.504745721817,1.0129641477451516,0.9739462365285898,0.7870358522548484,0.8492795539016381
9443.554713964462,1.1047835218291069,0.9739462365285898,0.695216478170893,0.8492795539016381
9443.604537248611,1.1384064751528045,0.9739462365285898,0.6615935248471954,0.8492795539016381
9443.654702663422,1.1384064751528045,0.9739462365285898,0.6615935248471954,0.8492795539016381
9443.704828977585,1.1384064751528045,0.9739462365285898,0.6615935248471954,0.8492795539016381
9443.75452709198,1.1469938224202,0.7875657637816634,0.6530061775797997,1.114290335505388
9443.80479836464,1.3480789130574071,0.7875657637816634,0.4519210869425927,1.114290335505388
9443.854888916016,1.4129402702718654,0.7875657637816634,0.3870597297281344,1.114290335505388
9443.904510498047,1.4129402702718654,1.2492849966517672,0.3870597297281344,0.7062573930952436
9443.954741716385,1.2200373044140118,1.2492849966517672,0.579962695585988,0.7062573930952436
9444.004708528519,1.2200373044140118,1.2492849966517672,0.579962695585988,0.7062573930952436
9444.054486989975,1.2200373044140118,1.389235051311694,0.579962695585988,0.5822484765338931
9444.104540348053,1.0442147567193223,1.5457135945925424,0.7557852432806775,0.3584705785870368
9444.154797315598,1.0442147567193223,1.5457135945925424,0.7557852432806775,0.3584705785870368
9444.204740524292,1.0442147567193223,1.5457135945925424,0.7557852432806775,0.3584705785870368
9444.25474023819,0.9317662185406613,1.0985967145542095,0.8682337814593385,0.6097633569024703
9444.304821252823,0.9317662185406613,1.0985967145542095,0.8682337814593385,0.6097633569024703
9444.354847669601,0.9317662185406613,1.0985967145542095,0.8682337814593385,0.6097633569024703
9444.40483880043,1.131730741856091,0.6034277228042925,0.6682692581439088,1.0993563759469145
9444.45476937294,1.133922391126741,0.6034277228042925,0.6660776088732587,1.0993563759469145
9444.504817724228,1.133922391126741,0.6034277228042925,0.6660776088732587,1.0993563759469145
9444.55481338501,1.1426750898232152,0.8207258242616402,0.6573249101767846,1.139307052948738
9444.604742765427,1.1448828390235908,0.8207258242616402,0.655117160976409,1.139307052948738
9444.654887914658,1.1448828390235908,0.8207258242616402,0.655117160976409,1.139307052948738
9444.704535245895,0.9806849780147799,1.342318985228626,0.8193150219852199,0.6581608932852279
9444.754888057709,0.9806849780147799,1.342318985228626,0.8193150219852199,0.6581608932852279
9444.80493092537,0.9806849780147799,1.342318985228626,0.8193150219852199,0.6581608932852279
9444.854536533356,0.9806849780147799,0.9226434256644569,0.8193150219852199,0.7249047022063906
9444.90471959114,0.9806849780147799,0.8030654803521349,0.8193150219852199,0.8507418430447206
9444.95496249199,0.9806849780147799,0.8030654803521349,0.8193150219852199,0.8507418430447206
9445.004820108414,0.9806849780147799,0.5672062507418152,0.8193150219852199,1.0857057429156056
9445.054654836655,1.1800238909786471,0.5794081968752954,0.6199761090213527,1.0810824547291609
9445.104783296585,1.210948793758067,0.7154657703407435,0.5890512062419327,1.0425881474285417
9445.15471482277,1.2497733848023955,0.8637739966547904,0.5502266151976043,1.0039051674271497
9445.204779624939,1.235608819071164,0.9771509319628388,0.5643911809288358,0.9524801720070197
9445.25459909439,1.2263581359957314,1.0825725990564266,0.5736418640042684,0.8111077600319632
9445.304520368576,1.2263581359957314,1.1675234150182237,0.5736418640042684,0.651972276697139
9445.354692935944,1.2263581359957314,1.161253167794622,0.5736418640042684,0.5518139014469076
9445.404905796051,1.2263581359957314,1.0750135899566926,0.5736418640042684,0.5423802057442602
9445.45454454422,1.2263581359957314,0.9299196358078712,0.5736418640042684,0.6016338748766494
9445.504714488983,1.2263581359957314,0.8091435321171518,0.5736418640042684,0.6851756220948759
9445.55477142334,1.0261303985689736,0.8092584808349408,0.7738696014310262,0.7330522815904164
9445.604711771011,1.0213871121566682,0.9370870160942005,0.7786128878433315,0.7597241025157384
9445.654750108719,1.000149527954464,1.0252492273289464,0.7998504720455356,0.7658067496176104
9445.704745531082,1.000149527954464,1.0144463864960136,0.7998504720455356,0.8382528144677475
9445.754711151123,0.8002870477908899,1.0138471825598905,0.9997129522091098,0.9018009871921537
9445.804776191711,0.6000268854373743,0.9464303840522491,1.1999731145626256,0.9525734604840851
9445.854777812958,0.8000333704227258,0.9228335758206079,0.999966629577274,0.9724461730043427
9445.904712200165,0.9997709192508508,0.8266429450568018,0.800229080749149,0.9984247098822714
9445.954649448395,1.0474856300266324,0.7157664899750873,0.7525143699733673,1.0773792151376957
9446.004791975021,1.0474856300266324,0.791974299122965,0.7525143699733673,1.0350555521404274
9446.054681062698,0.8479292793186246,0.9146976350438866,0.9520707206813751,0.908303454237778
9446.104798555374,0.6474593086154996,1.0355014948377228,1.1525406913845,0.7551002531233785
9446.154605865479,0.8466885490329801,1.0956530433295684,0.9533114509670195,0.6690073166722068
9446.204741716385,1.005485908271041,1.0030552170776792,0.7945140917289588,0.7445534570610763
9446.254623651505,1.0140111489606336,0.8101628382958221,0.7859888510393662,0.9495536602829543
9446.304877281189,1.0140111489606336,0.7567526993736237,0.7859888510393662,0.9890383762345784
9446.35478568077,0.9938673769760202,0.8130610906213979,0.8061326230239796,0.8879110318026331
9446.404748678207,0.9770518740820555,0.9553053733037874,0.8229481259179443,0.7889484227276344
9446.454688549042,1.0133621011233203,1.0883709748861896,0.7866378988766796,0.7447900221553981
9446.504539728165,0.9951572824073553,1.116059876451887,0.8048427175926445,0.7338193266084506
9446.554552316666,0.9663347139353812,1.0741880096089829,0.8336652860646186,0.7868937233146684
9446.604591846466,0.9663347139353812,1.025374980822515,0.8336652860646186,0.8500989787241217
9446.65453839302,1.0168277440873192,0.9798975486953181,0.7831722559126806,0.8795302765057229
9446.704574346542,1.0015064052688114,0.9396943175577803,0.7984935947311883,0.8719439121420052
9446.754506111145,1.0100800681427118,0.8913026615542299,0.7899199318572879,0.8367985944390846
9446.804505348206,1.0100800681427118,0.9177004753790662,0.7899199318572879,0.8118121407189567
9446.854545354843,1.0242290968213812,0.9757288286414991,0.7757709031786187,0.8292271130713915
9446.904504299164,1.0014477684575078,0.9740013714788169,0.798552231542492,0.8243476092851076
9446.954532146454,0.9828681347181919,0.9427383316573312,0.8171318652818079,0.8050378944886654
9447.004560470581,0.9828681347181919,0.9490184678918175,0.8171318652818079,0.8021730942635391
9447.05450963974,0.9858574826696243,0.9488046083791036,0.8141425173303756,0.8321539698758836
9447.104558229446,0.9875539528178869,0.9207183091858498,0.8124460471821129,0.8401141550082845
9447.154688358307,0.9875539528178869,0.9516138065702727,0.8124460471821129,0.8390026397444803
9447.204540491104,0.9586343487507014,0.9286596117799404,0.8413656512492984,0.8156517472364188
9447.254538536072,0.9739596031309448,0.9224747898001047,0.8260403968690551,0.8322542903362875
9447.304594278336,0.9773731016152121,0.9139015536958661,0.8226268983847878,0.8544722556187808
9447.354701042175,0.9849561874676114,0.918499107174445,0.8150438125323884,0.8684686669986521
9447.404518127441,0.9849561874676114,0.9382806474014649,0.8150438125323884,0.8618730276565936
9447.454485177994,0.9773404623072703,0.9265524740473461,0.8226595376927295,0.8491498364117569
9447.504704236984,1.0033181409389065,0.9188106414947529,0.7966818590610933,0.8370891531173483
9447.55472612381,1.0033181409389065,0.9331199463822943,0.7966818590610933,0.8150138039540324
9447.60476899147,1.0235669092038262,0.9791433097106874,0.7764330907961737,0.8275247399503376
9447.654643297195,1.043842395222913,1.0361581879085062,0.7561576047770867,0.8459716314492602
9447.70467543602,1.0542930127320178,1.0846090020141277,0.745706987267982,0.8787362625986808
9447.754853248596,1.0542930127320178,1.0968555868173102,0.745706987267982,0.8735157507940701
9447.804728984833,1.051045692608651,1.071234419125478,0.7489543073913487,0.8550044271332468
9447.854741573334,1.0292511086526197,1.0368734839599707,0.7707488913473802,0.8155068554752747
9447.904915809631,1.0355811939806219,0.993262788404514,0.7644188060193781,0.787679648337615
9447.954836845398,1.0355811939806219,0.9703056838808618,0.7644188060193781,0.7830055985228488
9448.004729509354,1.0320092930770655,0.9689060673724947,0.7679907069229344,0.8045691287532902
9448.054787158966,1.0230142351093223,0.9870189866642238,0.7769857648906774,0.8341264022355839
9448.104842662811,1.0131972757382701,1.0353892484147578,0.7868027242617297,0.8394382414686286
9448.154805660248,1.0131972757382701,1.0595390834393226,0.7868027242617297,0.8378616243887282
9448.204788923264,0.997318487718148,1.0487083520167633,0.8026815122818518,0.8227649737699629
9448.254800319672,1.0219234674258604,1.0438465091826998,0.7780765325741393,0.8039006284226347
9448.304587364197,1.0020545315611424,1.0139403109517984,0.7979454684388574,0.804483281064607
9448.35503077507,1.0020545315611424,0.9984531962192282,0.7979454684388574,0.8218367480594793
9448.404804944992,1.0357107826329353,0.9774868403667054,0.7642892173670647,0.8416113251456813
9448.454770803452,1.0140732375510324,0.982188071541566,0.7859267624489675,0.8510428021195839
9448.504626274109,1.0348904451462306,0.9630773445603531,0.7651095548537692,0.8652325755301706
9448.554774999619,1.0348904451462306,0.9502600090731601,0.7651095548537692,0.8733836896160934
9448.604744434357,1.0493502241433061,0.9668768330942185,0.7506497758566937,0.8813510735132585
9448.654793262482,1.002435894840044,0.9805529958437893,0.7975641051599559,0.8647237705933436
9448.70476770401,1.0203737200993175,1.0010119883929853,0.7796262799006823,0.8785296543030996
9448.754878759384,1.0203737200993175,1.0256427744167504,0.7796262799006823,0.8631814216466805
9448.804725408554,0.996209754558143,1.00659187623754,0.8037902454418568,0.8649460206589243
9448.854757070541,0.9832309915956647,1.0019475864966925,0.8167690084043351,0.850256125813525
9448.904540538788,0.995747160401369,0.9973436920976717,0.8042528395986308,0.8521990540096047
9448.95478630066,0.995747160401369,0.9980034731317549,0.8042528395986308,0.8660642109800177
9449.004734277725,0.9706821376322705,0.957848335593545,0.8293178623677293,0.8674511934216784
9449.054870128632,0.976085449027673,0.9495160121761335,0.8239145509723268,0.8728191146217334
9449.10459947586,1.0027751664521465,0.900985076631638,0.7972248335478533,0.8806054695473629
9449.154779195786,1.0027751664521465,0.9059249644060847,0.7972248335478533,0.8921914042482323
9449.204746246338,0.9833097851288145,0.9165676099507778,0.8166902148711853,0.906079552463873
9449.254814624786,0.974397683078261,0.9278196476381577,0.8256023169217388,0.8750089318366708
9449.304560422897,0.9733816021353587,0.9806049054556449,0.8266183978646411,0.8707432023577164
9449.35481262207,0.9733816021353587,1.0106930441508304,0.8266183978646411,0.8818054272613146
9449.404702186584,0.9552256967811457,0.9643741860455135,0.8447743032188542,0.8798319986062486
9449.454682350159,0.9552256967811457,0.9608699851441095,0.8447743032188542,0.873479803464314
9449.504551887512,0.7557475473670832,0.9515724720909968,1.0442524526329167,0.888639192603171
9449.55475139618,0.5549495126991144,0.9233054951079407,1.2450504873008854,0.8842609360774065
9449.60449552536,0.7539260294227472,0.8863622177331824,1.0460739705772526,0.868468035517682
9449.654505729675,0.9539668466834894,0.8429971824415629,0.8460331533165104,0.9446630534858285
9449.704574108124,1.0160197899825585,0.7317519816277541,0.7839802100174413,1.1068121167658846
9449.75473332405,1.0160197899825585,0.8223200547403615,0.7839802100174413,1.0787549915065435
9449.804516077042,1.03807544772734,0.9482544913663813,0.7619245522726599,0.9158929646784091
9449.85455584526,1.0287230540328398,1.0845178695240385,0.7712769459671601,0.7844004223623522
9449.904515743256,0.9987089701947591,1.1123090004343545,0.8012910298052407,0.7152586575703137
9449.954678058624,0.9987089701947591,1.0658205467016253,0.8012910298052407,0.7201942800172441
9450.004546165466,1.0009162703753072,0.9764831275064021,0.7990837296246927,0.7508860802181341
9450.054537296295,0.9967454327738843,0.940739233862815,0.8032545672261155,0.8311776438544194
9450.10460805893,0.9967454327738843,0.9325958703415838,0.8032545672261155,0.8931536979385615
9450.15454030037,1.0131313772811488,0.9440437369748561,0.786868622718851,0.8833624568071986
9450.204560756683,1.0131313772811488,0.962658720488713,0.786868622718851,0.8435804598267206
9450.254508256912,1.005735528433309,0.9686307444365141,0.7942644715666909,0.7949463016772984
9450.304554224014,0.9945298981991563,0.9593156338044875,0.8054701018008436,0.7668135459536809
9450.354509830475,1.0040534843571567,0.9678228578677966,0.7959465156428431,0.7929453120940149
9450.404571056366,1.0040534843571567,0.9806439691201876,0.7959465156428431,0.8384730052821595
9450.4545378685,0.9955523210213485,0.9335664992362033,0.8044476789786513,0.8353402554466518
9450.50476694107,0.9876569368132234,0.8880722195445216,0.8123430631867764,0.8274012830069373
9450.554592370987,1.0351596794112137,0.9158824366652201,0.7648403205887863,0.8441999689466184
9450.604768753052,1.0181076218423817,1.014318121039506,0.781892378157618,0.8842661882302676
9450.654654979706,0.9659305796931088,1.0542158791650424,0.834069420306891,0.8687171568224972
9450.704704761505,0.9659305796931088,1.0964126292191418,0.834069420306891,0.8228805767208389
9450.75470995903,0.9659305796931088,1.102462452768891,0.834069420306891,0.7798432817474622
9450.80464720726,0.7661815867731869,1.0209176786373648,1.033818413226813,0.7903468886762482
9450.854692935944,0.5659986720393002,0.9385610454427216,1.2340013279606996,0.8175396375566586
9450.904814004898,0.3655143962214291,0.8349837028913623,1.4344856037785707,0.85821697185194
9450.95474410057,0.16579401353099943,0.7091737877344939,1.6342059864690004,1.0238582935443716
9451.0047082901,-0.03406274458667635,0.5883073219424195,1.8340627445866762,1.267445940250559
9451.05480670929,-0.23445642134448885,0.4380495849406376,2.0344564213444887,1.4983894128111852
9451.104772090912,-0.43431794783374666,0.22422569733222678,2.2343179478337465,1.662410200780911
9451.154639959335,-0.6337894215275943,-0.13749008151998396,2.433789421527594,1.748427088670593
9451.204731464386,-0.834155441730231,-0.46629671611706114,2.634155441730231,1.8594757565066797
9451.254767656326,-0.6340106739690006,-0.6052257765233029,2.4340106739690004,1.8164005845143407
9451.30465388298,-0.5081353395952337,-0.6227507263028447,2.3081353395952338,1.8913221229083779
9451.354649543762,-0.35958582592742827,-0.5770254386521754,2.159585825927428,1.9088690806258002
9451.404735803604,-0.35958582592742827,-0.3605871279140964,2.159585825927428,1.8163128517447094
9451.454722642899,-0.27700948492500976,-0.19870464429023224,2.07700948492501,1.6487349422828501
9451.504776239395,-0.2056386164779842,-0.08796763348494419,2.005638616477984,1.4298946172734313
9451.554598808289,-0.17535582521336224,-0.03166834805457991,1.975355825213362,1.3267041746642665
9451.604518651962,-0.17535582521336224,-0.011400605299648765,1.975355825213362,1.302266346354478
9451.654582500458,-0.1456413905629752,-0.004104217907873555,1.945641390562975,1.3240825296422933
9451.704531669617,-0.11894421042693915,-0.00147751844683448,1.918944210426939,1.2682546625488196
9451.75454378128,-0.09273620659030413,-0.0005319066408604128,1.892736206590304,1.1648468375189256
9451.80453324318,-0.09273620659030413,-0.0001914863907097486,1.892736206590304,1.0854548978799516
9451.854669094086,-0.07844556697672433,-6.893510065550948e-05,1.8784455669767242,1.0509602356431698
9451.904618024826,-0.08035751122670054,-2.4816636235983414e-05,1.8803575112267004,1.1087057278803996
9451.954537391663,-0.05815104890633327,-8.933989044954028e-06,1.858151048906333,1.209366951689196
9452.00453877449,-0.05815104890633327,-3.21623605618345e-06,1.858151048906333,1.227309322704699
9452.054558038712,-0.02455257754201179,-1.1578449802260418e-06,1.8245525775420117,1.2297769151985025
9452.104514360428,-0.009473872055426047,-4.16824192881375e-07,1.8094738720554258,1.182841931445338
9452.154651641846,-0.00828185647003199,-1.50056709437295e-07,1.8082818564700318,1.0726418863521592
9452.204712867737,-0.00828185647003199,-5.4020415397426204e-08,1.8082818564700318,1.0058213509602514
9452.254514932632,0.0023033184707490495,-1.944734954307343e-08,1.7976966815292508,0.9686249269539058
9452.304801225662,0.0023033184707490495,-7.001045835506434e-09,1.7976966815292508,1.0021241059360722
9452.354525327682,0.20119972655180374,0.2168807809183061,1.598800273448196,1.0167292148038563
9452.404658317566,0.40173168608549514,0.4888609370456598,1.3982683139145047,1.029305092936688
9452.454573869705,0.20206947752836624,0.6544668145489619,1.5979305224716336,0.9977903482124566
9452.504688739777,0.0016099972427217057,0.7655501628224347,1.7983900027572781,0.9473863449742326
9452.554552316666,-0.04532365908164382,0.7720109858694252,1.8453236590816435,0.9609460834890562
9452.60480594635,-0.04532365908164382,0.5712512649982897,1.8453236590816435,1.1231067945085749
9452.654816865921,-0.04532365908164382,0.23059839759670714,1.8453236590816435,1.3216072548457187
9452.70474767685,0.1543995846317351,0.06457100422764904,1.6456004153682646,1.4471491037259652
9452.754695892334,0.35419244657021165,0.023245561521953652,1.445807553429788,1.3819576308172996
9452.804795742035,0.1537930477665007,0.008368402147903313,1.646206952233499,1.2038087131396074
9452.854787111282,0.07043181577753066,0.22813809493468318,1.7295681842224693,1.0594456827097585
9452.90481710434,0.07011248710885698,0.592287389919589,1.7298875128911428,0.8837965477271122
9452.954509735107,0.07011248710885698,0.7725325733967173,1.7298875128911428,0.860843887582895
9453.004825353622,0.07011248710885698,0.768754583974393,1.7298875128911428,1.043539591069988
9453.054673910141,0.26950671318307573,0.6153308650421065,1.530493286816924,1.2393482401738065
9453.104756593704,0.06917597893014604,0.4754406094753848,1.7308240210698538,1.4145381072081147
9453.1547498703,0.03805271208597316,0.39317823696866416,1.7619472879140265,1.4314540273755916
9453.204726934433,0.0776371408870884,0.5118794116332583,1.7223628591129114,1.2730224578431892
9453.254844427109,0.12512375795956232,0.6259235598905487,1.6748762420404375,1.1943423670119637
9453.304791688919,0.10293587389256742,0.6411315056656695,1.6970641261074324,1.2236773939700103
9453.354755878448,0.10293587389256742,0.5831025118699633,1.6970641261074324,1.294197102967662
9453.404825687408,0.13023445950980006,0.5198980978156673,1.6697655404901997,1.3148641373814687
9453.454725027084,0.1677778230718593,0.48709303180070695,1.6322221769281406,1.4077900953090743
9453.504729747772,0.19698252036668273,0.4680760122765016,1.603017479633317,1.3852278461574277
9453.554770231247,0.19698252036668273,0.4748378616844026,1.603017479633317,1.2903633929676566
9453.60453748703,0.22612288234295141,0.5296353491166021,1.5738771176570485,1.209146416809085
9453.654825687408,0.23111813361486166,0.5911663434035345,1.568881866385138,1.2376185142848217
9453.704615354538,0.250656526507148,0.6203796933100258,1.549343473492852,1.2215132218785283
9453.754651546478,0.250656526507148,0.6278259779216875,1.549343473492852,1.210137225467701
9453.804777622223,0.2708804141781973,0.6168684348536264,1.5291195858218025,1.2462595023913643
9453.854843616486,0.29119659227419803,0.6252313680078767,1.508803407725802,1.2549708909345911
9453.904651880264,0.3188415250641945,0.6264892778382127,1.4811584749358053,1.21366128778052
9453.954797506332,0.3188415250641945,0.61938097339578,1.4811584749358053,1.1155020861229599
9454.004520177841,0.35344706249924385,0.6397001728834184,1.446552937500756,1.0905751348162163
9454.05450129509,0.3811800771105286,0.6546439690144589,1.4188199228894711,1.0816739449724366
9454.10478591919,0.3811800771105286,0.6546439690144589,1.4188199228894711,1.0816739449724366
9454.154890537262,0.3811800771105286,0.6546439690144589,1.4188199228894711,1.0816739449724366
9454.20451784134,0.5796892934191223,0.6546439690144589,1.2203107065808774,1.0816739449724366
9454.254887580872,0.7811682515490052,0.6546439690144589,1.0188317484509946,1.0816739449724366
9454.304760456085,0.9806597524034973,0.6546439690144589,0.8193402475965024,1.0816739449724366
9454.354932308197,1.181347160850763,0.7476827811814406,0.6186528391492367,1.0493500884332307
9454.404856204987,1.3810427480089662,0.750063974357668,0.4189572519910336,1.0817914757703573
9454.45490026474,1.581218987022638,0.750063974357668,0.21878101297736174,1.0817914757703573
9454.504590034485,1.7799780660021303,1.3037348303343537,0.020021933997869557,0.642857649097799
9454.554843902588,1.9809935384142396,1.3037348303343537,-0.18099353841423982,0.642857649097799
9454.60465502739,2.161423426182578,1.7916120851864625,-0.36142342618257817,0.21522894730855624
9454.654803037643,2.362015467198203,1.7916120851864625,-0.5620154671982032,0.21522894730855624
9454.704725027084,2.561703424961875,1.7916120851864625,-0.761703424961875,0.21522894730855624
9454.754526615143,2.760909777195762,2.052858834128499,-0.9609097771957618,-0.1178762517517962
9454.804764270782,2.9618603997543556,2.0474734334116698,-1.1618603997543555,-0.2370453597394322
9454.854818344116,3.1620766930893165,2.0474734334116698,-1.3620766930893164,-0.2370453597394322
9454.904707431793,2.9625203423813087,2.2084754155984125,-1.1625203423813086,-0.6418967536854079
9454.955001831055,2.7613427453354102,2.2331004528349996,-0.9613427453354102,-0.6863114054064352
9455.004869937897,2.561870317967246,2.2331004528349996,-0.7618703179672461,-0.6863114054064352
9455.054770231247,2.3622691445663673,2.4546023410644393,-0.5622691445663672,-0.8638921649379628
9455.104752779007,2.162338953526328,2.4546023410644393,-0.36233895352632817,-0.8638921649379628
9455.154814720154,1.9620911889389259,2.315627238795224,-0.16209118893892582,-0.5947886400881001
9455.204802751541,1.7621390633896095,2.190336621788182,0.03786093661039058,-0.4750476535238378
9455.254942178726,1.561581354649375,2.190336621788182,0.23841864535062496,-0.4750476535238378
9455.304856777191,1.3619229607895118,1.1955186043379975,0.43807703921048824,0.06673765538688956
9455.354798078537,1.162157755406211,1.1053902574895784,0.637842244593789,0.07885050316784654
9455.404849767685,0.9619509988144141,1.1053902574895784,0.8380490011855859,0.07885050316784654
9455.454844474792,0.7619721703842384,1.1053902574895784,1.0380278296157617,0.07885050316784654
9455.504514217377,0.5632932000473243,0.7369301647207749,1.2367067999526757,0.9717416950701743
9455.554737329483,0.36240075162203134,0.7369301647207749,1.4375992483779687,0.9717416950701743
9455.604940891266,0.16158650449068368,0.7369301647207749,1.6384134955093164,0.9717416950701743
9455.654576778412,0.12075911831721886,0.594649576207706,1.679240881682781,1.5547937031219345
9455.704884529114,0.07238554117480667,0.594649576207706,1.7276144588251932,1.5547937031219345
9455.754821300507,0.07238554117480667,0.594649576207706,1.7276144588251932,1.5547937031219345
9455.804495334625,0.07238554117480667,0.2868133284508231,1.7276144588251932,1.5907770068456046
9455.854833841324,0.25128653708814275,0.2868133284508231,1.548713462911857,1.5907770068456046
9455.904772281647,0.25128653708814275,0.2868133284508231,1.548713462911857,1.5907770068456046
9455.954850912094,0.25128653708814275,0.2868133284508231,1.548713462911857,1.5907770068456046
9456.004571199417,0.2103875843165669,0.24611145737567613,1.5896124156834328,1.4043574202566749
9456.054913759232,0.2103875843165669,0.24611145737567613,1.5896124156834328,1.4043574202566749
9456.104766368866,0.2103875843165669,0.24611145737567613,1.5896124156834328,1.4043574202566749
9456.154506206512,0.3136958906231536,0.5318408752600101,1.4863041093768463,1.191514253586727
9456.204715490341,0.25649187412308805,0.5627820816707461,1.5435081258769117,1.1906599640668616
9456.254797697067,0.25649187412308805,0.5627820816707461,1.5435081258769117,1.1906599640668616
9456.304752588272,0.25649187412308805,0.5627820816707461,1.5435081258769117,1.1906599640668616
9456.35482120514,0.25608742187108924,0.659522426129884,1.5439125781289107,1.2717945048308668
9456.404891967773,0.25608742187108924,0.659522426129884,1.5439125781289107,1.2717945048308668
9456.454734325409,0.25608742187108924,0.659522426129884,1.5439125781289107,1.2717945048308668
9456.504762172699,0.22876764243124859,0.6024378331291897,1.5712323575687512,1.3318191198957519
9456.554917812347,0.26615438787503254,0.5819328660838737,1.5338456121249673,1.3908798234732482
9456.604966402054,0.26615438787503254,0.5819328660838737,1.5338456121249673,1.3908798234732482
9456.654547214508,0.29375091461983616,0.5481701652184399,1.5062490853801638,1.4075000267317574
9456.70474267006,0.29375091461983616,0.5481701652184399,1.5062490853801638,1.4075000267317574
9456.754958629608,0.29375091461983616,0.5481701652184399,1.5062490853801638,1.4075000267317574
9456.804566860199,0.33798515367898674,0.5403899471506881,1.4620148463210132,1.2986518104783067
9456.85482764244,0.33798515367898674,0.5475774598446731,1.4620148463210132,1.2638939714378934
9456.904750585556,0.33798515367898674,0.5475774598446731,1.4620148463210132,1.2638939714378934
9456.954493761063,0.31420951860357016,0.5803006641299346,1.4857904813964296,1.2037033683264746
9457.004813194275,0.3334226913719909,0.5803006641299346,1.466577308628009,1.2037033683264746
9457.054861307144,0.3334226913719909,0.5803006641299346,1.466577308628009,1.2037033683264746
9457.104575395584,0.3315563330228487,0.642218556842653,1.468443666977151,1.2562935955205479
9457.154735565186,0.3443306507322591,0.642218556842653,1.4556693492677408,1.2562935955205479
9457.204812288284,0.3443306507322591,0.642218556842653,1.4556693492677408,1.2562935955205479
9457.254870414734,0.3443306507322591,0.642218556842653,1.4556693492677408,1.2562935955205479
9457.304715871811,0.3443306507322591,0.6541549371417015,1.4556693492677408,1.38248859182516
9457.354853630066,0.3443306507322591,0.6541549371417015,1.4556693492677408,1.38248859182516
9457.404886484146,0.3443306507322591,0.6541549371417015,1.4556693492677408,1.38248859182516
9457.454714775085,0.0,0.6025007112052301,0.0,1.4209781436377167
9457.504771471024,0.0,0.6025007112052301,0.0,1.4209781436377167
9457.554851055145,0.0,0.6025007112052301,0.0,1.4209781436377167
9457.604712963104,0.0,0.3580058647977331,0.0,0.7373013990363187
9457.654771089554,0.0,0.3580058647977331,0.0,0.7373013990363187
9457.704711675644,0.0,0.3580058647977331,0.0,0.7373013990363187
9457.754626989365,0.0,-0.011145814085764977,0.0,-0.797660744498644
9457.904529333115,0.19834423065185547,-0.0013822199534258804,-0.19834423065185547,-0.41448000374096783
9457.954779624939,0.39934539794921875,-0.0013822199534258804,0.0026569366455078125,-0.41448000374096783
9458.004846334457,0.40468202581645313,-0.0013822199534258804,0.20292377471923828,-0.41448000374096783
9458.054839611053,0.40906590567457796,0.002766521414556369,0.4028968811035156,0.33163242764935197
9458.104754686356,0.4297800752980789,0.08481971719291106,0.6025571823120117,0.4151949717263299
9458.154756307602,0.42803727589193286,0.5895893215384094,0.8025636672973633,0.6346956465314371
9458.204873800278,0.42803727589193286,0.5895893215384094,1.0030336380004883,0.6346956465314371
9458.254811763763,0.42803727589193286,0.5895893215384094,1.2027854919433594,0.6346956465314371
9458.304637670517,0.42803727589193286,0.8417874125468594,1.371962724108067,1.0953143332252873
9458.354831457138,0.42803727589193286,0.8417874125468594,1.371962724108067,1.0953143332252873
9458.404737949371,0.42803727589193286,0.8417874125468594,1.371962724108067,1.0953143332252873
9458.454668521881,0.5693083037321182,0.7075488422352563,1.2306916962678818,1.1601450227422472
9458.504905700684,0.5497096810356505,0.7075488422352563,1.2502903189643493,1.1601450227422472
9458.554880619049,0.5497096810356505,0.7075488422352563,1.2502903189643493,1.1601450227422472
9458.604612588882,0.5497096810356505,0.6245042394805771,1.2502903189643493,1.1654654205478021
9458.654787540436,0.5497096810356505,0.6740778393273843,1.2502903189643493,1.06518240336399
9458.704782962799,0.5497096810356505,0.6740778393273843,1.2502903189643493,1.06518240336399
9458.754550218582,0.5497096810356505,0.7981348594517468,1.2502903189643493,0.8694157034556338
9458.804891347885,0.5497096810356505,0.7981348594517468,1.2502903189643493,0.8694157034556338
9458.854759693146,0.5497096810356505,0.7981348594517468,1.2502903189643493,0.8694157034556338
9458.90452504158,0.0,0.804952466705309,0.0,0.9070606383740857
9458.954760074615,0.0,0.7981033827178875,0.0,0.8987597795164559
9459.004843473434,0.0,0.7981033827178875,0.0,0.8987597795164559
9459.05462694168,0.0,0.7320994413984511,0.0,1.0295769754439572
9459.104723215103,0.0,0.7320994413984511,0.0,1.0295769754439572
9459.154742479324,0.0,0.7320994413984511,0.0,1.0295769754439572
9459.204548597336,0.0,0.039284688281221836,0.0,-0.1711397528774497
9459.254781007767,0.0,-0.014229101212499356,0.0,-0.31436336994927866
9459.30475616455,0.0,-0.014229101212499356,0.0,-0.31436336994927866
9459.354684114456,0.0,-0.0936776783719119,0.0,-0.5939488754827662
9459.404596567154,0.0,-0.05620660702314714,0.0,-0.46724906838887237
9459.454735517502,0.0,-0.05620660702314714,0.0,-0.46724906838887237
9459.504761219025,0.0,-0.05620660702314714,0.0,-0.46724906838887237
9613.054596424103,-0.1998434066772461,-5e-324,0.1998434066772461,-5.447835702580354e-268
9613.10465145111,-0.40006351470947266,-5e-324,0.40006351470947266,-1.9612208529289274e-268
9613.154767274857,-0.6005268096923828,-5e-324,0.6005268096923828,-7.060395070544139e-269
9613.205012321472,-0.8015069961547852,-0.1847427123785019,0.8015069961547852,0.1627373480796814
9613.254966974258,-1.0013256072998047,-0.528269623541832,1.0013256072998047,0.41826186003684995
9613.304652690887,-1.200068473815918,-0.8459744935598374,1.200068473815918,0.6569250849094391
9613.354642629623,-1.4000282287597656,-0.996593914700737,1.4000282287597656,0.8358577285005951
9613.404824018478,-1.6007537841796875,-1.0249947317623582,1.6007537841796875,0.9780513451264252
9613.454665184021,-1.8001184463500977,-1.030438404375916,1.8001184463500977,1.0558650114214163
9613.504557132721,-1.9996862411499023,-1.1477099923233767,1.9996862411499023,1.1534975916651156
9613.554768323898,0.0,-1.2754343128659933,0.0,1.2268988472404696
9613.60456609726,0.0,-1.390546182744215,0.0,1.2679594009703141
9613.654699087143,0.0,-0.5591411280462182,0.0,0.5229932349772123
9613.704762935638,0.0,0.27013747497216334,0.0,-0.21114775126513718
9613.754578113556,0.0,0.49558495975905226,0.0,-0.42528436870099384
9613.804742336273,0.0,0.27820235251441083,0.0,-0.25422469630499345
9613.854754447937,-0.20004844665527344,0.05061519000192098,0.20004844665527344,-0.08512398235676168
9613.904841661453,-0.40039730072021484,0.012388615925667357,0.40039730072021484,-0.051074389414057
9613.954558610916,-0.5992650985717773,-0.12640256406561456,0.5992650985717773,0.08378098232886856
9614.004799365997,-0.8002281188964844,-0.3239836515964124,0.8002281188964844,0.23091745074990394
9614.05476641655,-1.000096321105957,-0.5011650713198562,1.000096321105957,0.3758528030982125
9614.104728460312,-1.1999444961547852,-0.5955056628673021,1.1999444961547852,0.4887599324132386
9614.154744625092,0.0,-0.6446198158653526,0.0,0.5424050322155494
9614.20480632782,0.0,-0.6864712762782079,0.0,0.6451775824182155
9614.254778623581,0.0,-0.57624090115842,0.0,0.5890950970108362
9614.304830312729,0.0,0.012807960865676038,0.0,0.025606198749126813
9614.35474395752,0.0,0.3456574483720468,0.0,-0.31117548335509954
9614.404823541641,0.0,0.38256472363500615,0.0,-0.34886230393261
9614.454782962799,-0.19983768463134766,0.1936066923061448,0.19983768463134766,-0.18280437659267287
9614.504771709442,0.00011730194091796875,0.06171506801317111,0.3997926712036133,-0.05986958938912284
9614.554835557938,0.20037269592285156,-0.11644251468514213,0.6000480651855469,0.11969809908362962
9614.604832410812,0.400360107421875,-0.20258831348205142,0.8000354766845703,0.27306016389856125
9614.654722452164,0.5999202728271484,-0.03291273188418578,0.9995956420898438,0.3811985186493256
9614.704662322998,0.4001607894897461,0.2631727597528943,1.199355125427246,0.4413587581547209
9614.75477695465,0.19970226287841797,0.6338748505621284,1.3998136520385742,0.5487358831679383
9614.804860115051,0.40003490447998047,0.8663410653201031,1.5984893717340882,0.690525450586637
9614.854789733887,0.5997533798217773,0.7973432127068265,1.5984893717340882,0.9545005672977067
9614.904793262482,0.7997674942016602,0.6591066867147621,1.5984893717340882,1.2380500929524554
9614.95451259613,0.8015106282659121,0.6459345728171373,1.5984893717340882,1.3642619859088678
9615.005374193192,0.5980642400212832,0.7259351319082084,1.8019357599787171,1.386337972337557
9615.054554700851,0.4013422093816348,1.0343359660007179,1.9986577906183656,1.217968875643992
9615.104630708694,0.20103817800956447,1.0504073769175155,2.198961821990436,1.2373069052019299
9615.154656410217,0.0009353719182558784,0.8604735256549052,2.3990646280817445,1.4241574689430685
9615.204731464386,0.20123558859306057,0.5822178347581505,2.19876441140694,1.663734019446946
9615.254683732986,0.40104466299491603,0.2742839601161675,1.9989553370050843,1.8631780126030124
9615.304658174515,0.6009424291081973,0.19668599920949686,1.799057570891803,1.8998292343020993
9615.354701042175,0.8011138997502871,0.40021482988887314,1.5988861002497132,1.6889525195193489
9615.404933691025,0.8941093052031783,0.7577878781009673,1.505890694796822,1.4846768167101931
9615.454911470413,1.0940204227568893,1.109773531479202,1.305979577243111,1.2055471200877519
9615.504842281342,1.2937436664702682,1.2868530612907039,1.1062563335297322,1.0658446046996386
9615.554796934128,1.3451577899443725,1.2960221670289478,1.0548422100556278,1.050602317808447
9615.604885578156,1.2358299031621793,1.3145603764850966,1.164170096837821,1.009851205691711
9615.654702663422,1.2089714679663635,1.387999588088956,1.191028532033637,0.8941242629331407
9615.70475268364,1.2089714679663635,1.4168569280517458,1.191028532033637,0.9212401557222148
9615.754824876785,1.2089714679663635,1.391996332424129,1.191028532033637,1.0423373740287474
9615.80458855629,1.0385961467326026,1.3491110760273615,1.3614038532673978,1.163643921424336
9615.854813575745,1.0385961467326026,1.306311925350502,1.3614038532673978,1.2219979351792525
9615.904802560806,1.0961544879796559,1.1962413072939664,1.3038455120203445,1.2904026741755172
9615.954679727554,1.0870022688810068,1.1000833134778483,1.3129977311189935,1.271951097308594
9616.004640817642,1.159377724369216,1.072590261254125,1.2406222756307843,1.2183203189584009
9616.05468583107,1.159377724369216,1.095466171343355,1.2406222756307843,1.144980817640271
9616.104672431946,1.1801474205697804,1.1540920572182758,1.21985257943022,1.0984594975487396
9616.154787778854,1.1483932654094589,1.2427859486353836,1.2516067345905415,1.061634479328728
9616.204624891281,1.0856910783191935,1.2928609579043069,1.3143089216808068,1.0682568043582688
9616.254640102386,1.1015252586955258,1.3029984234298402,1.2984747413044746,1.1491095694343942
9616.304894447327,1.1061406035666876,1.252611412949269,1.2938593964333127,1.2664156701245557
9616.354771852493,1.1061406035666876,1.2100398734856506,1.2938593964333127,1.3696013526706214
9616.404764413834,1.1061406035666876,1.2011963199013063,1.2938593964333127,1.3769045008392924
9616.45461320877,0.9067454238181525,1.1966692758953663,1.4932545761818479,1.3430840396823331
9616.50458240509,0.7068686385398322,1.2158295018681082,1.6931313614601682,1.256025255582637
9616.554779291153,0.9076561827903205,1.2130648029997895,1.49234381720968,1.221199276755538
9616.604832172394,1.1078677077536994,1.0576298856671433,1.292132292246301,1.3155817136920525
9616.654618740082,1.1584227553947832,0.9994819959617536,1.2415772446052171,1.33801121517743
9616.704541444778,1.3198285513056167,1.080927829764493,1.0801714486943836,1.274870172755928
9616.754539489746,1.3198285513056167,1.232139876182869,1.0801714486943836,1.100349906307582
9616.804563045502,1.3198285513056167,1.3550018110380155,1.0801714486943836,1.016165479381844
9616.854634284973,1.3198285513056167,1.4339801229896159,1.0801714486943836,0.9883666817045085
9616.904619693756,1.3198285513056167,1.453334651870561,1.0801714486943836,1.0419223970304443
9616.954839229584,1.1189504079950698,1.445516730834861,1.2810495920049305,1.0724958578425952
9617.004680871964,1.1921146197846197,1.3725932403170416,1.2078853802153806,1.1205563068274844
9617.054676294327,1.237113469209162,1.2947028242503411,1.1628865307908383,1.1433582086521692
9617.104793310165,1.237113469209162,1.1381213174922993,1.1628865307908383,1.1965316598114362
9617.154680728912,1.237113469209162,1.0709812154768847,1.1628865307908383,1.2051427911936161
9617.204810857773,1.237113469209162,1.10405394710537,1.1628865307908383,1.2015827185351462
9617.254654407501,1.4364876681227363,1.1904713151840074,0.963512331877264,1.1643760569014123
9617.30483007431,1.3577804493906775,1.2780093039746656,1.0422195506093228,1.1573320710820427
9617.354607343674,1.3427295930293357,1.3330480987671223,1.0572704069706647,1.1602648765145231
9617.404772281647,1.3427295930293357,1.3934155345503045,1.0572704069706647,1.0755875541078503
9617.45475435257,1.3323701463331548,1.4231352915958242,1.0676298536668456,1.0623740875711722
9617.504742622375,1.3227321995207562,1.3898626939271335,1.0772678004792442,1.0928770348068721
9617.554703235626,1.2669539332521333,1.3368335333757797,1.133046066747867,1.1044229904879326
9617.604761123657,1.2669539332521333,1.2910781872496557,1.133046066747867,1.1365265550638148
9617.65482711792,1.289254648046438,1.2733573307594854,1.1107453519535624,1.1537496698769893
9617.704734802246,1.266948573621789,1.245272466778798,1.1330514263782114,1.1230685014560091
9617.754729509354,1.277551621508628,1.2430377444887315,1.1224483784913724,1.1364155614030695
9617.804800748825,1.277551621508628,1.2561509957765633,1.1224483784913724,1.1489972592706323
9617.854768514633,1.2681747544697486,1.2790604049273169,1.1318252455302518,1.1513853092663826
9617.904840230942,1.2810692650073487,1.2520775990834654,1.1189307349926516,1.1441748435380463
9617.954760551453,1.2810692650073487,1.2272274946147497,1.1189307349926516,1.1265148316055202
9618.004745721817,1.2647802181992018,1.1921050806632385,1.1352197818007985,1.112308563979733
9618.05465388298,1.2778054605023177,1.2027960536405116,1.1221945394976827,1.1473573573323255
9618.104574203491,1.259906262757589,1.2342974728652716,1.1400937372424114,1.17220525722118
9618.154591083527,1.2647510451084771,1.242681226240714,1.1352489548915232,1.1822257117524568
9618.204737663269,1.2647510451084771,1.2603226427222918,1.1352489548915232,1.2093120983634529
9618.254623413086,1.2778995063352228,1.24650630202242,1.1221004936647776,1.2075505651734164
9618.304644346237,1.2778995063352228,1.243212407277876,1.1221004936647776,1.240612316049405
9618.354588747025,1.2778995063352228,1.2564964576173498,1.1221004936647776,1.255721137970901
9618.4047062397,1.2778995063352228,1.2546645170548678,1.1221004936647776,1.2051547978103936
9618.454614162445,1.4775311973142267,1.2500133955275698,0.9224688026857737,1.1704140024345202
9618.504532814026,1.2830905573567737,1.205373055116976,1.1169094426432267,1.1489973658428578
9618.554556369781,1.2555316789188524,1.2541275714790743,1.144468321081148,1.0608599398412462
9618.60465335846,1.2555316789188524,1.375391374646041,1.144468321081148,0.9315958838657673
9618.654589653015,1.2512924566920967,1.3510472097224282,1.1487075433079037,0.9494776828645278
9618.704530954361,1.1881208801284768,1.1946331781706674,1.2118791198715235,1.073997320064018
9618.75462436676,1.2296978742076254,1.0704970594368506,1.170302125792375,1.2119918756466304
9618.804547548294,1.2296978742076254,1.0160629046960636,1.170302125792375,1.2625928911965318
9618.854590415955,1.2887024155470708,1.035462158668183,1.1112975844529296,1.2208830425763568
9618.90458202362,1.2558997470599227,1.0962567059093031,1.1441002529400777,1.1144983259305157
9618.954648971558,1.2850525735931995,1.1568714235267632,1.114947426406801,1.0750514157103823
9619.0047082901,1.2850525735931995,1.179776111486053,1.114947426406801,1.070809047668417
9619.05471277237,1.2143282336465135,1.1710603854331358,1.1856717663534868,1.0495991329846048
9619.104798316956,1.2143282336465135,1.193675078229486,1.1856717663534868,1.0732784641085424
9619.154762029648,1.2143282336465135,1.193675078229486,1.1856717663534868,1.0732784641085424
9619.204622268677,1.2143282336465135,1.2072281101030222,1.1856717663534868,1.214555107303254
9619.254752397537,1.2143282336465135,1.2053151880909272,1.1856717663534868,1.2411772744344427
9619.30495095253,1.2143282336465135,1.2053151880909272,1.1856717663534868,1.2411772744344427
9619.354737758636,1.015181009220244,1.1983880016332429,1.3848189907797563,1.2515851698211882
9619.404968738556,0.8142570895425096,1.1983880016332429,1.5857429104574907,1.2515851698211882
9619.454746484756,0.6151461047402635,1.1983880016332429,1.7848538952597368,1.2515851698211882
9619.50451540947,0.8142218035928026,1.1961199743401534,1.5857781964071977,1.3330775785891162
9619.5547478199,1.0151514453164354,1.1961199743401534,1.384848554683565,1.3330775785891162
9619.604681015015,1.2148842257729784,0.9242042252665494,1.185115774227022,1.5925146896518978
9619.654735565186,1.4151024264565721,0.781612774684771,0.9848975735434282,1.7135423993395396
9619.704722642899,1.5823544298845031,0.781612774684771,0.7849492626913774,1.7135423993395396
9619.754606962204,1.6806807391204752,0.4510494255135863,0.5854119854696977,1.8734734357263048
9619.804802894592,1.6806807391204752,0.4510494255135863,0.3846282559164751,1.8734734357263048
9619.854733467102,1.6806807391204752,0.4510494255135863,0.1849059658774126,1.8734734357263048
9619.904700040817,1.880547033981315,1.4505731765193144,-0.014960328983427251,0.8748054480230387
9619.954728841782,2.080662237838737,1.4505731765193144,-0.21507553284084913,0.8748054480230387
9620.004770040512,2.280827032760612,1.4505731765193144,-0.4152403277627241,0.8748054480230387
9620.054694414139,2.480524527267448,2.073577569809413,-0.6149378222695601,0.11215184061989514
9620.104768753052,2.6808218829193033,2.1151361506502964,-0.8152351779214155,-0.042129695837108336
9620.154742717743,2.880717741683952,2.015494495324827,-1.015131036686064,-0.2190341475920599
9620.20476603508,3.0808110110320963,2.01428362708839,-1.2152243060342085,-0.37092072506646645
9620.254762411118,3.280796515182487,2.01428362708839,-1.4152098101845991,-0.37092072506646645
9620.304672002792,0.0,2.0158596218061993,0.0,-0.6166022574799721
9620.35486292839,0.0,2.0456089365740153,0.0,-0.6891151997981944
9620.404826402664,0.0,2.0456089365740153,0.0,-0.6891151997981944
9620.454780578613,0.0,2.042867981687756,0.0,-0.6817265470944928
9620.504823207855,0.0,2.3686165697557113,0.0,-0.6646916844575865
9620.555037021637,0.0,2.3686165697557113,0.0,-0.6646916844575865
9620.604763269424,0.0,2.3686165697557113,0.0,-0.6646916844575865
9620.65460562706,0.0,-1.104199370454861,0.0,0.5219392428781272
9620.704786539078,-0.20072364807128906,-1.104199370454861,0.20072364807128906,0.5219392428781272
9620.754708528519,-0.40041160583496094,-1.104199370454861,0.40041160583496094,0.5219392428781272
9620.805025100708,-0.6016778945922852,-1.4790112553558354,0.6016778945922852,0.4583930485485141
9620.854818344116,-0.40250492095947266,-1.3260262433953858,0.8008508682250977,0.3349051116599373
9620.904709100723,-0.20294189453125,-1.3260262433953858,1.0004138946533203,0.3349051116599373
9620.954801082611,-0.0025739669799804688,-1.3260262433953858,1.2007818222045898,0.3349051116599373
9621.004610061646,0.19666194915771484,-0.0116937640040101,1.3903869046430173,0.338493722894753
9621.054713964462,0.3970775604248047,-0.0116937640040101,1.3903869046430173,0.338493722894753
9621.10474228859,0.40961309535698265,-0.0116937640040101,1.3903869046430173,0.338493722894753
9621.1547062397,0.20975729091362327,0.1990399218828079,1.5902427090863767,0.9995841934275072
9621.204760789871,0.009539090230029523,0.1990399218828079,1.7904609097699704,0.9995841934275072
9621.254764556885,-0.1904759778241697,0.1990399218828079,1.9904759778241696,0.9995841934275072
9621.304682970047,-0.3901496304730955,0.1990399218828079,2.1901496304730954,0.9995841934275072
9621.354756355286,-0.5904431714276853,0.8950382392084927,2.3904431714276853,1.6419900123400106
9621.404747247696,-0.7904067410687986,0.8950382392084927,2.5904067410687985,1.6419900123400106
9621.454704523087,-0.9902358426312986,0.8950382392084927,2.7902358426312985,1.6419900123400106
9621.504670619965,-1.1901002301435057,0.5073444903811057,2.9901002301435056,1.932312008418458
9621.55475783348,-1.3904490842084472,0.5073444903811057,3.190449084208447,1.932312008418458
9621.604797363281,-1.5906072034101073,0.5073444903811057,3.390607203410107,1.932312008418458
9621.654750347137,-1.790419138834912,-1.3320698205322399,3.590419138834912,2.423358025339465
9621.704754114151,-1.9904342068891112,-1.3320698205322399,3.790434206889111,2.423358025339465
9621.754823207855,-2.1907105817060057,-1.3320698205322399,3.9907105817060056,2.423358025339465
9621.804613351822,-1.9915500058393065,-1.7801808939147332,3.7915500058393063,2.816284451437282
9621.85464811325,-1.7914109601239745,-1.7801808939147332,3.5914109601239743,2.816284451437282
9621.904706478119,0.0,-1.7801808939147332,0.0,2.816284451437282
9621.954560995102,0.1994180679321289,-1.3242362356159534,-0.1994180679321289,3.1582243896929176
9622.004774093628,0.4002704620361328,-1.3242362356159534,-0.4002704620361328,3.1582243896929176
9622.05490064621,0.6007766723632812,-1.3242362356159534,-0.6007766723632812,3.1582243896929176
9622.104663133621,0.7998266220092773,-0.3721880657135304,-0.40172672271728516,1.6882077649564757
9622.15470457077,0.9999923706054688,-0.3721880657135304,-0.6018924713134766,1.6882077649564757
9622.204779624939,1.2002925872802734,-0.3721880657135304,-0.8021926879882812,1.6882077649564757
9622.254737615585,1.4001245498657227,-0.3721880657135304,-1.0020246505737305,1.6882077649564757
9622.304645299911,1.5997552871704102,1.949181653649909,-1.201655387878418,-2.791467286695112
9622.354749679565,1.8001728057861328,1.949181653649909,-1.4020729064941406,-2.791467286695112
9622.404775857925,2.000277519226074,1.949181653649909,-1.602177619934082,-2.791467286695112
9622.45489025116,0.0,1.4857268177056908,0.0,-2.410604085830432
9622.504795074463,0.0,1.4857268177056908,0.0,-2.410604085830432
9622.554826021194,0.0,1.4857268177056908,0.0,-2.410604085830432
9622.604763031006,0.0,0.7986310369021192,0.0,-0.30155747420027645
9622.65472817421,0.1998605728149414,0.7986310369021192,0.1998605728149414,-0.30155747420027645
9622.704996109009,0.27859953965564976,0.7986310369021192,0.40093231201171875,-0.30155747420027645
9622.754552841187,0.27859953965564976,-0.7152497723359986,0.5991592407226562,1.214137046295922
9622.804635286331,0.33234438240943176,-0.8875429364835694,0.7994890213012695,1.2314976505985982
9622.854743242264,0.33234438240943176,-0.8875429364835694,0.9999208450317383,1.2314976505985982
9622.904579401016,0.33234438240943176,-0.21074109342874842,1.199265480041504,1.1378680481583252
9622.954689025879,0.5327828818601154,0.17922381718646432,1.0566313497056838,0.9659136780542359
9623.00476694107,0.7330945426267169,0.17922381718646432,1.0566313497056838,0.9659136780542359
9623.054690599442,0.7517451777574171,1.0664719091313835,1.0482548222425827,0.8231548868488141
9623.104716777802,0.6820893707001676,1.0664719091313835,1.1179106292998322,0.8231548868488141
9623.15489244461,0.8268887512797801,0.7622320173218722,0.9731112487202197,1.2054807959218925
9623.204767227173,0.8268887512797801,0.7622320173218722,0.9731112487202197,1.2054807959218925
9623.254720211029,0.8268887512797801,0.7622320173218722,0.9731112487202197,1.2054807959218925
9623.304698228836,0.6269766800517528,0.6526039095498941,1.1730233199482472,1.170681400660257
9623.354754447937,0.4267518036479442,0.6526039095498941,1.3732481963520557,1.170681400660257
9623.404774665833,0.22667093206591293,0.6526039095498941,1.573329067934087,1.170681400660257
9623.454696178436,0.426356982480952,0.6842848570214404,1.373643017519048,1.1148814699432734
9623.5047352314,0.6265131943339793,0.6842848570214404,1.1734868056660206,1.1148814699432734
9623.554786920547,0.8267199509257762,0.6842848570214404,0.9732800490742237,1.1148814699432734
9623.604699134827,0.8634557081925731,0.3755491934706658,0.9365442918074267,1.3702602513859976
9623.654752492905,0.8634557081925731,0.3755491934706658,0.9365442918074267,1.3702602513859976
9623.70475935936,0.8634557081925731,0.3755491934706658,0.9365442918074267,1.3702602513859976
9623.754615545273,1.0628804518449169,0.8073506335412675,0.737119548155083,1.0324349859606414
9623.804871082306,1.0382679799888905,0.8073506335412675,0.7617320200111093,1.0324349859606414
9623.854767084122,1.0382679799888905,0.8073506335412675,0.7617320200111093,1.0324349859606414
9623.904713392258,0.8384827474449452,1.226263597993789,0.9615172525550546,0.7182348651884947
9623.954778194427,0.638223538765746,1.226263597993789,1.1617764612342538,0.7182348651884947
9624.004716396332,0.4384707311485585,1.226263597993789,1.3615292688514413,0.7182348651884947
9624.054591655731,0.23896969355090225,1.2196428534026733,1.5610303064490976,0.5918476201787233
9624.104660272598,0.43924416101916397,1.0913956735513084,1.3607558389808359,0.7147185336169386
9624.154715061188,0.6394633153770741,1.0913956735513084,1.1605366846229257,0.7147185336169386
9624.204544067383,0.8387793401573476,0.33802655929255476,0.9612206598426523,1.2221777846889457
9624.254714727402,1.0394619802330312,0.33802655929255476,0.7605380197669687,1.2221777846889457
9624.304758787155,1.0785731435410884,0.33802655929255476,0.7214268564589115,1.2221777846889457
9624.35464644432,1.0785731435410884,0.6535035967117777,0.7214268564589115,1.1305011468648118
9624.404742956161,0.8781870961778071,0.9187809586099523,0.9218129038221927,0.9508800719689847
9624.454760789871,0.6781157613389399,0.9187809586099523,1.12188423866106,0.9508800719689847
9624.50475525856,0.47813788658308054,0.9187809586099523,1.3218621134169193,0.9508800719689847
9624.554752349854,0.6781262517564204,1.5706182093539416,1.1218737482435794,0.45433056261112786
9624.604744434357,0.8780945897691157,1.5706182093539416,0.9219054102308841,0.45433056261112786
9624.65482211113,1.0784052968614009,1.5706182093539416,0.721594703138599,0.45433056261112786
9624.704734325409,0.8787564397447016,0.8999854655109751,0.9212435602552982,0.8376732391932504
9624.754756689072,0.6786669850938227,0.7674079019452875,1.121333014906177,0.9234944178354083
9624.804770708084,0.47861090904401804,0.7674079019452875,1.3213890909559818,0.9234944178354083
9624.85480260849,0.6787385106675532,0.4136555332127373,1.1212614893324466,1.0905994442539741
9624.90476179123,0.8785752416245844,0.4136555332127373,0.9214247583754154,1.0905994442539741
9624.954724311829,1.0728728987040528,0.4136555332127373,0.727127101295947,1.0905994442539741
9625.004633903503,1.0728728987040528,0.7608213927320149,0.727127101295947,0.8153216371655925
9625.054563760757,1.2532468795859877,0.8820733179797473,0.5467531204140121,0.8155708144803213
9625.104605913162,1.192246449004399,1.024911454325309,0.6077535509956009,0.7141139446747076
9625.154772996902,1.192246449004399,1.1257856673034374,0.6077535509956009,0.6304278993041379
9625.20479273796,1.1178923719307883,1.1958426518213394,0.6821076280692115,0.576671304348626
9625.257699489594,0.9549362574769109,1.1724334412683834,0.8450637425230889,0.566273525492019
9625.30463886261,0.9549362574769109,1.1109164447976276,0.8450637425230889,0.6071835476645231
9625.354738235474,0.7545387660218328,0.9770985612175391,1.045461233978167,0.7300188798363828
9625.404695749283,0.9543688212586492,0.8243623817766258,0.8456311787413506,0.8510814330097136
9625.454712629318,1.0409349264684422,0.7679085592557626,0.7590650735315576,0.976808563033918
9625.504804611206,1.1508188447935923,0.63703385687338,0.6491811552064075,1.1037961775637315
9625.554723978043,1.198978972087191,0.6803579152696133,0.6010210279128089,1.150040354773163
9625.604748725891,1.2152105555335373,0.923829677858572,0.5847894444664625,1.006587560097489
9625.65474319458,1.2152105555335373,1.2030715524525477,0.5847894444664625,0.7797868258190559
9625.704769611359,1.1692203040234697,1.4209869377388133,0.6307796959765303,0.6145095100319053
9625.754735469818,1.0880642816468957,1.5199273516860095,0.7119357183531042,0.5709698082321525
9625.804629087448,1.0880642816468957,1.4546136554524833,0.7119357183531042,0.6459634547703377
9625.854713439941,1.0880642816468957,1.2919295917670321,0.7119357183531042,0.7924895183541624
9625.90471625328,1.0880642816468957,1.1339553746242663,0.7119357183531042,0.9533893118964999
9625.954713344574,0.8880759164735559,0.9745422036406758,0.911924083526444,1.0076669830322516
9626.004719734192,1.0441768618335758,0.8863843618973742,0.7558231381664239,0.9490367333259673
9626.054788589478,1.0441768618335758,0.9083450104884381,0.7558231381664239,0.8472648582518039
9626.104759454727,1.0797993745545165,0.9002703523430374,0.7202006254454834,0.8682218547461011
9626.154752254486,1.0739564134914794,0.9584878359720641,0.7260435865085204,0.9053704818176356
9626.204602718353,1.0531755243075929,1.014870074074943,0.746824475692407,0.8838601021797822
9626.254751443863,1.0531755243075929,1.0555796003394646,0.746824475692407,0.8437596264659655
9626.304618120193,1.0698197365967246,1.061005183794021,0.7301802634032752,0.8244617952053294
9626.35473561287,1.0698197365967246,1.0243083579795071,0.7301802634032752,0.8314230074814992
9626.404827833176,1.0469005178669981,0.971690388087863,0.7530994821330018,0.8681500064253344
9626.454784870148,1.0483760262005966,0.9336515634886388,0.7516239737994032,0.8876994743437601
9626.5047082901,1.0538360133630906,0.9277785147296893,0.7461639866369092,0.9045829687532555
9626.55473446846,1.0538360133630906,0.9470068332577052,0.7461639866369092,0.9053925268894472
9626.604833364487,1.065733879703262,0.9763584035762894,0.7342661202967378,0.8919507048027291
9626.65480852127,1.054404213035577,0.9984906160162239,0.7455957869644227,0.8915236943303313
9626.704745054245,1.054404213035577,1.005840403198946,0.7455957869644227,0.8909606082441365
9626.755021095276,1.0593826014804846,0.9887096437310272,0.7406173985195152,0.8901652029705747
9626.804837226868,1.0593826014804846,0.9564939100442562,0.7406173985195152,0.894334461625315
9626.8546667099,0.8600646693515783,0.9122884687983359,0.9399353306484215,0.9034630535850157
9626.90471792221,0.6598598201084143,0.9229504710627806,1.1401401798915856,0.9155493406823598
9626.954790353775,0.8601495463657385,0.9403164617845968,0.9398504536342613,0.8843788085593458
9627.004853725433,1.0359333955514067,0.9052966201053699,0.7640666044485931,0.9295469657735946
9627.054791688919,1.0263701458911976,0.8126757370381346,0.7736298541088023,1.0262234831866117
9627.10468506813,1.0263701458911976,0.852716873655872,0.7736298541088023,0.995941101015204
9627.154700040817,1.0765986207505542,0.9619720210683906,0.7234013792494457,0.8932791060807446
9627.204852819443,1.0689493478635497,1.0790720735807144,0.7310506521364502,0.8019000639892389
9627.254771471024,1.0257425669959586,1.144858625703535,0.7742574330040413,0.751486414088372
9627.304758787155,1.0257425669959586,1.1627732660198742,0.7742574330040413,0.7510562134075989
9627.354840040207,1.0265469296466487,1.0463749222454262,0.7734530703533511,0.7549460312946616
9627.404699325562,0.9958797048713284,0.9219340557752906,0.8041202951286714,0.8239616864165298
9627.454752445221,1.035423883046505,0.8237615516745636,0.7645761169534948,0.8735452311005818
9627.504797935486,1.035423883046505,0.8129369482146593,0.7645761169534948,0.8983373504912839
9627.554804325104,1.0363509566024847,0.8427000092773518,0.7636490433975152,0.9112224720252509
9627.60468697548,1.0443875806656762,0.9575015633335906,0.7556124193343237,0.8914553979277475
9627.654690265656,1.0327577601741273,1.0538873742472363,0.7672422398258725,0.875766164990897
9627.704808235168,1.0327577601741273,1.1145537353915418,0.7672422398258725,0.8693145395276434
9627.754748106003,1.0327577601741273,1.1204565116415899,0.7672422398258725,0.8635479073866899
9627.804804563522,0.8325319300960023,1.0794535690063412,0.9674680699039975,0.8838482997826824
9627.854809045792,1.019311049585958,1.0246094803874795,0.7806889504140417,0.886333178353742
9627.905169963837,1.019311049585958,0.9456472924065031,0.7806889504140417,0.9120733204623825
9627.954716682434,1.0170882484813617,0.7815770410553731,0.7829117515186381,1.0131539820363795
9628.0048558712,1.038178666264511,0.7082202924390835,0.7618213337354889,1.019063655807877
9628.054690599442,1.0780585529098317,0.7991570792114807,0.7219414470901682,0.9270273724583283
9628.104765415192,1.0780585529098317,0.9795861301964309,0.7219414470901682,0.792771990754157
9628.154820680618,1.0480798883638685,1.1059292051129026,0.7519201116361313,0.7118449100224793
9628.204550981522,1.0315120907241475,1.157696748719185,0.7684879092758523,0.7146150978220208
9628.254688978195,1.0065240314431712,1.133632478098477,0.7934759685568287,0.7695379034929051
9628.304632663727,1.0065240314431712,1.0210381091763039,0.7934759685568287,0.8484907570929255
9628.354708909988,0.9984428228175221,0.9077798083232448,0.8015571771824778,0.8856306465906236
9628.404671430588,0.9984428228175221,0.8307491787006833,0.8015571771824778,0.8784925172010303
9628.454727649689,0.7982179464137135,0.8645563977145092,1.0017820535862865,0.8730953799228397
9628.505087852478,0.5967771352564869,0.9246556540912247,1.203222864743513,0.8091598963692377
9628.554529190063,0.7945424855982838,0.940404612323732,1.0054575144017162,0.7976483732207271
9628.604661941528,0.9950734914576588,0.817496864259633,0.8049265085423412,0.9542059408334609
9628.65458059311,0.9550185699292193,0.7563882595039818,0.8449814300707805,1.0743899455085177
9628.704727172852,0.9550185699292193,0.8242591211463479,0.8449814300707805,1.0273880831151523
9628.75472831726,0.9550185699292193,0.9504972883200217,0.8449814300707805,0.8812925197511667
9628.804584264755,0.755594779951192,1.0054616232443654,1.0444052200488079,0.7938897792516859
9628.85461473465,0.9557166595288287,1.0113888084791471,0.8442833404711712,0.7812664550787942
9628.904676675797,0.9995318492703534,0.8488028395141018,0.8004681507296464,0.8799548784105803
9628.954592943192,1.0143043553369404,0.7573535638319797,0.7856956446630595,0.9119055809691724
9629.004585027695,1.0143043553369404,0.7791588043189293,0.7856956446630595,0.8605087569516364
9629.054587602615,1.0842819721421073,0.870803868830785,0.7157180278578925,0.7972275413690136
9629.104525089264,1.0387245417148794,0.9593638882853692,0.7612754582851204,0.7582408117396161
9629.15450000763,1.0220531335871004,1.019955412357501,0.7779468664128995,0.7281676242521712
9629.20472741127,1.0220531335871004,1.0405660961922716,0.7779468664128995,0.7183645433051173
9629.254757881165,1.0019524343486648,1.0394908891268986,0.7980475656513351,0.7953343891809983
9629.304755449295,1.0013201027765624,0.9854844059758813,0.7986798972234375,0.8776297058001973
9629.35452580452,0.9994230334048634,0.9252622930841481,0.8005769665951364,0.9280726439476902
9629.404860019684,0.9994230334048634,0.9002328446615995,0.8005769665951364,0.8862872836609206
9629.45485329628,1.0013451347408187,0.8622465824285481,0.7986548652591812,0.806574277315838
9629.50478553772,1.002549570972484,0.8572862659168005,0.7974504290275156,0.7441982837561261
9629.554506540298,0.9770652772610029,0.8157170956470403,0.8229347227389969,0.6961241273418721
9629.60481929779,0.9770652772610029,0.8095692686487852,0.8229347227389969,0.6711592093110916
9629.654800891876,0.9663093569751631,0.8092550096124275,0.8336906430248368,0.6875134831071199
9629.704914808273,0.9663093569751631,0.8062247439817141,0.8336906430248368,0.7378569480919945
9629.75481915474,0.9663093569751631,0.8025053335879642,0.8336906430248368,0.8331399525574723
9629.80475139618,0.9663093569751631,0.7958441255207442,0.8336906430248368,0.8920282089247183
9629.854760408401,0.7662733080860029,0.8301969579833357,1.033726691913997,0.9580998646092609
9629.904754161835,0.9662483218189131,0.8438874821178057,0.8337516781810868,0.9619268117024492
9629.954805374146,1.0602754195504231,0.8590511205307938,0.7397245804495767,0.9781413008334872
9630.00480556488,1.0727753648542977,0.7680233474676239,0.7272246351457021,1.1130431293092717
9630.054770469666,1.1369281149614752,0.7379822548426781,0.6630718850385247,1.1673497318736035
9630.104765176773,1.1903943109947905,0.8517725425790881,0.6096056890052093,1.0856665072266336
9630.155804872513,1.1903943109947905,1.0469126924692798,0.6096056890052093,0.9146553193601634
9630.204861879349,1.1638162603332787,1.2258201965625004,0.6361837396667211,0.7280715530540705
9630.254661560059,1.1304657610302684,1.2908388803816409,0.6695342389697314,0.6088053617033777
9630.304507732391,1.089709180861488,1.2475921355634894,0.7102908191385118,0.6076450240547688
9630.35458612442,1.089709180861488,1.1263432232004393,0.7102908191385118,0.684627896258899
9630.404691696167,1.04314272439495,1.0000222013281101,0.7568572756050498,0.7906767913256889
9630.454585552216,1.0143606522497246,0.9337850601394051,0.7856393477502753,0.8752062102039386
9630.50472664833,1.0672061897775813,0.9381116696924832,0.7327938102224185,0.9128652946905993
9630.554548025131,1.0672061897775813,0.9562628341459345,0.7327938102224185,0.91945421231115
9630.604650974274,1.0577848259782245,0.9635776831892648,0.7422151740217753,0.864812691923347
9630.65454173088,1.0075004622926904,0.9420745857067413,0.7924995377073094,0.787125465839994
9630.704638957977,1.0314345273724435,0.9415733654799762,0.7685654726275564,0.7843728724372001
9630.754572153091,1.0314345273724435,0.9180998124898445,0.7685654726275564,0.8454087542266231
9630.804640054703,1.036514492693086,0.9136252302487244,0.7634855073069138,0.9135774576701134
9630.854636192322,1.0698479139642723,0.9242060982665855,0.7301520860357276,0.9444922067178754
9630.904801368713,1.0759109597366359,0.9677526999764956,0.724089040263364,0.932719821600442
9630.954720973969,1.0759109597366359,1.0105775612325663,0.724089040263364,0.8902844625240534
9631.004610061646,1.0589021534251182,1.0022193581246566,0.7410978465748816,0.8424900926658858
9631.054723501205,1.0690567618355817,0.9974105450051987,0.7309432381644181,0.8149616726938254
9631.10462474823,1.0541533378425318,0.9853367576314674,0.745846662157468,0.8322617486251604
9631.154754161835,1.0541533378425318,0.967130926942122,0.745846662157468,0.8718501141715007
9631.204792261124,1.0485781125557005,0.9491182783944458,0.7514218874442994,0.9068338374274239
9631.254835367203,1.0771119762196073,0.9525100600542455,0.7228880237803925,0.9120194494710722
9631.304750919342,1.0478960476878152,0.9741360930855929,0.7521039523121847,0.9148773949141392
9631.354747533798,1.0515833367542848,0.9682891746135661,0.7484166632457149,0.8873977756784591
9631.407712697983,1.0515833367542848,0.9479331629194776,0.7484166632457149,0.8513368664843881
9631.454853057861,1.0515833367542848,0.9311223860997424,0.7484166632457149,0.8459353267668381
9631.504794359207,0.851818131370984,0.9339546455056118,0.9481818686290157,0.8527754266089926
9631.554629564285,1.051158951683484,0.9197849489164254,0.7488410483165157,0.8509719464093222
9631.604557037354,1.058430519204021,0.8466887303678478,0.7415694807959787,0.9364425072518506
9631.654772520065,1.058430519204021,0.7812526004605462,0.7415694807959787,1.013304408159704
9631.704754829407,1.087451882070491,0.7912977496538032,0.7125481179295088,1.075607896721429
9631.754674911499,1.1071386279076971,0.8703122434527921,0.6928613720923027,0.9889934376034974
9631.80484008789,1.1071386279076971,1.0193924151961058,0.6928613720923027,0.8304172390158358
9631.854833126068,1.08006243387004,1.1255887714542405,0.7199375661299598,0.7160481035753029
9631.904901266098,1.0813122350221145,1.1442869985407873,0.7186877649778853,0.688483522655151
9631.95474743843,1.0556294911356612,1.099337433015333,0.7443705088643386,0.7263242553430492
9632.004518032074,1.0556294911356612,0.9881760958081578,0.7443705088643386,0.7865714985403189
9632.054843187332,1.0556294911356612,0.8971587353913579,0.7443705088643386,0.8615410026886261
9632.10482287407,0.855710744187419,0.8664686703909132,0.9442892558125808,0.9099900566450905
9632.154740333557,1.0553805821390791,0.8646923431478272,0.7446194178609207,0.8964554921237999
9632.204651594162,1.1008301460377254,0.8653279636641382,0.6991698539622744,0.8923146839898243
9632.254521608353,1.1058042593664674,0.7506637273194803,0.6941957406335324,1.0092859047399072
9632.30469417572,1.1009899914433228,0.71935306422576,0.6990100085566772,1.0649558273939888
9632.354657649994,1.1397488897160957,0.7903757158493925,0.6602511102839042,0.9692245877261854
9632.404664516449,1.1397488897160957,0.9664456676331494,0.6602511102839042,0.8324573262861692
9632.454565048218,1.130507805750225,1.086008108766818,0.6694921942497749,0.7227755269169088
9632.504558324814,1.1052368229661553,1.1181634272737304,0.6947631770338445,0.6781475715908746
9632.554676294327,1.0784319614372964,1.0712454392529607,0.7215680385627035,0.7151845374014381
9632.604718446732,1.0784319614372964,1.0136578777080922,0.7215680385627035,0.7926373414387609
9632.65453696251,1.069178414808131,0.9775882374756151,0.7308215851918689,0.8505754565783848
9632.704615592957,1.1063036762545198,0.9602777151410322,0.6936963237454801,0.8764915095182124
9632.75456404686,1.0882689590488084,0.9503905888132289,0.7117310409511916,0.8356817302612733
9632.805794239044,1.0882689590488084,0.9787432592772973,0.7117310409511916,0.8094393540921785
9632.854569673538,1.08949491541575,0.9765213218330215,0.7105050845842498,0.7894066237033479
9632.904553413391,1.084638769422165,0.9799982221245362,0.7153612305778347,0.7985891793711568
9632.954542398453,1.0736012628980944,0.9673419205422257,0.7263987371019053,0.8164668713048786
9633.004596233368,1.0736012628980944,0.9386777141597886,0.7263987371019053,0.8369616019976982
9633.054513931274,1.0701130332748945,0.9468584558572894,0.7298869667251053,0.8646946650118654
9633.104643821716,1.091575982524693,0.9299243510200926,0.7084240174753069,0.8521903813375601
9633.154651403427,1.0778793758622967,0.8944382507956392,0.7221206241377032,0.8323585269627656
9633.204721450806,1.0778793758622967,0.8834330715902937,0.7221206241377032,0.792637460629142
9633.254643917084,1.0724336338498393,0.9376318911851034,0.7275663661501606,0.780957295846938
9633.304729223251,1.0931815170684795,0.9835756337726465,0.7068184829315203,0.7960161056232447
9633.354719400406,1.0598796682096003,1.0226920693904524,0.7401203317903995,0.8121357734004973
9633.40485405922,1.0598796682096003,0.9990588015242945,0.7401203317903995,0.8136643639207
9633.454762458801,1.0702364243475426,0.9719467587205599,0.7297635756524572,0.8096799613595049
9633.504808425903,1.0810111665130577,0.9556914267635166,0.718988833486942,0.8332115231118217
9633.554730892181,0.881321301400753,0.9301447593341763,0.9186786985992467,0.835742917710362
9633.604701519012,0.6814387940765343,0.9222710605801521,1.1185612059234655,0.8292520619823283
9633.654669046402,0.4815686845184288,0.9357102516773239,1.318431315481571,0.8366934935114532
9633.704790353775,0.2810834550262413,0.8940264059358678,1.5189165449737585,0.9070882611225277
9633.754703998566,0.480738034188839,0.7543847801656904,1.3192619658111608,1.091152742365011
9633.804863214493,0.6813748978973351,0.5534398547066944,1.1186251021026647,1.281238906929138
9633.854609012604,0.4823917054534874,0.36248744814111106,1.3176082945465124,1.4606989121493972
9633.904717683792,0.28195702070006945,0.37061348660652627,1.5180429792999304,1.4018807564755897
9633.954703330994,0.0820144318939171,0.6078277627367906,1.7179855681060827,1.1469875891654713
9634.004788637161,-0.11832679277649305,0.827547807684152,1.9183267927764929,0.9551174754970917
9634.054560899734,-0.3174158430694618,0.8257990858044417,2.1174158430694616,0.9473239915993327
9634.104768514633,-0.5182463026641884,0.7489188540629264,2.318246302664188,1.0039933882609913
9634.154792070389,-0.6562028546712124,0.7489188540629264,2.4562028546712122,1.0039933882609913
9634.204959630966,-0.6153698247096933,0.7489188540629264,2.415369824709693,1.0039933882609913
9634.254718780518,-0.48973971054009824,-0.4505716852096759,2.289739710540098,1.7262678931960038
9634.304722309113,-0.48973971054009824,-0.4505716852096759,2.289739710540098,1.7262678931960038
9634.354604959488,-0.503093545089532,-1.0443256689928966,2.303093545089532,2.1341950962632463
9634.404721736908,-0.503093545089532,-1.0443256689928966,2.303093545089532,2.1341950962632463
9634.454647779465,-0.503093545089532,-0.2676139932870543,2.303093545089532,1.7221610958523614
9634.504725694656,-0.503093545089532,-0.16056839597223257,2.303093545089532,1.6460531482188143
9634.554926395416,-0.503093545089532,-0.16056839597223257,2.303093545089532,1.6460531482188143
9634.604694128036,-0.503093545089532,-0.020809664118001336,2.303093545089532,1.3456186210085783
9634.654480934143,-0.30394632066326244,-0.020809664118001336,2.1039463206632623,1.3456186210085783
9634.704880475998,-0.10234815324382884,-0.020809664118001336,1.9023481532438287,1.3456186210085783
9634.754549503326,-0.004371362794017508,-0.020809664118001336,1.8043713627940172,1.3456186210085783
9634.804790496826,0.08624910611590642,-0.020809664118001336,1.7137508938840935,1.3456186210085783
9634.854727983475,0.08624910611590642,-0.020809664118001336,1.7137508938840935,1.3456186210085783
9634.904786586761,0.1137454983517946,-0.00012582808130599533,1.6862545016482051,1.2097794427626272
9634.954742193222,0.1823610068313657,-7.54968487835972e-05,1.6176389931686341,1.137046743282851
9635.004730701447,0.1823610068313657,-7.54968487835972e-05,1.6176389931686341,1.137046743282851
9635.05451130867,0.16412307104717494,0.595060350034785,1.635876928952825,1.005642477766784
9635.10464310646,0.16412307104717494,0.595060350034785,1.635876928952825,1.005642477766784
9635.15471482277,0.36440993628154994,0.8582647252150635,1.43559006371845,1.0236922174958947
9635.20470738411,0.5643801816428781,0.8765232090990698,1.2356198183571219,1.0119361323278286
9635.254768371582,0.7646241315330148,0.8765232090990698,1.0353758684669851,1.0119361323278286
9635.304601430893,0.5652918942893624,0.6726494537269704,1.2347081057106375,1.0886283939757395
9635.354830741882,0.3643746503318429,0.6388710681483526,1.435625349668157,1.0547780290650397
9635.40476179123,0.3218042954692145,0.6388710681483526,1.4781957045307852,1.0547780290650397
9635.454755067825,0.3218042954692145,0.9753997816765623,1.4781957045307852,0.6695401634747299
9635.504764795303,0.3160374090240402,0.9753997816765623,1.4839625909759597,0.6695401634747299
9635.554726362228,0.3160374090240402,0.9753997816765623,1.4839625909759597,0.6695401634747299
9635.60501074791,0.3160374090240402,1.015501457102556,1.4839625909759597,0.6439722279295035
9635.654688358307,0.5147478506133957,0.829656639585177,1.2852521493866043,0.9853921311378304
9635.704730272293,0.7149155065582199,0.829656639585177,1.08508449344178,0.9853921311378304
9635.75472331047,0.9148876592681808,0.829656639585177,0.8851123407318191,0.9853921311378304
9635.804751873016,0.7147734090850754,0.5467897059200396,1.0852265909149246,1.2055540541665535
9635.854653835297,0.9143812582061691,0.5467897059200396,0.8856187417938308,1.2055540541665535
9635.904709100723,1.114602319912712,0.5467897059200396,0.6853976800872879,1.2055540541665535
9635.95474934578,1.3147633001373213,0.5467897059200396,0.4852366998626785,1.2055540541665535
9636.004650354385,1.5143673345611495,1.1194631247361122,0.28563266543885035,0.5048262772386001
9636.05475139618,1.7147715017364424,1.1194631247361122,0.08522849826355738,0.5048262772386001
9636.104767799377,1.9148371145294112,1.1194631247361122,-0.11483711452941137,0.5048262772386001
9636.154523611069,2.113860361294548,1.7667902173542718,-0.3138603612945481,0.30858468045891807
9636.204801082611,2.119486267101503,1.7667902173542718,-0.3194862671015031,0.30858468045891807
9636.254736423492,2.119486267101503,1.7667902173542718,-0.3194862671015031,0.30858468045891807
9636.304755210876,2.3195614166376357,2.000155336495444,-0.5195614166376359,-0.31657214658534116
9636.35473561287,2.1196398086664443,1.9568474333502084,-0.3196398086664445,-0.4103167873446678
9636.404760837555,1.9195389099237685,1.9568474333502084,-0.1195389099237687,-0.4103167873446678
9636.454486370087,1.7206367797968154,1.8978127205774684,0.07936322020318443,-0.5573798909728801
9636.50462770462,1.5200714416620498,1.8304260232690273,0.27992855833795005,-0.5272074815598176
9636.554762363434,1.3195328064081435,1.8304260232690273,0.4804671935918563,-0.5272074815598176
9636.605452299118,1.1167730636713271,1.2082351923704249,0.6832269363286727,0.3577203096285505
9636.65474653244,0.9195961303827529,1.0447865325641694,0.8804038696172469,0.6112404907545473
9636.704716920853,0.7197145767328506,1.0447865325641694,1.0802854232671493,0.6112404907545473
9636.754978656769,0.5186676330682998,0.8671113728542366,1.2813323669317,0.9303830292702333
9636.80473613739,0.3196377105829482,0.39297901962316495,1.4803622894170516,1.759695533101781
9636.854770421982,0.23909651821092448,0.39297901962316495,1.5609034817890755,1.759695533101781
9636.904814004898,0.23909651821092448,0.39297901962316495,1.5609034817890755,1.759695533101781
9636.95473074913,0.3234426281656728,0.40111878750221003,1.476557371834327,1.8299409568588973
9637.0047352314,0.3234426281656728,0.40111878750221003,1.476557371834327,1.8299409568588973
9637.054834842682,0.3234426281656728,0.40111878750221003,1.476557371834327,1.8299409568588973
9637.104555368423,0.39333828984143193,0.6048983924707633,1.406661710158568,1.3458544274011284
9637.154829740524,0.39333828984143193,0.6048983924707633,1.406661710158568,1.3458544274011284
9637.204721212387,0.39333828984143193,0.6048983924707633,1.406661710158568,1.3458544274011284
9637.254671096802,0.39333828984143193,0.7247746789689706,1.406661710158568,0.9225073475444963
9637.304736375809,0.39333828984143193,0.7247746789689706,1.406661710158568,0.9225073475444963
9637.35480761528,0.39333828984143193,0.7247746789689706,1.406661710158568,0.9225073475444963
9637.404622554779,0.39333828984143193,0.7309087581411231,1.406661710158568,0.9593155539201647
9637.45483994484,0.39333828984143193,0.7228981415614621,1.406661710158568,1.004801211128649
9637.504733085632,0.39333828984143193,0.7228981415614621,1.406661710158568,1.004801211128649
9637.5546169281,0.0,0.6274430844101904,0.0,1.224147097156699
9637.604760885239,0.0,0.6274430844101904,0.0,1.224147097156699
9637.654723405838,0.0,0.6274430844101904,0.0,1.224147097156699
9637.70470237732,0.0,0.6538859008823015,0.0,1.1595892896042557
9637.754660606384,0.0,0.6519523977681504,0.0,1.1298071974388535
9637.80478811264,0.0,0.6519523977681504,0.0,1.1298071974388535
9637.854729652405,0.0,0.07460782743573235,0.0,-0.3855583328932654
9637.904727697372,0.0,0.07460782743573235,0.0,-0.3855583328932654
9637.95483660698,0.0,0.07460782743573235,0.0,-0.3855583328932654
9638.004715204239,0.0,-0.04283198300495061,0.0,-0.8241167721160892
9638.054656744003,0.0,-0.04283198300495061,0.0,-0.8241167721160892
9638.10479092598,0.0,-0.02280202889476986,0.0,-0.5198917792155213
9638.154749631882,0.0,-0.02280202889476986,0.0,-0.5198917792155213
9638.204707145691,0.0,-0.02280202889476986,0.0,-0.5198917792155213
9647.204743623734,0.19989585876464844,6.082755388797692e-83,0.19989585876464844,-5.013448672206654e-77
9647.254844665527,0.4003000259399414,2.189791939967169e-83,0.4003000259399414,-1.8048415219943952e-77
9647.304682970047,0.5996532440185547,0.19160020112991333,0.5996532440185547,0.12773346334695818
9647.354778766632,0.0,0.49741538438796995,0.0,0.34402878557443617
9647.404773950577,0.0,0.8137451722869873,0.0,0.5363229923539161
9647.454672574997,0.0,0.8757321708673096,0.0,0.5443432967576789
9647.504658222198,0.0,0.3405441620328613,0.0,0.11879128542113568
9647.554705142975,0.0,-0.07166540461616801,0.0,-0.12621586146389868
9647.6048681736,0.0,-0.19078860046090038,0.0,-0.18514618917382514
9647.65467619896,0.0,-0.116988897126751,0.0,-0.10772634140518936
9647.704753637314,0.20030975341796875,-0.02427444465822108,0.20030975341796875,-0.04331747251820909
9647.754753351212,0.40030860900878906,0.012550109835149788,0.40030860900878906,-0.015594290106555272
9647.80492401123,0.6009912490844727,0.19744879336774895,0.6009912490844727,0.13941675433788522
9647.854907751083,0.8009262084960938,0.5101653444705745,0.8009262084960938,0.3256153095100182
9647.90487408638,1.0007915496826172,0.7797490015484694,1.0007915496826172,0.48445520740749326
9647.954771518707,1.2003812789916992,0.9779214473315885,1.2003812789916992,0.6427599165749618
9648.004951238632,1.4011001586914062,1.1596997408300214,1.4011001586914062,0.8634080901352907
9648.05490899086,1.600931167602539,1.3089650092683878,1.600931167602539,1.095855465457738
9648.10468864441,1.8000497817993164,1.4478561932383531,1.8000497817993164,1.2660227170917633
9648.154540538788,1.9994573593139648,1.6215987606479605,1.9994573593139648,1.4603386527776685
9648.204809188843,2.2005319595336914,1.7816861583101944,2.2005319595336914,1.605366456740378
9648.254750728607,2.4002981185913086,1.9270576088419507,2.4002981185913086,1.751316762530784
9648.30450797081,2.5993270874023438,2.07430014546362,2.5993270874023438,1.9349102079501082
9648.354730129242,2.800215721130371,2.294684644468954,2.800215721130371,2.1779210054742215
9648.404723405838,3.0001888275146484,2.467533081505894,3.0001888275146484,2.462600212712297
9648.454538583755,3.1994495391845703,2.590094193125081,3.1994495391845703,2.6841184072801623
9648.504749774933,3.400294303894043,2.7206756583348435,3.400294303894043,2.839241696826547
9648.554786682129,3.5999999999999996,2.8831630436716864,3.5999999999999996,2.9783014798516976
9648.604670286179,3.5999999999999996,3.0244601495792294,3.5999999999999996,3.0214543942578413
9648.65468454361,3.5999999999999996,3.167384965219372,3.5999999999999996,3.0915838552940293
9648.704781293869,3.5999999999999996,3.343597458481171,3.5999999999999996,3.273541095498624
9648.754529953003,3.5999999999999996,3.3368692374274893,3.5999999999999996,3.333342844001087
9648.804791688919,3.5999999999999996,3.284426068402973,3.5999999999999996,3.3191925050324076
9648.854706287384,3.5999999999999996,3.32356643264448,3.5999999999999996,3.2646928940357878
9648.904843091965,3.5999999999999996,3.3709209427295517,3.5999999999999996,3.218666612415628
9648.954741239548,3.5999999999999996,3.3840024828335666,3.5999999999999996,3.2260728094491182
9649.00463795662,3.5999999999999996,3.3036329970152742,3.5999999999999996,3.138030813223582
9649.054586410522,3.5999999999999996,3.3138602242013775,3.5999999999999996,3.1327577278923253
9649.104718923569,3.5999999999999996,3.3333356180871108,3.5999999999999996,3.1957489398664984
9649.154700994492,3.5999999999999996,3.3333356180871108,3.5999999999999996,3.1957489398664984
9649.204511165619,3.5999999999999996,3.3192538603663935,3.5999999999999996,3.436809733403279
9649.254746198654,3.5999999999999996,3.3192538603663935,3.5999999999999996,3.436809733403279
9649.30473947525,3.5999999999999996,3.3192538603663935,3.5999999999999996,3.436809733403279
9649.354515314102,3.5999999999999996,3.330237736603517,3.5999999999999996,3.295735960601595
9649.404804706573,3.5999999999999996,3.330237736603517,3.5999999999999996,3.295735960601595
9649.454591035843,3.5999999999999996,3.364735791601537,3.5999999999999996,3.2938047968266537
9649.504633903503,3.5999999999999996,3.364735791601537,3.5999999999999996,3.2938047968266537
9649.554718732834,3.5999999999999996,3.364735791601537,3.5999999999999996,3.2938047968266537
9649.605876207352,3.5999999999999996,3.2366095156503345,3.5999999999999996,3.288164267159827
9649.654671430588,3.5999999999999996,3.2059947354216947,3.5999999999999996,3.2796955402000707
9649.704751253128,3.5999999999999996,3.2059947354216947,3.5999999999999996,3.2796955402000707
9649.754769086838,3.5999999999999996,3.4661000630867185,3.5999999999999996,3.3739210967177984
9649.804644584656,3.5999999999999996,3.4661000630867185,3.5999999999999996,3.3739210967177984
9649.854789733887,3.5999999999999996,3.4661000630867185,3.5999999999999996,3.3739210967177984
9649.90471625328,3.5999999999999996,3.4934640506926105,3.5999999999999996,3.2853840180702534
9649.954579353333,3.5999999999999996,3.4704037058367088,3.5999999999999996,3.1573519223015025
9650.004823684692,3.5999999999999996,3.4704037058367088,3.5999999999999996,3.1573519223015025
9650.054558515549,3.5999999999999996,2.7222493226426567,3.5999999999999996,1.797803393304416
9650.104544401169,3.5999999999999996,2.7222493226426567,3.5999999999999996,1.797803393304416
9650.154668092728,3.5999999999999996,2.4712957222212024,3.5999999999999996,1.799704081368932
9650.20475268364,3.5999999999999996,2.4712957222212024,3.5999999999999996,1.799704081368932
9650.254974842072,3.5999999999999996,2.4712957222212024,3.5999999999999996,1.799704081368932
9650.304696798325,3.5999999999999996,3.3637075375897316,3.5999999999999996,2.9159257580627926
9650.354612588882,3.5999999999999996,3.3637075375897316,3.5999999999999996,2.9159257580627926
9650.405036449432,3.5999999999999996,3.3637075375897316,3.5999999999999996,2.9159257580627926
9650.454594135284,0.0,3.7524419733022993,0.0,3.7299176263358187
9650.50469827652,0.0,3.7524419733022993,0.0,3.7299176263358187
9650.554745435715,0.0,3.7524419733022993,0.0,3.7299176263358187
9650.604534626007,0.0,3.2979043201880813,0.0,3.419386332611726
9650.654747962952,0.0,2.11595628120167,0.0,2.2470573457363168
9650.704639434814,0.0,2.11595628120167,0.0,2.2470573457363168
9650.754726409912,0.0,2.11595628120167,0.0,2.2470573457363168
9650.804661750793,0.0,-1.9458935688510663,0.0,-1.769865213577943
9650.85478758812,0.0,-2.0482741135701614,0.0,-1.8972972027927617
9650.904858827591,0.0,-2.0482741135701614,0.0,-1.8972972027927617
9650.954861164093,0.0,-2.053331228396003,0.0,-1.919357382802366
9651.00474357605,0.0,-0.3182699266770499,0.0,-0.4842134214605736
9651.054788351059,0.0,-0.3182699266770499,0.0,-0.4842134214605736
9651.104659080505,0.0,-0.3182699266770499,0.0,-0.4842134214605736
9651.15480875969,0.0,1.2842091000247322,0.0,0.9455792353121418
9651.204760789871,0.0,1.2842091000247322,0.0,0.9455792353121418
9651.254712104797,0.0,1.2842091000247322,0.0,0.9455792353121418
9651.304641723633,0.0,-0.12353245647324869,0.0,0.03013945352752323
9651.354616880417,0.0,-0.12353245647324869,0.0,0.03013945352752323
9651.404542922974,0.0,-0.12353245647324869,0.0,0.03013945352752323
9651.45478272438,0.0,-0.7138240023312996,0.0,-0.5209875723270267
9651.504606962204,0.0,-0.7138240023312996,0.0,-0.5209875723270267
9651.55476641655,0.0,-0.7138240023312996,0.0,-0.5209875723270267
9651.604686021805,0.0,-0.07624507087807655,0.0,-0.14945767102609803
9651.65468621254,0.0,0.06909269012009621,0.0,-0.061954665723268555
9651.704692602158,0.0,0.06909269012009621,0.0,-0.061954665723268555
9651.7548122406,0.0,0.35589114856030124,0.0,0.07974902044108509
9651.804717063904,0.0,0.28006253261152253,0.0,0.06685736775619387
9651.854713439941,0.0,0.28006253261152253,0.0,0.06685736775619387
9651.904959917068,0.0,0.28006253261152253,0.0,0.06685736775619387
9651.954628944397,0.0,-0.06118759699603346,0.0,0.002224296962275419
9652.004851102829,0.0,-0.06118759699603346,0.0,0.002224296962275419
9652.05478143692,0.0,-0.06118759699603346,0.0,0.002224296962275419
9652.104626893997,0.0,-0.07534615507110505,0.0,0.00010377679907192193
9652.154723405838,0.0,-0.07534615507110505,0.0,0.00010377679907192193
9652.204799890518,0.0,-0.07534615507110505,0.0,0.00010377679907192193
9657.054981708527,0.0,-0.030685451805591586,0.0,-0.0035639917105436325
9657.104703903198,0.0,-0.02542701218008995,0.0,-0.0012830370157957077
9657.154584169388,0.0,-0.013689713997173308,0.0,0.011858077550292015
9719.104637145996,-0.1996002197265625,-5e-324,0.1996002197265625,-5e-324
9719.154557943344,-0.39928340911865234,-5e-324,0.39928340911865234,-5e-324
9719.204540729523,-0.5992145538330078,-5e-324,0.5992145538330078,-5e-324
9719.254525184631,-0.7991523742675781,-0.18316479921340945,0.7991523742675781,0.1516067209839821
9719.304627895355,-0.9995632171630859,-0.454444872379303,0.9995632171630859,0.41227219783067703
9719.354788064957,-1.2002038955688477,-0.6663971306228638,1.2002038955688477,0.6281861029248238
9719.404525756836,-1.3991546630859375,-0.725760928202057,1.3991546630859375,0.7735688100641059
9719.454794168472,0.0,-0.7269133966237489,0.0,0.87224579371399
9719.504534482956,0.0,-0.7947303929711647,0.0,0.9317451161767947
9719.554505586624,0.0,-0.3219256292147135,0.0,0.35397927317473554
9719.604558944702,0.0,0.19192599211826222,0.0,-0.20623018376784352
9719.654552459717,0.0,0.40713256342897763,0.0,-0.4423059917667752
9719.704525470734,0.0,0.3173673257006048,0.0,-0.3559577022974221
9719.754814863205,0.0,0.12672620835087914,0.0,-0.14253781679217317
9719.804766654968,0.0,0.045621435006316484,0.0,-0.05131361404518234
9719.85454750061,0.0,0.016423716602273934,0.0,-0.01847290105626564
9719.904518604279,0.0,0.013895879193859633,0.0,-0.010641914988776138
9721.004740953445,-0.20020389556884766,4.012266727505177e-12,0.20020389556884766,-3.072723994698569e-12
9721.054646253586,-0.3998250961303711,1.4444160219018636e-12,0.3998250961303711,-1.1061806380914846e-12
9721.104539632797,-0.5993986129760742,-0.0237599439913795,0.5993986129760742,0.031679925322134435
9721.154712677002,-0.8000907897949219,-0.1357851532993829,0.8000907897949219,0.16302728188023538
9721.204567193985,-0.9995088577270508,-0.2677125385247987,0.9995088577270508,0.32023992013449276
9721.254735469818,-1.2001819610595703,-0.4111597889963384,1.2001819610595703,0.48442950679605534
9721.30475616455,-1.4002647399902344,-0.5256019814361428,1.4002647399902344,0.5542597132935954
9721.35475230217,-1.6002492904663086,-0.624526297457789,1.6002492904663086,0.6017923912292062
9721.404730081558,-1.8001604080200195,-0.6892449958590655,1.8001604080200195,0.7020426521617892
9721.454727649689,-2.000150680541992,-0.7905149163055892,2.000150680541992,0.9003038428992769
9721.504695653915,0.0,-0.9864541376083544,0.0,1.0858531888522176
9721.554646253586,0.0,-1.1603875810307067,0.0,1.250779524905591
9721.604875326157,0.0,-1.0308120925808597,0.0,1.0601192106472643
9721.654714345932,0.0,-0.09699763225023678,0.0,0.11420098506214113
9721.704681873322,0.0,0.4762918995624612,0.0,-0.5097936312098436
9721.754619598389,0.0,0.7190404098083674,0.0,-0.7841953725721524
9721.804781675339,0.0,0.5148421243733203,0.0,-0.611092869917372
9721.854778051376,0.0,0.18073739019296298,0.0,-0.2583748821544
9726.154666900635,-0.19937992095947266,-2.570607532640662e-41,0.19937992095947266,-2.486192437649899e-39
9726.204751968384,-0.3997201919555664,-2.570607532640662e-41,0.3997201919555664,-2.486192437649899e-39
9726.254856586456,-0.6001386642456055,-2.570607532640662e-41,0.6001386642456055,-2.486192437649899e-39
9726.304634571075,-0.799250602722168,-7.196055902572962e-43,0.799250602722168,-6.959747662259619e-41
9726.354907751083,-1.0003433227539062,-4.317633541543777e-43,1.0003433227539062,-4.1758485973557713e-41
9726.404913187027,-1.2003650665283203,-4.317633541543777e-43,1.2003650665283203,-4.1758485973557713e-41
9726.454583406448,-1.3990459442138672,-0.5355707641339302,1.3990459442138672,0.5458238219249248
9726.5047519207,0.0,-0.6851115478001595,0.0,0.7054345856318951
9726.554873228073,0.0,-0.6851115478001595,0.0,0.7054345856318951
9726.604517698288,0.0,-0.0933567204891898,0.0,0.09600682322545204
9726.654523611069,0.0,0.14356951005344049,0.0,-0.1253474815823832
9726.704846382141,0.0,0.14356951005344049,0.0,-0.1253474815823832
9726.754658699036,0.0,0.23200258872991947,0.0,-0.30609854159080097
9726.804825305939,0.0,-0.010891751872979749,0.0,-0.07818815170123046
9726.854851484299,0.0,-0.010891751872979749,0.0,-0.07818815170123046
9726.904876947403,0.0,-0.010891751872979749,0.0,-0.07818815170123046
9727.104854822159,0.0,0.014611241730143847,0.0,-0.0123782273180351
9727.1548037529,0.0,0.014611241730143847,0.0,-0.0123782273180351
9727.204708099365,0.0,0.014611241730143847,0.0,-0.0123782273180351
9727.404561042786,-0.19912433624267578,0.0005197063952283584,0.19912433624267578,-0.002166574930068324
9727.4547290802,-0.3997964859008789,0.0005197063952283584,0.3997964859008789,-0.002166574930068324
9727.504748344421,-0.5998735427856445,0.0005197063952283584,0.5998735427856445,-0.002166574930068324
9727.55486869812,-0.8003549575805664,0.0005197063952283584,0.8003549575805664,-0.002166574930068324
9727.604582071304,-0.9992084503173828,-0.04276266668954423,0.9992084503173828,0.06721880947737993
9727.654826641083,-1.2001867294311523,-0.04594047799538929,1.2001867294311523,0.0646707410525626
9727.704860687256,-1.4003229141235352,-0.04594047799538929,1.4003229141235352,0.0646707410525626
9727.754769086838,0.0,-0.3275564841851839,0.0,0.23344618742826645
9727.804745197296,0.0,-0.4658132632032185,0.0,0.36182719865538515
9727.854912042618,0.0,-0.4658132632032185,0.0,0.36182719865538515
9727.90467119217,0.0,-0.6534464653988712,0.0,0.7128858872921651
9727.954849720001,0.0,-0.30890807452261637,0.0,0.402783592562162
9728.004853725433,0.0,-0.30890807452261637,0.0,0.402783592562162
9728.054546833038,0.0,0.4324746917024682,0.0,-0.35679461217246733
9728.10440993309,0.0,0.4348186012626444,0.0,-0.4495152437316976
9728.154767036438,0.0,0.38941086271528924,0.0,-0.42846878192589294
9728.20481300354,0.0,0.38941086271528924,0.0,-0.42846878192589294
9728.254786014557,0.0,0.38941086271528924,0.0,-0.42846878192589294
9731.05459856987,-0.19933509826660156,4.216779076015407e-25,0.19933509826660156,-5.597796392010117e-27
9731.104758024216,-0.39997291564941406,1.5180404673655467e-25,0.39997291564941406,-2.015206701123642e-27
9731.154731988907,-0.5998687744140625,5.464945682515967e-26,0.5998687744140625,-7.254744124045111e-28
9731.204795837402,-0.8001241683959961,-0.02661113739013672,0.8001241683959961,0.01330556869506836
9731.254663944244,-0.9995965957641602,-0.17723017859458923,0.9995965957641602,0.07930118942260742
9731.304872274399,-1.200429916381836,-0.3243361375141144,1.200429916381836,0.17480733670234683
9731.354753255844,-1.399953842163086,-0.4717192481067658,1.399953842163086,0.3030747068313599
9731.404623746872,0.0,-0.5743578039445953,0.0,0.47611196252302557
9731.45470380783,0.0,-0.6308838223041944,0.0,0.6354320195171699
9731.50482058525,0.0,-0.6635408328040309,0.0,0.8434728078908967
9731.554686546326,0.0,-0.16940901789893628,0.0,0.3587110102606027
9731.60475897789,0.0,0.25158801038087636,0.0,-0.15827136062030048
9731.654578447342,0.0,0.46645400294907535,0.0,-0.47277671154419443
9731.7048163414,0.0,0.40393123341529724,0.0,-0.4920186879256244
9731.754759788513,0.0,0.20714358143661912,0.0,-0.31431664700575623
9731.804848194122,0.0,0.06981970051880297,0.0,-0.11790598172045214
9731.854642868042,0.0,0.025135092186769067,0.0,-0.04244615341936277
9731.904690265656,0.0,0.015701417534771042,0.0,-0.015280615230970594
9823.55477976799,-0.20012474060058594,5e-324,0.20012474060058594,-5e-324
9823.60458612442,-0.3993501663208008,5e-324,0.3993501663208008,-5e-324
9823.654574394226,-0.5993032455444336,-0.022679948061704636,0.5993032455444336,0.007559982687234879
9823.704530000687,-0.7991256713867188,-0.0959445785433054,0.7991256713867188,0.020277552917599678
9823.754742383957,-0.9999752044677734,-0.22937159958899023,0.9999752044677734,0.14035560927927493
9823.80475640297,-1.2000312805175781,-0.3288905097450018,1.2000312805175781,0.2089530780442953
9823.854719638824,-1.3998842239379883,-0.4982605463520212,1.3998842239379883,0.4593434531468287
9823.904555082321,-1.5992259979248047,-0.5550563926549741,1.5992259979248047,0.6347775029770661
9823.95486497879,-1.8004655838012695,-0.6590701426397989,1.8004655838012695,0.785240038177226
9824.004751682281,-2.0000123977661133,-0.704321359713747,2.0000123977661133,0.8433831596021975
9824.054741382599,-2.1999711990356445,-0.9263986727256505,2.1999711990356445,0.9941449446029809
9824.104609489441,-2.3994436264038086,-1.145697619223318,2.3994436264038086,1.0485145550685173
9824.154827356339,-2.6003150939941406,-1.3562145253552396,2.6003150939941406,1.3135152280944722
9824.204778432846,-2.800119400024414,-1.5320839603137995,2.800119400024414,1.5787953145725062
9824.254763841629,0.0,-1.6973075194141396,0.0,1.640203814771981
9824.304564237595,0.0,-1.889885944949906,0.0,1.8652102450372734
9824.354803323746,0.0,-0.8711334560491995,0.0,0.9636197161617979
9824.404783725739,-0.008553237246486205,0.29701520821410343,0.008553237246486205,-0.20778559189046256
9824.454711675644,-0.20826503686806824,0.6181835692678377,-0.19115856237509582,-0.6152716536796266
9824.504708766937,-0.4082534020414081,0.19610126983718223,-0.39114692754843566,-0.2368546384981694
9824.554827690125,-0.6087290947904316,-0.19884131966258475,-0.591622620297459,-0.13433195576351006
9824.604945898056,-0.8092019265165058,-0.19884131966258475,-0.7920954520235333,-0.13433195576351006
9824.654527187347,-1.0075270836820331,-0.31758794492206976,-0.9904206091890606,-0.6121254338494583
9824.704760074615,-1.2084586327542988,-0.31758794492206976,-1.1913521582613262,-0.6121254338494583
9824.754613161087,-1.4078709786405292,-0.47917173010132286,-1.3907645041475567,-1.0983579172559426
9824.804493665695,-1.6073929970731464,-0.6790310777498063,-1.590286522580174,-1.220927639503521
9824.85482096672,-1.808702201174709,-0.8132385037703977,-1.7915957266817364,-1.298043253242518
9824.904688119888,-2.0081708138456076,-1.0847030933748603,-1.9910643393526348,-1.4684116848300262
9824.954936265945,-2.209163398074123,-1.3898607657062012,-2.1920569235811502,-1.5875419828222115
9825.004536867142,-2.4075658028592795,-1.6669478189602018,-2.3904593283663065,-1.757856838211748
9825.05466747284,-2.608088225649807,-1.8595133652086682,-2.590981751156834,-1.940356518854618
9825.104780435562,-2.80854007654092,-2.032146473996483,-2.791433602047947,-2.12060443855402
9825.154801130295,-3.008622855471584,-2.210486762621156,-2.991516380978611,-2.37372410880474
9825.204568624496,-3.2076928322782248,-2.302445595108802,-3.190586357785252,-2.5318982669840375
9825.25485420227,-3.408835143374416,-2.4322014419949056,-3.391728668881443,-2.6119350553439897
9825.304740667343,-3.6083810036649435,-2.6425720418232443,-3.5912745291719705,-2.7964234528858727
9825.354777812958,-3.8085295861234396,-2.856644996335665,-3.7914231116304666,-3.01758051554868
9825.404525518417,-4.0075204079618185,-3.0901157075156784,-3.9904139334688455,-3.249443504716788
9825.454909801483,-4.209057540225002,-3.1580151566261065,-4.191951065732029,-3.3534036478435003
9825.504835367203,-4.40875980310342,-3.2854884665630104,-4.391653328610447,-3.458392076529324
9825.554559230804,-4.607655257510158,-3.4854799914868533,-4.590548783017185,-3.5700231216563916
9825.604833841324,-4.800000000000001,-3.6713967230979865,-4.791647225094822,-3.745906966527014
9825.654776573181,-4.800000000000001,-3.897752787127409,-4.800000000000001,-3.93255978736867
9825.704759597778,-4.800000000000001,-4.103156613870017,-4.800000000000001,-4.115687133956872
9825.754621505737,-4.800000000000001,-4.234203718029339,-4.800000000000001,-4.347462263854357
9825.804533720016,-4.800000000000001,-4.313069963390968,-4.800000000000001,-4.464650207146838
9825.854824066162,-4.800000000000001,-4.363826421714547,-4.800000000000001,-4.498676548022569
9825.904576778412,-4.800000000000001,-4.300621600562354,-4.800000000000001,-4.417920545203164
9825.954552650452,-4.800000000000001,-4.254930033068903,-4.800000000000001,-4.40195057229853
9826.004821538925,-4.800000000000001,-4.263673981297641,-4.800000000000001,-4.411286195735075
9826.054610013962,-4.999153900146485,-4.37065997034115,-4.600846099853516,-4.40951379026364
9826.104904413223,-5.2003314971923835,-4.422492459928282,-4.399668502807618,-4.38408927876493
9826.154505968094,-5.398737716674805,-4.427411616628869,-4.201262283325196,-4.289691188664701
9826.204570293427,-5.598995018005372,-4.477082522196354,-4.00100498199463,-4.037803623222637
9826.254602909088,-5.799125480651856,-4.658891164594691,-3.8008745193481452,-3.866463355950115
9826.304569244385,-5.99899082183838,-4.7915356123449095,-3.601009178161622,-3.7301034400695317
9826.354580163956,0.0,-5.019981812143386,0.0,-3.6313951111972482
9826.404881000519,0.0,-5.061236554636023,0.0,-3.495236734049564
9826.454746961594,-0.1994638442993164,-4.5957445672464825,0.1994638442993164,-3.0443019650567935
9826.504775762558,-0.3995790481567383,-3.145525835234669,0.3995790481567383,-2.018100737463794
9826.554545164108,0.0,-0.10427821002438564,0.0,-0.19582874736715378
9826.6048579216,0.0,1.234485038559312,0.0,1.0133510810320532
9826.654727935791,0.0,1.1895264608051805,0.0,1.7033466285056456
9826.7047894001,0.20024585723876953,0.611181096937171,-0.20024585723876953,1.371984700641152
9826.754702329636,0.39989757537841797,0.08164727450820615,-0.39989757537841797,0.520525631707114
9826.804853439331,0.6005020141601562,-0.14624048795194813,-0.6005020141601562,-0.11597774240927627
9826.85483288765,0.800419807434082,-0.03534933635911246,-0.800419807434082,-0.6591303818710688
9826.904725551605,0.9999904632568359,0.3157910154724566,-0.9999904632568359,-0.9717941405756967
9826.954904556274,1.2007064819335938,0.7073178403305214,-1.2007064819335938,-0.986977955903424
9827.004852056503,1.400496482849121,1.0044586889527036,-1.400496482849121,-0.8625868873140143
9827.054780721664,1.2007818222045898,1.0992566954820797,-1.2007818222045898,-0.7551951855304573
9827.104689121246,1.0011482238769531,1.0837377838514846,-1.4004154205322266,-0.7731017941194558
9827.154953718185,0.8000898361206055,1.024612264593456,-1.6014738082885742,-0.8997762754186791
9827.204680681229,0.6011819839477539,0.8533195925092746,-1.8003816604614258,-0.9184054501518536
9827.25475358963,0.4008903503417969,0.5809827142001169,-2.000673294067383,-0.8999507701753948
9827.304710149765,0.2010641098022461,0.40034901236442244,-2.2004995346069336,-0.9597570756563917
9827.354755401611,0.0008831024169921875,0.26450936395507163,-2.4006805419921875,-1.065834846239902
9827.404719114304,-0.19897174835205078,0.15074853622405926,-2.6005353927612305,-1.2915497611075464
9827.454771757126,-0.3991823196411133,-0.005874390071073064,-2.800745964050293,-1.4956355425158676
9827.50475358963,-0.5991096496582031,-0.3070936821694752,-3.000673294067383,-1.7092234730400873
9827.554801225662,0.0,-0.6780376156376211,0.0,-1.798014742362913
9827.60456252098,-0.19904518127441406,-0.9850474019124416,0.19904518127441406,-1.9853265698772966
9827.654728889465,-0.39971065521240234,-1.0689236600139487,0.39971065521240234,-1.8754838377006877
9827.704820156097,-0.6000757217407227,-0.5617380137660055,0.6000757217407227,-0.5444686646378528
9827.754738330841,-0.799748420715332,-0.2549873861521941,0.799748420715332,0.6551894723731343
9827.804624795914,-0.9992942810058594,-0.22235635317625263,0.9992942810058594,1.4574857704409863
9827.854804992676,-1.2000150680541992,-0.4403270926377595,1.2000150680541992,1.7061265809262598
9827.90483212471,0.0,-0.7607866494524986,0.0,1.5385587824436953
9827.954788446426,-0.19982528686523438,-0.991053346467084,0.19982528686523438,1.2471012906927919
9828.004604578018,-0.3990898132324219,-0.9502075756807564,0.3990898132324219,0.7696206874858995
9828.0547580719,-0.5997037887573242,-0.3304536767084397,0.5997037887573242,-0.026789684037745287
9828.104737997055,0.0,-0.11097998239799728,0.0,-0.1950011023069788
9828.154840946198,0.0,-0.09539266521288534,0.0,0.015897724574135463
9828.204586029053,-0.19898033142089844,-0.21130542610128014,0.19898033142089844,0.28380957253408196
9828.254906892776,-0.40026378631591797,-0.032997437670371374,0.40026378631591797,0.12520031559216413
9828.30480337143,-0.5998497009277344,0.030435284592077217,0.5998497009277344,0.016594026500871533
9828.354840993881,-0.8000001907348633,-0.05345434628700075,0.8000001907348633,0.03923777276810077
9828.404659509659,0.0,-0.2015298557857568,0.0,0.1857674379391768
9828.454801797867,0.0,-0.4017782897679768,0.0,0.40303380105173464
9828.50475859642,0.0,-0.5673990520571028,0.0,0.6078189092157217
9828.554962873459,0.0,-0.20084523103479224,0.0,0.26733017512361756
9828.604566574097,-0.19841480255126953,0.09980036219891188,0.19841480255126953,-0.05995694798874659
9828.65480208397,-0.3993568420410156,0.25262570524550537,0.3993568420410156,-0.27467957020752837
9828.704826593399,-0.5994548797607422,0.2532731979286804,0.5994548797607422,-0.2851626070056672
9828.754828214645,0.0,-0.03430766352905748,0.0,-0.02333687320522003
9828.804578781128,0.0,-0.2915757947762987,0.0,0.2846837321215694
9828.85481595993,0.0,-0.356365773210532,0.0,0.4184934000716385
9828.904772758484,-0.1998271942138672,-0.06749735988841288,0.1998271942138672,0.12369584182366525
9828.954696655273,-0.3995227813720703,0.10967048328757587,0.3995227813720703,-0.06714123705816939
9829.00465130806,-0.5993413925170898,0.14032496567359076,0.5993413925170898,-0.1527562864534593
9829.054732084274,-0.7996644973754883,-0.006438009390388112,0.7996644973754883,0.009125152126102348
9829.104725599289,0.0,-0.07422879782268654,0.0,0.10142871671625896
9829.154842615128,0.0,-0.07422879782268654,0.0,0.10142871671625896
9829.204744815826,0.0,-0.07422879782268654,0.0,0.10142871671625896
9829.254820346832,0.0,-0.07422879782268654,0.0,0.10142871671625896
9829.304775476456,0.0,-0.07422879782268654,0.0,0.10142871671625896
9829.354508161545,-0.18968100531517354,0.055714049674916034,0.18968100531517354,-0.0750917276480866
9829.40471625328,-0.18968100531517354,0.055714049674916034,0.18968100531517354,-0.0750917276480866
9829.45460653305,-0.18968100531517354,0.08831898119355744,0.18968100531517354,-0.18147264611624384
9829.504771471024,-0.39034075720726336,0.06407936287704412,-0.010978746576916304,-0.16432345921935262
9829.554950237274,-0.5910558222097048,0.06407936287704412,-0.2116938115793577,-0.16432345921935262
9829.604645252228,-0.7898358820241579,-0.1627569398944812,-0.41047387139381086,-0.1393573455844066
9829.654767513275,-0.990324926213611,-0.1627569398944812,-0.610962915583264,-0.1393573455844066
9829.704792022705,-1.1904229639333375,-0.1627569398944812,-0.8110609533029906,-0.1393573455844066
9829.754601716995,-1.389661741093982,-0.3342576401209647,-1.0102997304636352,-0.41644922693563036
9829.804895401001,-1.5908364771169312,-0.3342576401209647,-1.2114744664865844,-0.41644922693563036
9829.854971170425,-1.7911395548146851,-0.3342576401209647,-1.4117775441843383,-0.41644922693563036
9829.90460562706,-1.989677381352771,-1.081822749486472,-1.6103153707224243,-1.3312751856746547
9829.954720258713,-2.190135907964099,-1.081822749486472,-1.8107738973337524,-1.3312751856746547
9830.004765748978,-2.3903178690236695,-1.081822749486472,-2.0109558583933227,-1.3312751856746547
9830.054788827896,-2.5904101846974976,-1.751209494473823,-2.211048174067151,-1.8474833629409297
9830.10471367836,-2.7901095865529664,-1.8915637952102946,-2.4107475759226196,-1.9539480961489573
9830.154747009277,-2.9902429102224,-2.356718965909181,-2.610880899592053,-2.229742066022135
9830.204759597778,-3.190293264226306,-2.356718965909181,-2.8109312535959594,-2.229742066022135
9830.254883766174,-3.3907899378102906,-2.356718965909181,-3.011427927179944,-2.229742066022135
9830.304470062256,-3.5891351221364625,-2.5187098807955404,-3.2097731115061157,-2.6765036107251055
9830.354892253876,-3.7908238886159547,-2.535969390086211,-3.411461877985608,-2.6950274658887987
9830.40474820137,-3.990247678593982,-2.535969390086211,-3.610885667963635,-2.6950274658887987
9830.454743146896,-4.190227460698474,-2.535969390086211,-3.8108654500681274,-2.6950274658887987
9830.504705667496,-4.390077543095935,-2.7439759029747037,-4.010715532465588,-2.8225191146481583
9830.55468082428,-4.589978170232166,-2.7439759029747037,-4.210616159601819,-2.8225191146481583
9830.604833602905,-4.790589284734119,-2.7439759029747037,-4.411227274103772,-2.8225191146481583
9830.65450501442,-4.800000000000001,-2.7439759029747037,-4.609912920160901,-2.8225191146481583
9830.704824447632,-4.800000000000001,-2.7439759029747037,-4.800000000000001,-2.8225191146481583
9830.754726409912,-4.800000000000001,-2.7439759029747037,-4.800000000000001,-2.8225191146481583
9830.804875612259,-4.800000000000001,-2.7439759029747037,-4.800000000000001,-2.8225191146481583
9830.8545525074,0.0,-4.704350503382078,0.0,-4.874173080435341
9830.90474820137,0.0,-4.704350503382078,0.0,-4.874173080435341
9830.95471072197,0.0,-4.704350503382078,0.0,-4.874173080435341
9831.004517793655,-0.19922828674316406,-2.2737805270911675,0.19922828674316406,-2.644098284151744
9831.05478143692,-0.4002828598022461,-0.9448536529398811,0.4002828598022461,-1.3405951871315187
9831.104759454727,-0.6001949310302734,-0.9448536529398811,0.6001949310302734,-1.3405951871315187
9831.154626131058,-0.7996616363525391,1.115583323240196,0.7996616363525391,1.7081565956427953
9831.204708814621,0.0,0.9650293128489942,0.0,1.7363723337742272
9831.254877328873,0.0,0.9650293128489942,0.0,1.7363723337742272
9831.304917812347,0.0,0.9650293128489942,0.0,1.7363723337742272
9831.354748487473,0.0,-0.6920671466786138,0.0,1.4022499282290934
9831.404760837555,0.0,-0.6920671466786138,0.0,1.4022499282290934
9831.454739570618,0.0,-0.6920671466786138,0.0,1.4022499282290934
9831.50471496582,0.0,-0.7081746432929766,0.0,-0.2683530398874052
9831.554874658585,0.0,0.1738458053022902,0.0,0.2999311120111604
9831.604753732681,0.0,0.1738458053022902,0.0,0.2999311120111604
9831.654823303223,0.0,0.9007034452663205,0.0,-0.3251148185544293
9831.70453119278,0.0,0.7792399735394919,0.0,-0.25050876119214777
9831.754767656326,0.0,0.7792399735394919,0.0,-0.25050876119214777
9831.804556369781,0.0,-0.08927878985890497,0.0,0.011552658689603288
9831.854836702347,0.0,-0.08927878985890497,0.0,0.011552658689603288
9831.904887199402,0.0,-0.08927878985890497,0.0,0.011552658689603288
9831.954501867294,0.0,-0.34840078227571786,0.0,0.03564910362726367
9832.004747867584,0.0,-0.20904046936543072,0.0,0.021389462176358204
9832.05481672287,0.0,-0.20904046936543072,0.0,0.021389462176358204
9832.154846429825,0.0,0.03777450414672501,0.0,-0.007797034899833659
9832.204710483551,0.0,0.03777450414672501,0.0,-0.007797034899833659
9832.254712104797,0.0,0.03777450414672501,0.0,-0.007797034899833659
9832.304750919342,0.0,0.07488766941521477,0.0,-0.0002182670761719835
9832.354801416397,0.0,0.06115890522655196,0.0,-0.0001309602457031901
9832.404887676239,0.0,0.06115890522655196,0.0,-0.0001309602457031901
10086.804517030716,0.1992321014404297,5e-324,0.1992321014404297,-5e-324
10086.85473394394,0.4000997543334961,5e-324,0.4000997543334961,-5e-324
10086.904840230942,0.60052490234375,5e-324,0.60052490234375,-5e-324
10087.804561376572,0.19936752319335938,5e-324,0.19936752319335938,-5e-324
10087.85474896431,0.4001178741455078,5e-324,0.4001178741455078,-5e-324
10087.904593467712,0.5994958877563477,5e-324,0.5994958877563477,-5e-324
10087.954801082611,0.8003263473510742,5e-324,0.8003263473510742,-5e-324
10088.154770374298,0.20025253295898438,5e-324,0.20025253295898438,-5e-324
10088.204720258713,0.4000520706176758,5e-324,0.4000520706176758,-5e-324
10088.254551649094,0.5993776321411133,5e-324,0.5993776321411133,-5e-324
10144.504516363144,0.199066162109375,5e-324,0.199066162109375,-5e-324
10144.554719686508,0.39987945556640625,5e-324,0.39987945556640625,-5e-324
10144.604494333267,0.5989780426025391,5e-324,0.5989780426025391,-5e-324
10145.004696846008,0.1996479034423828,5e-324,0.1996479034423828,-5e-324
10145.054771661758,0.3999471664428711,5e-324,0.3999471664428711,-5e-324
10145.104700565338,0.5996627807617188,5e-324,0.5996627807617188,-5e-324
10145.154741287231,0.7998256683349609,5e-324,0.7998256683349609,-5e-324
10145.204804897308,1.0000801086425781,5e-324,1.0000801086425781,-5e-324
10146.10477924347,0.2000102996826172,5e-324,0.2000102996826172,-5e-324
10146.154709815979,0.3997325897216797,5e-324,0.3997325897216797,-5e-324
10146.204837799072,0.6002445220947266,5e-324,0.6002445220947266,-5e-324
10146.25468993187,0.7996530532836914,5e-324,0.7996530532836914,-5e-324
10146.60473227501,0.20005321502685547,5e-324,0.20005321502685547,-5e-324
10146.654499053955,0.3991203308105469,5e-324,0.3991203308105469,-5e-324
10146.70474743843,0.6001138687133789,5e-324,0.6001138687133789,-5e-324
10146.754677057266,0.7998323440551758,5e-324,0.7998323440551758,-5e-324
10146.804518461227,0.9991979598999023,5e-324,0.9991979598999023,-5e-324
10146.854794502258,1.2003021240234375,5e-324,1.2003021240234375,-5e-324
10146.904821872711,1.400411605834961,5e-324,1.400411605834961,-5e-324
10146.954558372498,1.5993576049804688,5e-324,1.5993576049804688,-5e-324
10147.004774808884,1.8002233505249023,5e-324,1.8002233505249023,-5e-324
10147.054513454437,1.9991779327392578,5e-324,1.9991779327392578,-5e-324
10147.104779958725,2.2002439498901367,5e-324,2.2002439498901367,-5e-324
10147.454844713211,0.20059776306152344,5e-324,0.20059776306152344,-5e-324
10147.504658937454,0.3998546600341797,5e-324,0.3998546600341797,-5e-324
10147.554726600647,0.6001253128051758,5e-324,0.6001253128051758,-5e-324
10147.60474061966,0.8001813888549805,5e-324,0.8001813888549805,-5e-324
10154.554788589478,0.19986534118652344,5e-324,0.19986534118652344,-5e-324
10154.604692935944,0.39948272705078125,5e-324,0.39948272705078125,-5e-324
10154.654721021652,0.5995950698852539,5e-324,0.5995950698852539,-5e-324
10154.704708337784,0.7995443344116211,5e-324,0.7995443344116211,-5e-324
10155.054531812668,0.19935989379882812,5e-324,0.19935989379882812,-5e-324
10155.104739427567,0.4001903533935547,5e-324,0.4001903533935547,-5e-324
10155.154660463333,0.5998744964599609,5e-324,0.5998744964599609,-5e-324
10155.204595088959,0.7996129989624023,5e-324,0.7996129989624023,-5e-324
10155.254734516144,1.0001707077026367,5e-324,1.0001707077026367,-5e-324
10155.304726839066,1.2001399993896484,5e-324,1.2001399993896484,-5e-324
10155.354657649994,1.3998632431030273,5e-324,1.3998632431030273,-5e-324
10155.404739379883,1.6001901626586914,5e-324,1.6001901626586914,-5e-324
10155.454735279083,1.8001737594604492,5e-324,1.8001737594604492,-5e-324
10155.504828214645,2.0005455017089844,5e-324,2.0005455017089844,-5e-324
10155.554785251617,2.200373649597168,5e-324,2.200373649597168,-5e-324
10155.60476732254,2.400301933288574,5e-324,2.400301933288574,-5e-324
10155.654539823532,2.5993919372558594,5e-324,2.5993919372558594,-5e-324
10155.704786777496,2.800379753112793,5e-324,2.800379753112793,-5e-324
10155.75472521782,3.000133514404297,5e-324,3.000133514404297,-5e-324
10155.804745435715,3.200214385986328,5e-324,3.200214385986328,-5e-324
10155.854822397232,3.400522232055664,5e-324,3.400522232055664,-5e-324
10155.904718637466,3.5999999999999996,5e-324,3.5999999999999996,-5e-324
10155.954689979553,3.5999999999999996,5e-324,3.5999999999999996,-5e-324
10156.004835367203,3.5999999999999996,5e-324,3.5999999999999996,-5e-324
10156.054769992828,3.5999999999999996,5e-324,3.5999999999999996,-5e-324
10156.104840755463,3.5999999999999996,5e-324,3.5999999999999996,-5e-324
10156.154824495316,3.5999999999999996,5e-324,3.5999999999999996,-5e-324
10156.204689264297,3.5999999999999996,5e-324,3.5999999999999996,-5e-324
10156.254549980164,3.5999999999999996,5e-324,3.5999999999999996,-5e-324
10156.304723978043,3.5999999999999996,5e-324,3.5999999999999996,-5e-324
10156.35454249382,3.5999999999999996,1.2889770030975343,3.5999999999999996,1.2473970890045167
10156.404556512833,0.0,2.8912691856384276,0.0,2.7381579994201664
10156.454521417618,0.0,3.1152143827056884,0.0,2.9734517645263674
10156.504858732224,0.0,3.3653663188568115,0.0,3.3822852198394777
10156.554734230042,0.0,3.544804169786621,0.0,3.595033615497803
10156.604778766632,0.0,1.5304249149153168,0.0,1.6480192886595921
10156.654511213303,0.0,-0.7744068946974141,0.0,-0.5923869053810955
10156.704556465149,0.0,-1.5009946196032762,0.0,-1.164173573504333
10156.754541635513,0.0,-1.4977958024294329,0.0,-1.1473887742461364
10156.804552316666,0.0,-0.7533597299427205,0.0,-0.5863430300230359
10156.85476398468,0.0,-0.0166125523675828,0.0,-0.022374694307133236
10156.904525995255,0.0,0.22565191819492886,0.0,0.15289479806453904
10156.954676866531,0.0,0.5013105052741429,0.0,0.2945423656026039
10157.00457239151,0.0,0.475527095009043,0.0,0.2663068753475969
10157.054581403732,0.20003604888916016,0.2488426585945442,-0.20003604888916016,0.15388765300494522
10157.104838371277,0.4010639190673828,0.0448049981577261,-0.4010639190673828,0.05316063713496478
10157.154700994492,0.6005144119262695,-0.11426478162349235,-0.6005144119262695,0.012485045021053139
10157.20474910736,0.0,-0.10471530726516826,0.0,-0.05035927276296856
10157.254767656326,0.0,0.333695385756807,0.0,-0.43702134571656015
10157.304791688919,0.0,0.518996497334669,0.0,-0.5532721226345565
10157.35472202301,0.0,0.518996497334669,0.0,-0.5532721226345565
10157.40477514267,0.0,0.518996497334669,0.0,-0.5532721226345565
10157.454734802246,0.0,0.518996497334669,0.0,-0.5532721226345565
10157.504683732986,0.0,0.518996497334669,0.0,-0.5532721226345565
10157.554512023926,0.19931316375732422,-0.25089323336154346,-0.19931316375732422,0.2881260567686874
10157.604705095291,0.40008544921875,-0.25089323336154346,-0.40008544921875,0.2881260567686874
10157.654532432556,0.5993947982788086,-0.19855933398919945,-0.5993947982788086,0.2232180421239219
10157.704505681992,0.7992877960205078,0.02035827630211326,-0.7992877960205078,0.01053239611900339
10157.754747867584,1.0002565383911133,0.02035827630211326,-1.0002565383911133,0.01053239611900339
10157.804707288742,1.200094223022461,0.8031814051882687,-1.200094223022461,-0.7592397564663178
10157.85472369194,1.4001598358154297,0.8769179554710544,-1.4001598358154297,-0.8463949462183527
10157.904782056808,1.600393295288086,0.8769179554710544,-1.600393295288086,-0.8463949462183527
10157.954795598984,1.8004474639892578,1.2052028939176855,-1.8004474639892578,-1.2168323314984386
10158.004492521286,1.9992351531982422,1.2367558220058237,-1.9992351531982422,-1.2241664717674103
10158.054700613022,2.2000675201416016,1.2367558220058237,-2.2000675201416016,-1.2241664717674103
10158.104743242264,2.400238037109375,1.1559983890973466,-2.400238037109375,-1.2937838473698107
10158.154658555984,2.5998992919921875,1.2352038980557287,-2.5998992919921875,-1.3434628152120476
10158.204726457596,2.8001708984375,1.2352038980557287,-2.8001708984375,-1.3434628152120476
10158.254761695862,3.000311851501465,1.4849722316592917,-3.000311851501465,-1.6631181598820437
10158.304778337479,3.20037841796875,1.5608818012911074,-3.20037841796875,-1.7694091058443875
10158.354719877243,3.400144577026367,1.9546661951683566,-3.400144577026367,-2.0446527827025367
10158.404675006866,3.5999650955200195,1.9546661951683566,-3.5999650955200195,-2.0446527827025367
10158.454687833786,3.5999999999999996,1.9546661951683566,-3.5999999999999996,-2.0446527827025367
10158.504521608353,3.5999999999999996,2.5146937746969513,-3.5999999999999996,-2.6905836361136917
10158.554708719254,3.5999999999999996,2.5146937746969513,-3.5999999999999996,-2.6905836361136917
10158.604696035385,3.5999999999999996,2.5146937746969513,-3.5999999999999996,-2.6905836361136917
10158.654587507248,3.5999999999999996,2.727175762709096,-3.5999999999999996,-3.0912384762049405
10158.704726934433,3.5999999999999996,2.727175762709096,-3.5999999999999996,-3.0912384762049405
10158.754514694214,3.5999999999999996,2.727175762709096,-3.5999999999999996,-3.0912384762049405
10158.80443406105,3.5999999999999996,2.9092313327036314,-3.5999999999999996,-3.039949485314394
10158.85450220108,3.5999999999999996,2.9234849804009437,-3.5999999999999996,-2.87206708522878
10158.904752254486,0.0,2.9234849804009437,0.0,-2.87206708522878
10158.95482635498,0.0,2.9234849804009437,0.0,-2.87206708522878
10159.004489660263,0.0,2.978944575279096,0.0,-2.6488458523694627
10159.054769277573,0.0,2.978944575279096,0.0,-2.6488458523694627
10159.104776144028,0.0,2.978944575279096,0.0,-2.6488458523694627
10159.154506444931,0.0,-1.094412732425248,0.0,0.9407095937276553
10159.204748153687,0.0,-1.407218151273081,0.0,1.2766148584094448
10159.2547082901,0.0,-1.407218151273081,0.0,1.2766148584094448
10159.304729938507,0.0,-1.407218151273081,0.0,1.2766148584094448
10159.35469675064,0.0,-0.9281175088900689,0.0,0.8579321779545337
10159.404489278793,0.0,-0.9281175088900689,0.0,0.8579321779545337
10159.454673051834,0.0,-0.9281175088900689,0.0,0.8579321779545337
10159.50458574295,0.0,0.7400512214030404,0.0,-0.5899980019153798
10159.55480146408,0.0,0.7400512214030404,0.0,-0.5899980019153798
10159.604749679565,0.0,0.7400512214030404,0.0,-0.5899980019153798
10159.654530763626,0.0,0.6184962410635513,0.0,-0.44640086715891
10159.704556703568,0.0,0.5419124852959372,0.0,-0.3802186407177093
10159.754558801651,0.0,0.5419124852959372,0.0,-0.3802186407177093
10159.80473279953,0.0,-0.24129791983853643,0.0,0.1915669269933888
10159.85471200943,0.0,-0.28615042524868767,0.0,0.22304791376439265
10159.904688358307,0.0,-0.28615042524868767,0.0,0.22304791376439265
10159.95455288887,-0.19945812225341797,-0.2841031469873819,0.19945812225341797,0.168231154700768
10160.004664421082,-0.3999042510986328,-0.17508187773658238,0.3999042510986328,0.10093869282046079
10160.054730176926,-0.6001672744750977,-0.17508187773658238,0.6001672744750977,0.10093869282046079
10160.104840993881,0.0,-0.17508187773658238,0.0,0.10093869282046079
10160.154725551605,0.0,-0.0948952080169268,0.0,0.12860401752489492
10160.20470571518,0.0,-0.0948952080169268,0.0,0.12860401752489492
10160.254693508148,0.0,-0.0948952080169268,0.0,0.12860401752489492
10160.304514408112,0.0,-0.776620643856242,0.0,0.8480869809678011
10160.354736328125,0.0,-0.776620643856242,0.0,0.8480869809678011
10160.404698610306,0.0,-0.776620643856242,0.0,0.8480869809678011
10160.454486370087,-0.19915103912353516,0.03555505611696735,0.19915103912353516,-0.05922056550349083
10160.504717350006,-0.40007495880126953,0.03555505611696735,0.40007495880126953,-0.05922056550349083
10160.554749250412,-0.6002025604248047,0.03555505611696735,0.6002025604248047,-0.05922056550349083
10160.604532957077,-0.7993373870849609,0.3860578369852683,0.7993373870849609,-0.43676243026101946
10160.654808998108,-1.000441551208496,0.3860578369852683,1.000441551208496,-0.43676243026101946
10160.70471405983,-1.2000617980957031,0.3860578369852683,1.2000617980957031,-0.43676243026101946
10160.75450849533,-1.3992395401000977,0.3860578369852683,1.3992395401000977,-0.43676243026101946
10160.804780960083,-1.6003293991088867,-0.7063013808397267,1.6003293991088867,0.787258620676993
10160.854737520218,-1.8001556396484375,-0.7896839914600738,1.8001556396484375,0.8632062647447578
10160.904509305954,-1.9992427825927734,-0.7896839914600738,1.9992427825927734,0.8632062647447578
10160.954679727554,-2.1999244689941406,-1.3740840411346755,2.1999244689941406,1.4720674656171946
10161.004772424698,-2.4002952575683594,-1.400172117719746,2.4002952575683594,1.4546975912057964
10161.054502010345,-2.5992136001586914,-1.400172117719746,2.5992136001586914,1.4546975912057964
10161.104895591736,-2.800787925720215,-1.5794781912927105,2.800787925720215,1.684728088334436
10161.154712438583,-3.0000553131103516,-1.5794781912927105,3.0000553131103516,1.684728088334436
10161.204752206802,-3.200214385986328,-1.8413924831423478,3.200214385986328,1.9614544568164578
10161.25481390953,-3.400461196899414,-1.9042426620884727,3.400461196899414,2.0406616364540717
10161.304514408112,-3.5992631912231445,-2.1914115087382218,3.5992631912231445,2.3697736332693067
10161.354505300522,-3.5999999999999996,-2.312764605056776,3.5999999999999996,2.4752217334436395
10161.40476179123,-3.5999999999999996,-2.312764605056776,3.5999999999999996,2.4752217334436395
10161.454712152481,-3.5999999999999996,-2.312764605056776,3.5999999999999996,2.4752217334436395
10161.504539489746,-3.5999999999999996,-2.312764605056776,3.5999999999999996,2.4752217334436395
10161.55476474762,-3.5999999999999996,-2.312764605056776,3.5999999999999996,2.4752217334436395
10161.605038166046,-3.5999999999999996,-3.007628715907952,3.5999999999999996,2.8027344506729657
10161.654492139816,-3.5999999999999996,-2.9965345125647906,3.5999999999999996,2.790438125237764
10161.704723119736,-3.5999999999999996,-2.9965345125647906,3.5999999999999996,2.790438125237764
10161.754757881165,-3.5999999999999996,-2.9851154343568282,3.5999999999999996,2.8183468378888135
10161.804565668106,-3.5999999999999996,-2.9851154343568282,3.5999999999999996,2.8183468378888135
10161.854732513428,-3.5999999999999996,-2.9851154343568282,3.5999999999999996,2.8183468378888135
10161.904515028,-3.5999999999999996,-2.6241871645142756,3.5999999999999996,2.7502247824090444
10161.954494476318,-3.5999999999999996,-2.6241871645142756,3.5999999999999996,2.7502247824090444
10162.004517555237,-3.5999999999999996,-2.5715178216516654,3.5999999999999996,2.790001899630107
10162.054561138153,-3.5999999999999996,-2.574686597526777,3.5999999999999996,2.7673885645736256
10162.104506969452,-3.5999999999999996,-2.574686597526777,3.5999999999999996,2.7673885645736256
10162.15455198288,-3.5999999999999996,-2.6653709561290726,3.5999999999999996,2.92286661563132
10162.20473575592,-3.5999999999999996,-2.6653709561290726,3.5999999999999996,2.92286661563132
10162.254514694214,-3.5999999999999996,-2.6653709561290726,3.5999999999999996,2.92286661563132
10162.304541349411,-3.5999999999999996,-2.883684829143733,3.5999999999999996,3.0177529941508654
10162.354727745056,-3.5999999999999996,-2.883684829143733,3.5999999999999996,3.0177529941508654
10162.40450668335,-3.5999999999999996,-2.883684829143733,3.5999999999999996,3.0177529941508654
10162.454575538635,-3.5999999999999996,-2.8631644132010576,3.5999999999999996,3.004747289651038
10162.504711151123,-3.5999999999999996,-2.8509509970112106,3.5999999999999996,3.0086654533346904
10162.55448770523,-3.5999999999999996,-2.8509509970112106,3.5999999999999996,3.0086654533346904
10162.604728460312,-3.5999999999999996,-2.879429499622196,3.5999999999999996,3.1179175998364865
10162.65476155281,-3.5999999999999996,-2.8514388563132345,3.5999999999999996,3.0934245005604613
10162.704504728317,-3.5999999999999996,-2.8514388563132345,3.5999999999999996,3.0934245005604613
10162.754647254944,-3.5999999999999996,-2.92863186350952,3.5999999999999996,3.1108126425784985
10162.804776668549,-3.5999999999999996,-2.8962164411037588,3.5999999999999996,3.071044765951762
10162.854531049728,-3.5999999999999996,-2.8962164411037588,3.5999999999999996,3.071044765951762
10162.904728651047,-3.5999999999999996,-2.850265545388817,3.5999999999999996,2.8999183555283023
10162.954787254333,-3.5999999999999996,-2.8249502436761613,3.5999999999999996,2.818780897846095
10163.004525661469,-3.5999999999999996,-2.8249502436761613,3.5999999999999996,2.818780897846095
10163.054739952087,-3.5999999999999996,-3.0031088568851483,3.5999999999999996,2.7068348858852502
10163.104684352875,-3.5999999999999996,-3.0317551361373147,3.5999999999999996,2.7095553239643166
10163.15451169014,-3.5999999999999996,-3.0317551361373147,3.5999999999999996,2.7095553239643166
10163.204711914062,-3.5999999999999996,-3.12568092161321,3.5999999999999996,2.784676347560618
10163.25487279892,-3.5999999999999996,-3.0842681396836245,3.5999999999999996,2.839099642268976
10163.304531812668,-3.5999999999999996,-3.0842681396836245,3.5999999999999996,2.839099642268976
10163.354709625244,-3.5999999999999996,-2.9150560448823306,3.5999999999999996,2.9627765943873623
10163.404690265656,-3.5999999999999996,-2.8800070136939246,3.5999999999999996,2.9502192336481032
10163.45451784134,-3.5999999999999996,-2.848141826989259,3.5999999999999996,3.028113322615792
10163.504824399948,-3.5999999999999996,-2.856490467668775,3.5999999999999996,3.0476331932307303
10163.554612636566,-3.5999999999999996,-2.853174567704631,3.5999999999999996,3.0676888164148695
10163.604490280151,-3.5999999999999996,-2.875978551084483,3.5999999999999996,3.104571306810354
10163.654549598694,-3.5999999999999996,-2.9623077685027184,3.5999999999999996,3.163880926646796
10163.704507112503,-3.5999999999999996,-3.0539502420802904,3.5999999999999996,3.16809641681123
10163.754556655884,-3.5999999999999996,-3.1023854107420448,3.5999999999999996,3.173634865386515
10163.804504394531,-3.5999999999999996,-3.0557982143435765,3.5999999999999996,3.148871828974448
10163.854538679123,-3.5999999999999996,-3.048380842805167,3.5999999999999996,3.14662409181398
10163.904510974884,-3.5999999999999996,-2.9995087877512905,3.5999999999999996,3.1578519833862844
10163.954528093338,-3.5999999999999996,-3.02180264814857,3.5999999999999996,3.234389818648579
10164.004572153091,-3.5999999999999996,-3.037136234369862,3.5999999999999996,3.382725051739245
10164.054558038712,-3.5999999999999996,-3.05160059781491,3.5999999999999996,3.4252735446086104
10164.104732513428,-3.5999999999999996,-3.061725510666485,3.5999999999999996,3.45224888743106
10164.154503822327,-3.5999999999999996,-3.0149753075024472,3.5999999999999996,3.2735576049304704
10164.204565048218,-3.5999999999999996,-3.0013226216261737,3.5999999999999996,3.1551321202212588
10164.254785776138,-3.5999999999999996,-2.993943703599876,3.5999999999999996,3.0065472836623437
10164.304762840271,-3.5999999999999996,-3.0010743376355546,3.5999999999999996,2.9599741810082145
10164.354518651962,-3.5999999999999996,-3.0659768117205397,3.5999999999999996,3.040229672960445
10164.40457367897,-3.5999999999999996,-3.1042910504127534,3.5999999999999996,3.0904859953303356
10164.454516172409,-3.5999999999999996,-3.159733966152131,3.5999999999999996,3.1795580191557127
10164.504546403885,-3.5999999999999996,-3.123691619095895,3.5999999999999996,3.1591242147616576
10164.554945230484,-3.5999999999999996,-3.1179883506265975,3.5999999999999996,3.175339698545886
10164.60476899147,-3.5999999999999996,-3.092967167843617,3.5999999999999996,3.1817255972931693
10164.654520988464,-3.5999999999999996,-3.0620590694007532,3.5999999999999996,3.155183483091947
10164.70473074913,-3.5999999999999996,-3.0911060469361757,3.5999999999999996,3.1641082700233305
10164.754741191864,-3.5999999999999996,-3.0992395030383806,3.5999999999999996,3.1751081443836915
10164.804502010345,-3.5999999999999996,-3.123667257318182,3.5999999999999996,3.1911538230303753
10164.8548412323,-3.5999999999999996,-3.197452208026391,3.5999999999999996,3.2025566597076836
10164.904548406601,-3.5999999999999996,-3.2336400439587147,3.5999999999999996,3.1645038401827543
10164.954798698425,-3.5999999999999996,-3.239779179939517,3.5999999999999996,3.1164288905529496
10165.004709243774,-3.5999999999999996,-3.2014190288718543,3.5999999999999996,3.097662825129091
10165.054700374603,-3.5999999999999996,-3.1437318777681353,3.5999999999999996,3.0846858616143438
10165.104707479477,0.0,-3.1464583750596393,0.0,3.174468357401013
10165.154742002487,0.0,-3.138064332343247,0.0,3.2298821827305266
10165.204509496689,0.0,-1.7427097407116077,0.0,1.9721797449779357
10165.2547249794,0.0,0.14508667777298995,0.0,0.10984140968531991
10165.304613113403,0.0,1.1401918048512427,0.0,-1.0057262813942054
10165.354708909988,0.0,1.0557891433781919,0.0,-1.0978594101391943
10165.40454673767,0.0,0.33710958052920825,0.0,-0.5123762432428376
10165.454864740372,0.0,-0.23681572143108537,0.0,0.09884789549021093
10165.50472331047,0.0,-0.4070727314849051,0.0,0.3425667821027333
10165.554814815521,0.0,-0.24766850690720146,0.0,0.21646302570071796
10165.604727506638,0.0,-0.03736321885828135,0.0,0.027950458094478763
10165.654732465744,0.0,0.07053930547436252,0.0,-0.06958912675440271
10165.704687833786,0.0,0.0585892030117518,0.0,-0.04240717601129994
10165.754717111588,0.0,0.021092113084230646,0.0,-0.015266583364067977
10171.654814958572,0.0,-0.0215238316133992,0.0,-3.4589704947390735e-05
10173.804721832275,0.19980430603027344,-1.2143870493234672e-19,0.19980430603027344,-6.980942412187294e-19
10173.854766845703,0.39998435974121094,-4.3717933775644817e-20,0.39998435974121094,-2.5131392683874256e-19
10173.904709339142,0.5997543334960938,0.15539232790470123,0.5997543334960938,0.11227243393659592
10173.954754114151,0.0,0.3901796790361404,0.0,0.2771036741137505
10174.004581689835,0.0,0.6318172616624832,0.0,0.4676423651099205
10174.054698705673,0.0,0.6969522369932174,0.0,0.5223629432482719
10174.104531764984,0.0,0.24431429996005433,0.0,0.1412883376799774
10174.154886722565,0.0,-0.09832481553347684,0.0,-0.09682801750697785
10174.20450758934,0.0,-0.2182145899898712,0.0,-0.16518195588850293
10174.254595041275,0.0,-0.14406736071825876,0.0,-0.11629806725190871
10174.304793596268,0.20079421997070312,-0.05620302245350189,0.20079421997070312,-0.04620607680561587
10174.354575395584,0.3999214172363281,-0.009305809162252567,0.3999214172363281,-0.016634187650021712
10174.404703378677,0.600433349609375,0.1624655231634879,0.600433349609375,0.08838547353100654
10174.454921007156,0.8013038635253906,0.38749802248955145,0.8013038635253906,0.26542223722035363
10174.504585981369,0.9999637603759766,0.6203531079433455,0.9999637603759766,0.45293830238686084
10174.554702043533,1.2004280090332031,0.8352936954358373,1.2004280090332031,0.6512086405858019
10174.605232715607,1.4025506973266602,1.031708514132231,1.4025506973266602,0.8640927701415284
10174.654514789581,1.5996789932250977,1.2887407893882554,1.5996789932250977,1.1249758993697048
10174.704714298248,1.8004770278930664,1.4533323701004872,1.8004770278930664,1.3388651536147074
10174.754885673523,2.001162528991699,1.4994779739249164,2.001162528991699,1.438357611074464
10174.804543018341,2.19979190826416,1.730836476376571,2.19979190826416,1.738040739444965
10174.854548215866,2.399812698364258,1.8573479910460415,2.399812698364258,1.9370752814345624
10174.90453696251,2.5997676849365234,2.013465242139124,2.5997676849365234,2.129890169248571
10174.954583644867,2.799954414367676,2.2815059935635174,2.799954414367676,2.343423897819134
10175.004524230957,2.9997167587280273,2.519196781477422,2.9997167587280273,2.5177272897230676
10175.054601192474,3.2000246047973633,2.677962686882409,3.2000246047973633,2.6025618627524527
10175.104527950287,3.3997316360473633,2.785154127931354,3.3997316360473633,2.6774184196539936
10175.154606819153,3.5999999999999996,2.898171032853994,3.5999999999999996,2.82805828175598
10175.204580307007,3.5999999999999996,3.027071239491012,3.5999999999999996,3.026470570284081
10175.254515171051,3.5999999999999996,3.174124050834074,3.5999999999999996,3.1764254052107166
10175.304742097855,3.5999999999999996,3.2784190468181933,3.5999999999999996,3.2291808294454
10175.35455942154,3.5999999999999996,3.3072847566195644,3.5999999999999996,3.268842340726809
10175.404526948929,3.5999999999999996,3.177887223173845,3.5999999999999996,3.2633470471137143
10175.454555511475,3.5999999999999996,3.1948927958046203,3.5999999999999996,3.275072156504394
10175.504588842392,3.5999999999999996,3.2585102147782377,3.5999999999999996,3.2976459237750535
10175.554520368576,3.5999999999999996,3.256898849973364,3.5999999999999996,3.2975636329465923
10175.60454416275,3.5999999999999996,3.2336587988505183,3.5999999999999996,3.28512600920965
10175.654531240463,3.5999999999999996,3.2725922805012253,3.5999999999999996,3.2897124905432573
10175.704560041428,3.5999999999999996,3.3013436163628693,3.5999999999999996,3.333309544267971
10175.754537820816,3.5999999999999996,3.2546905800973924,3.5999999999999996,3.344863662678825
10175.80453324318,3.5999999999999996,3.2893109366396267,3.5999999999999996,3.3330420146794895
10175.854504585266,3.5999999999999996,3.3425249126612666,3.5999999999999996,3.3303820783145293
10175.90456366539,3.5999999999999996,3.308924418457832,3.5999999999999996,3.2505654593663778
10175.954580307007,3.5999999999999996,3.247063992655928,3.5999999999999996,3.219894813311959
10176.004490375519,3.5999999999999996,3.2566741031062563,3.5999999999999996,3.285141136698555
10176.05451798439,3.5999999999999996,3.287152528345059,3.5999999999999996,3.383211874885308
10176.104640007019,3.5999999999999996,3.290721778719236,3.5999999999999996,3.3341303147994092
10176.15454673767,3.5999999999999996,3.291726910346249,3.5999999999999996,3.2594821457191445
10176.204560756683,3.5999999999999996,3.3736912834430335,3.5999999999999996,3.311410627512603
10176.254648208618,3.5999999999999996,3.3908785877627587,3.5999999999999996,3.335140042930294
10176.304485559464,3.5999999999999996,3.385713955092518,3.5999999999999996,3.2923378277168687
10176.35456252098,3.5999999999999996,3.3540120531301816,3.5999999999999996,3.254084763348556
10176.404536008835,3.5999999999999996,3.3732952454989356,3.5999999999999996,3.2595296635939324
10176.454501867294,3.5999999999999996,3.4211073271979764,3.5999999999999996,3.2856629825132004
10176.504502773285,3.5999999999999996,3.4513972599226195,3.5999999999999996,3.2911722041307776
10176.554514408112,3.5999999999999996,3.4235859298319085,3.5999999999999996,3.2696411196162303
10176.604567527771,3.5999999999999996,3.4330520290235444,3.5999999999999996,3.264663166419387
10176.654690742493,3.5999999999999996,3.4410071169197423,3.5999999999999996,3.2676609197948694
10176.704532384872,3.5999999999999996,3.413106526741359,3.5999999999999996,3.2325982593470783
10176.754527568817,3.5999999999999996,3.416220716124161,3.5999999999999996,3.2247559275015574
10176.804502487183,3.5999999999999996,3.4186346431581605,3.5999999999999996,3.231428813009404
10176.854740142822,3.5999999999999996,3.4044176995759265,3.5999999999999996,3.1938143915348904
10176.904490709305,3.5999999999999996,3.3543869722844253,3.5999999999999996,3.2413614156668733
10176.954515695572,3.5999999999999996,3.2852544523106006,3.5999999999999996,3.3033490882930288
10177.00459575653,3.5999999999999996,3.190510177737212,3.5999999999999996,3.35204936647238
10177.054535388947,3.5999999999999996,3.236903757140303,3.5999999999999996,3.3801931151765165
10177.104520082474,3.5999999999999996,3.4020473326272715,3.5999999999999996,3.391941113794479
10177.15452170372,3.5999999999999996,3.469787784756194,3.5999999999999996,3.3684697879044885
10177.2044942379,3.5999999999999996,3.5126772791174545,3.5999999999999996,3.3668764471777206
10177.254514217377,3.5999999999999996,3.47198122274974,3.5999999999999996,3.3768015875733344
10177.304504871368,3.5999999999999996,3.3588060719922743,3.5999999999999996,3.3215990510338465
10177.354509353638,3.5999999999999996,3.3537605394813754,3.5999999999999996,3.3155963687154006
10177.404823541641,3.5999999999999996,3.3234509297571186,3.5999999999999996,3.2939830112952837
10177.454727172852,3.5999999999999996,3.2796959281573868,3.5999999999999996,3.335722437685687
10177.504540205002,3.5999999999999996,3.246589019320375,3.5999999999999996,3.377906090445265
10177.554711341858,3.5999999999999996,3.29584189215492,3.5999999999999996,3.3894497703648607
10177.604758262634,3.5999999999999996,3.286415390822378,3.5999999999999996,3.4244054085422873
10177.654513120651,3.5999999999999996,3.2515256211709094,3.5999999999999996,3.4192058918384074
10177.704774856567,3.5999999999999996,3.248767655094306,3.5999999999999996,3.3474851182999856
10177.754531383514,3.5999999999999996,3.344273078179325,3.5999999999999996,3.3823529205015275
10177.804611682892,3.5999999999999996,3.3574692396173353,3.5999999999999996,3.4025059266552082
10177.8545358181,3.5999999999999996,3.3400975127643164,3.5999999999999996,3.4069832798361093
10177.904535531998,3.5999999999999996,3.3500776884422,3.5999999999999996,3.372760175580477
10177.954588413239,3.5999999999999996,3.3643634675422485,3.5999999999999996,3.354212974855122
10178.00455212593,3.5999999999999996,3.410162843766958,3.5999999999999996,3.38478795476292
10178.054545879364,3.5999999999999996,3.470643252433473,3.5999999999999996,3.3868921367676297
10178.104547977448,3.5999999999999996,3.4375512207631354,3.5999999999999996,3.3412378800517764
10178.154537200928,3.5999999999999996,3.3806654216677217,3.5999999999999996,3.4095284619071404
10178.204535007477,3.5999999999999996,3.317648224896083,3.5999999999999996,3.4348476771642558
10178.254531383514,3.5999999999999996,3.3109244344946944,3.5999999999999996,3.385308829932086
10178.30459356308,3.5999999999999996,3.356780857026,3.5999999999999996,3.3246616105992812
10178.354509830475,3.5999999999999996,3.380249542062075,3.5999999999999996,3.344145797995062
10178.404492378235,3.5999999999999996,3.3742990744498913,3.5999999999999996,3.337044348303873
10178.454793453217,3.5999999999999996,3.397953681435139,3.5999999999999996,3.3197282421533103
10178.504782915115,3.5999999999999996,3.4648423238823236,3.5999999999999996,3.370357980773825
10178.554542064667,3.5999999999999996,3.489203054102519,3.5999999999999996,3.4236923946545046
10178.604737997055,3.5999999999999996,3.4856529230090114,3.5999999999999996,3.4374290976621693
10178.654722690582,3.5999999999999996,3.452474946768718,3.5999999999999996,3.3659006741177318
10178.70450425148,3.5999999999999996,3.48781370460688,3.5999999999999996,3.309815320486949
10178.754696369171,3.5999999999999996,3.53148657562625,3.5999999999999996,3.2994270490819666
10178.804735422134,3.5999999999999996,3.5577075522504744,3.5999999999999996,3.2772073042588636
10178.854528665543,3.5999999999999996,3.51101083903417,3.5999999999999996,3.287688163239856
10178.904712200165,3.5999999999999996,3.4348499703964173,3.5999999999999996,3.2643037369200347
10178.954743623734,3.5999999999999996,3.3503546117029392,3.5999999999999996,3.2229466723328386
10179.004516601562,3.5999999999999996,3.3558896659780624,3.5999999999999996,3.234085004742477
10179.05449271202,3.5999999999999996,3.442425422826846,3.5999999999999996,3.3253904111519788
10179.104487657547,3.5999999999999996,3.4240559719655894,3.5999999999999996,3.3465739701033357
10179.154493570328,3.5999999999999996,3.456270359912752,3.5999999999999996,3.354341305127187
10179.204512357712,3.5999999999999996,3.47863123146613,3.5999999999999996,3.3229252398365494
10179.254764080048,3.5999999999999996,3.4396683597371083,3.5999999999999996,3.352777963889375
10179.304453134537,3.5999999999999996,3.4850777759435836,3.5999999999999996,3.417823461301765
10179.354505777359,3.5999999999999996,3.4446880850042048,3.5999999999999996,3.4888162891499706
10179.404512405396,3.5999999999999996,3.440757467320272,3.5999999999999996,3.532315986182243
10179.454533100128,3.5999999999999996,3.4274387862577584,3.5999999999999996,3.483209415731174
10179.504882097244,3.5999999999999996,3.4380814351902442,3.5999999999999996,3.4081827131953273
10179.554555654526,3.5999999999999996,3.3484417576169747,3.5999999999999996,3.435702376176587
10179.604538440704,3.5999999999999996,3.3013860122648158,3.5999999999999996,3.5080750748907343
10179.654750585556,3.5999999999999996,3.335869922743581,3.5999999999999996,3.5116231143019734
10179.70560503006,3.5999999999999996,3.3594793133162293,3.5999999999999996,3.496241692288237
10179.754623889923,3.5999999999999996,3.342642418821675,3.5999999999999996,3.475866867393321
10179.80467414856,3.5999999999999996,3.411197244744309,3.5999999999999996,3.4536943411672354
10179.854743719101,3.5999999999999996,3.505725824697307,3.5999999999999996,3.4395522871915425
10179.904581546783,3.5999999999999996,3.5781087078559963,3.5999999999999996,3.4394962811221097
10179.95484161377,3.5999999999999996,3.6073181723800385,3.5999999999999996,3.3712676915079145
10180.004749059677,3.5999999999999996,3.5085696159093525,3.5999999999999996,3.3067123133855985
10180.054530620575,3.5999999999999996,3.1644851414545396,3.5999999999999996,3.3200038160890792
10180.104766607285,3.5999999999999996,2.8648141353672987,3.5999999999999996,3.1267050511602323
10180.154699325562,3.5999999999999996,2.6905653904442635,3.5999999999999996,2.9427560093509113
10180.204541683197,3.5999999999999996,2.5305615960561507,3.5999999999999996,2.884515578359614
10180.254812002182,3.5999999999999996,2.7600691663862444,3.5999999999999996,3.0467951207674444
10180.304559469223,3.5999999999999996,2.9958344393125005,3.5999999999999996,3.352150923346885
10180.354818820953,3.5999999999999996,3.2418337378436624,3.5999999999999996,3.597437956214693
10180.404723644257,0.0,3.4237573998046265,0.0,3.623445174079208
10180.45456957817,0.0,3.396466543324197,0.0,3.5525107220343597
10180.504698038101,0.0,3.36843684318507,0.0,3.509583272667637
10180.554821014404,0.0,0.6990128367008205,0.0,0.8987288595005796
10180.60481262207,0.0,-0.8365608212162936,0.0,-0.5840875224793581
10180.65485405922,0.0,-1.2876166447452264,0.0,-1.109522258634256
10180.704739570618,0.0,-0.753007744054254,0.0,-0.7425124211531473
10180.754520893097,0.0,-0.015737991678806323,0.0,-0.15390717733221979
10180.804683685303,0.0,0.35569208700129074,0.0,0.10858868808155872
10180.855278730392,0.0,0.2589768459838701,0.0,0.04653991110839468
10180.904722213745,0.0,0.16261739524853663,0.0,0.020692659006822236
10180.954502344131,0.0,-0.015377565797618273,0.0,-0.004166615350970701
10181.004811763763,0.0,-0.061058219252540145,0.0,-0.0025631851517048283
10181.054488658905,0.0,-0.02631973152584319,0.0,-0.0009227466546137381
10182.004738092422,0.19991111755371094,-9.773024095431715e-11,0.19991111755371094,-3.4263363517459594e-12
10182.05451965332,0.39903736114501953,-3.518288674355417e-11,0.39903736114501953,-1.2334810866285452e-12
10182.104813098907,0.6002111434936523,0.05117526649162188,0.6002111434936523,0.044778358935865764
10182.154736280441,0.7999038696289062,0.16930482982829223,0.7999038696289062,0.12388679206344665
10182.204713582993,0.0,0.563983020971564,0.0,0.39277790603155105
10182.254838466644,0.2004995346069336,0.7521344200815013,0.2004995346069336,0.5824064634458335
10182.304707050323,0.39997386932373047,0.5034015861527414,0.39997386932373047,0.3829494013386766
10182.354716300964,0.600010871887207,0.10157327860151377,0.600010871887207,0.08285043456546544
10182.40474486351,0.0,0.07968627649982446,0.0,0.081262033379288
10182.454929351807,0.0,0.274229426044606,0.0,0.21866049809320381
10182.504750013351,0.0,0.4320953004708188,0.0,0.3192097690288044
10182.554789543152,0.0,0.14172207833731812,0.0,0.052815749452720495
10182.604634284973,0.0,-0.044019834471685976,0.0,-0.044346184418364624
10182.654751300812,0.0,-0.11285352230892537,0.0,-0.06845841692773018
10182.704587459564,0.0,-0.07005304612216696,0.0,-0.024645030093982865
10182.754752874374,0.0,-0.02521909660398011,0.0,-0.00887221083383383
10217.354521274567,0.0,-0.022537513077259062,0.0,-4.567803770148572e-06
10217.404839992523,0.0,-0.05570852583646774,0.0,-1.6444093572534859e-06
10217.454521894455,0.0,-0.07993013319730757,0.0,-5.919873686112549e-07
10217.504769325256,0.0,-0.06851875629673003,0.0,-2.1311545270005175e-07
10217.554550647736,0.0,-0.05434181352251624,0.0,-7.672156297201863e-08
10217.604744434357,0.0,-0.049711959873892736,0.0,-2.7619762669926705e-08
10217.654592037201,0.0,-0.02839506358751936,0.0,-9.943114561173613e-09
10217.704770803452,0.0,-0.018899768081364454,0.0,-3.5795212420225002e-09
10217.904723405838,0.0,-0.0430231048905166,0.0,-0.01094077885539591
10217.954742193222,0.0,-0.05749378825684262,0.0,0.0013555140173956183
10218.004698753357,0.0,-0.08864711905220482,0.0,0.0094799693414896
10218.054755926132,0.0,-0.07626486099254846,0.0,0.003412788962936256
10218.104744434357,0.0,-0.05023390600618753,0.0,-0.006002683631557517
10218.154797554016,0.0,-0.01808420616222751,0.0,-0.012786941313855039
10218.354714632034,0.0,-0.01360931391524212,0.0,-0.0007399302328306453
10218.404752969742,0.0,-0.013576898199344644,0.0,-0.0002663748838190323
10218.454505681992,0.0,-0.02397909978623926,0.0,-5.753697490491097e-05
10218.504831075668,0.0,-0.04587360728834536,0.0,-2.071331096576795e-05
10218.554751873016,0.0,-0.08636874082942414,0.0,-7.456791947676461e-06
10218.604502916336,0.0,-0.10712457462522842,0.0,-2.6844451011635257e-06
10218.654660463333,0.0,-0.11371461009159131,0.0,-9.664002364188692e-07
10218.704510211945,0.0,-0.09343104704084794,0.0,-3.479040851107929e-07
10218.754453897476,0.0,-0.06501508844966059,0.0,-7.514728238393124e-08
10218.804517269135,0.0,-0.06071887675431143,0.0,-2.705302165821525e-08
10218.854555606842,0.0,-0.052322724956894294,0.0,-9.739087796957488e-09
10218.904851198196,0.0,-0.04585621029056571,0.0,0.007231281814761891
10218.954530000687,0.0,-0.014340130938114443,0.0,0.01145584160530785
10219.354828596115,0.0,0.014455832802185183,0.0,-0.016092362438922633
10219.404922246933,0.0,0.04152663138190171,0.0,-0.014624847398223152
10219.45469045639,0.0,0.03647753746514056,0.0,-0.005264945063360334
10219.5047082901,0.0,0.053305733148591036,0.0,-0.0018953802228097202
10219.554510831833,0.0,0.04704391234612571,0.0,-0.017341080351118712
10219.604704141617,0.0,0.016935808444605256,0.0,-0.0438990484631459
10226.10471868515,0.19998836517333984,9.88985183622967e-62,0.19998836517333984,-5.673012719987832e-56
10226.204738616943,0.0,0.1238441437482834,0.0,0.07343650579452515
10226.254776000977,0.0,0.06306384828686715,0.0,0.019366549518704416
10226.304769039154,0.0,0.022702985383272173,0.0,-0.0004200246988534922
